#Copyright © 2017-2020 Symphony. All rights reserved.
Date                                        : 07:Feb:2023 08:12:13.631 [dd:MMM:yyyy HH:mm:ss.fff]
OS                                          : Windows 7 64-bit
.Net Version                                : 4.0.30319.42000
TimeZone                                    : India Standard Time
Log Types                                   : Info, Warning, Error, Exception
Log File Max Size                           : 20
Log DateTime Format                         : LocalTime
Product Name                                : XTS.TickDataServer
Product Version                             : 1.0.1.1
Product FileVersion                         : 1.0.3.4306
Product Internal Name                       : XTS
Release Branch Info                         : SFT/Internal-Release/157_32930
Product Base Revision                       : 11295
Base Release Date                           : 18-Mar-2019
Patch Number                                : 157
Product Last Incremental Patch Info         : 157.D41
Patch Revision                              : 34306
Patch Release Date                          : 01-Feb-2023
TWS Compatible Gateway Minimum Version      : 34094
----------------------------------------------------------------------------------------------------
07:Feb:2023 08:12:13.635  Info            Default File Logger Provider initialized.
07:Feb:2023 08:12:13.637  Info            Initializing EMB Service. EMB Settings Info : 192.168.203.109:6381:0:Common@6381
07:Feb:2023 08:12:13.830  Info            EMBService - [TickDataServer_Subscribe_192.168.203.109_6381_Common@6381_0] : Connected At 08:12:13:828
07:Feb:2023 08:12:13.833  Info            EMBService - [TickDataServer_Publish_192.168.203.109_6381_Common@6381_0] : Connected At 08:12:13:833
07:Feb:2023 08:12:13.835  Info            EMBService - [TickDataServer_Cache_192.168.203.109_6381_Common@6381_0] : Connected At 08:12:13:835
07:Feb:2023 08:12:13.835  Info            EMB Service Initialized Successfully.
07:Feb:2023 08:12:13.887  Info            XTS Service [MarketFeedServer] is started on Redis [192.168.203.109:6381]
07:Feb:2023 08:12:13.888  Warning         XTS Service [MarketFeedServer] is not booted Successfully on Redis [192.168.203.109:6381]
07:Feb:2023 08:12:13.888  Info            Waiting For XTS Service [MarketFeedServer] Booted State.
07:Feb:2023 08:20:35.405  Info            XTS Service [MarketFeedServer] is booted successfully on Redis [192.168.203.109:6381]
07:Feb:2023 08:20:35.413  Info            Initializing Instrument Manager Proxy...
07:Feb:2023 08:20:36.105  Info            Instruments [8343] For Segment [NSECM] Loaded From File [\\192.168.203.101\SharedDrive\InstrumentMaster\Master_NSECM.bin] Successfully.
07:Feb:2023 08:20:43.397  Info            Instruments [100214] For Segment [NSEFO] Loaded From File [\\192.168.203.101\SharedDrive\InstrumentMaster\Master_NSEFO.bin] Successfully.
07:Feb:2023 08:20:44.333  Info            Instruments [12049] For Segment [NSECD] Loaded From File [\\192.168.203.101\SharedDrive\InstrumentMaster\Master_NSECD.bin] Successfully.
07:Feb:2023 08:20:44.341  Info            Instruments [28] For Segment [NSECO] Loaded From File [\\192.168.203.101\SharedDrive\InstrumentMaster\Master_NSECO.bin] Successfully.
07:Feb:2023 08:20:45.288  Info            Instruments [18158] For Segment [BSECM] Loaded From File [\\192.168.203.101\SharedDrive\InstrumentMaster\Master_BSECM.bin] Successfully.
07:Feb:2023 08:20:45.841  Info            Instruments [6256] For Segment [MCXFO] Loaded From File [\\192.168.203.101\SharedDrive\InstrumentMaster\Master_MCXFO.bin] Successfully.
07:Feb:2023 08:20:46.033  Info            Instruments [3271] For Segment [NCDEX] Loaded From File [\\192.168.203.101\SharedDrive\InstrumentMaster\Master_NCDEX.bin] Successfully.
07:Feb:2023 08:20:57.371  Info            Instruments [186530] For Segment [BSEFO] Loaded From File [\\192.168.203.101\SharedDrive\InstrumentMaster\Master_BSEFO.bin] Successfully.
07:Feb:2023 08:20:57.729  Info            Instruments [5400] For Segment [BSECD] Loaded From File [\\192.168.203.101\SharedDrive\InstrumentMaster\Master_BSECD.bin] Successfully.
07:Feb:2023 08:20:59.500  Info            Instruments [19880] For Segment [SLBM] Loaded From File [\\192.168.203.101\SharedDrive\InstrumentMaster\Master_SLBM.bin] Successfully.
07:Feb:2023 08:20:59.503  Info            Updating Changed Instruments For NSECM From EMB...
07:Feb:2023 08:20:59.507  Info            Instruments For NSECM Loaded Successfully From EMB.
07:Feb:2023 08:20:59.508  Info            Updating Changed Instruments For NSEFO From EMB...
07:Feb:2023 08:20:59.593  Info            Instruments For NSEFO Loaded Successfully From EMB.
07:Feb:2023 08:20:59.594  Info            Updating Changed Instruments For NSECD From EMB...
07:Feb:2023 08:20:59.595  Info            Instruments For NSECD Loaded Successfully From EMB.
07:Feb:2023 08:20:59.595  Info            Updating Changed Instruments For NSECO From EMB...
07:Feb:2023 08:20:59.597  Info            Instruments For NSECO Loaded Successfully From EMB.
07:Feb:2023 08:20:59.597  Info            Updating Changed Instruments For BSECM From EMB...
07:Feb:2023 08:20:59.599  Info            Instruments For BSECM Loaded Successfully From EMB.
07:Feb:2023 08:20:59.599  Info            Updating Changed Instruments For MCXFO From EMB...
07:Feb:2023 08:20:59.602  Info            Instruments For MCXFO Loaded Successfully From EMB.
07:Feb:2023 08:20:59.602  Info            Updating Changed Instruments For NCDEX From EMB...
07:Feb:2023 08:20:59.604  Info            Instruments For NCDEX Loaded Successfully From EMB.
07:Feb:2023 08:20:59.604  Info            Updating Changed Instruments For BSEFO From EMB...
07:Feb:2023 08:20:59.605  Info            Instruments For BSEFO Loaded Successfully From EMB.
07:Feb:2023 08:20:59.605  Info            Updating Changed Instruments For BSECD From EMB...
07:Feb:2023 08:20:59.609  Info            Instruments For BSECD Loaded Successfully From EMB.
07:Feb:2023 08:20:59.609  Info            Updating Changed Instruments For SLBM From EMB...
07:Feb:2023 08:20:59.610  Info            Instruments For SLBM Loaded Successfully From EMB.
07:Feb:2023 08:20:59.611  Info            Instrument Manager initialized.
07:Feb:2023 08:21:00.360  Info            Database connection Initialized Successfully.
07:Feb:2023 08:21:00.479  Info            Receiver Initialized Successfully for [NSECM]. Receiver Settings : [IntefaceIP:192.168.203.101, MulticastIP:231.31.203.102, Port:19011]
07:Feb:2023 08:21:00.480  Info            Supplied Exchange Feed Info Element [NSECM] loaded Successfully.
07:Feb:2023 08:21:00.480  Info            Receiver Initialized Successfully for [NSEFO]. Receiver Settings : [IntefaceIP:192.168.203.101, MulticastIP:231.31.203.102, Port:19012]
07:Feb:2023 08:21:00.480  Info            Supplied Exchange Feed Info Element [NSEFO] loaded Successfully.
07:Feb:2023 08:21:00.481  Info            Receiver Initialized Successfully for [NSECD]. Receiver Settings : [IntefaceIP:192.168.203.101, MulticastIP:231.31.203.102, Port:19013]
07:Feb:2023 08:21:00.481  Info            Supplied Exchange Feed Info Element [NSECD] loaded Successfully.
07:Feb:2023 08:21:00.482  Info            Receiver Initialized Successfully for [NSECO]. Receiver Settings : [IntefaceIP:192.168.203.101, MulticastIP:231.31.203.102, Port:19014]
07:Feb:2023 08:21:00.482  Info            Supplied Exchange Feed Info Element [NSECO] loaded Successfully.
07:Feb:2023 08:21:00.482  Info            Receiver Initialized Successfully for [BSECM]. Receiver Settings : [IntefaceIP:192.168.203.101, MulticastIP:231.31.203.102, Port:19021]
07:Feb:2023 08:21:00.482  Info            Supplied Exchange Feed Info Element [BSECM] loaded Successfully.
07:Feb:2023 08:21:00.483  Info            Receiver Initialized Successfully for [BSEFO]. Receiver Settings : [IntefaceIP:192.168.203.101, MulticastIP:231.31.203.102, Port:19022]
07:Feb:2023 08:21:00.483  Info            Supplied Exchange Feed Info Element [BSEFO] loaded Successfully.
07:Feb:2023 08:21:00.483  Info            Receiver Initialized Successfully for [MCXFO]. Receiver Settings : [IntefaceIP:192.168.203.101, MulticastIP:231.31.203.102, Port:19041]
07:Feb:2023 08:21:00.483  Info            Supplied Exchange Feed Info Element [MCXFO] loaded Successfully.
07:Feb:2023 08:21:00.484  Info            Receiver Initialized Successfully for [BSECD]. Receiver Settings : [IntefaceIP:192.168.203.101, MulticastIP:231.31.31.4, Port:19023]
07:Feb:2023 08:21:00.484  Info            Supplied Exchange Feed Info Element [BSECD] loaded Successfully.
07:Feb:2023 08:21:00.484  Info            Receiver Initialized Successfully for [SLBM]. Receiver Settings : [IntefaceIP:192.168.203.101, MulticastIP:231.31.31.5, Port:19015]
07:Feb:2023 08:21:00.484  Info            Supplied Exchange Feed Info Element [SLBM] loaded Successfully.
07:Feb:2023 08:21:00.485  Info            Receiver Initialized Successfully for [NCDEX]. Receiver Settings : [IntefaceIP:192.168.203.101, MulticastIP:231.31.203.102, Port:19031]
07:Feb:2023 08:21:00.485  Info            Supplied Exchange Feed Info Element [NCDEX] loaded Successfully.
07:Feb:2023 08:21:00.489  Info            All Initialization done successfully.
07:Feb:2023 08:21:00.491  Info            Multicast Receiver Started. ReceiverID:NSECM
07:Feb:2023 08:21:00.777  Info            Multicast Market Data Processing Started for Multicast Receiver ID : NSECM
07:Feb:2023 08:21:01.490  Info            Receiver [NSECM] Started.
07:Feb:2023 08:21:01.501  Info            Multicast Receiver Started. ReceiverID:NSEFO
07:Feb:2023 08:21:01.501  Info            Multicast Market Data Processing Started for Multicast Receiver ID : NSEFO
07:Feb:2023 08:21:02.502  Info            Receiver [NSEFO] Started.
07:Feb:2023 08:21:02.657  Info            Multicast Receiver Started. ReceiverID:NSECD
07:Feb:2023 08:21:03.514  Info            Receiver [NSECD] Started.
07:Feb:2023 08:21:03.664  Info            Multicast Market Data Processing Started for Multicast Receiver ID : NSECD
07:Feb:2023 08:21:03.664  Info            Multicast Receiver Started. ReceiverID:NSECO
07:Feb:2023 08:21:04.526  Info            Receiver [NSECO] Started.
07:Feb:2023 08:21:04.657  Info            Multicast Receiver Started. ReceiverID:SLBM
07:Feb:2023 08:21:05.538  Info            Receiver [SLBM] Started.
07:Feb:2023 08:21:06.658  Info            Multicast Receiver Started. ReceiverID:BSECM
07:Feb:2023 08:21:07.550  Info            Receiver [BSECM] Started.
07:Feb:2023 08:21:07.658  Info            Multicast Receiver Started. ReceiverID:BSEFO
07:Feb:2023 08:21:08.562  Info            Receiver [BSEFO] Started.
07:Feb:2023 08:21:08.657  Info            Multicast Receiver Started. ReceiverID:BSECD
07:Feb:2023 08:21:08.658  Info            Multicast Market Data Processing Started for Multicast Receiver ID : BSECM
07:Feb:2023 08:21:08.673  Info            Multicast Market Data Processing Started for Multicast Receiver ID : BSECD
07:Feb:2023 08:21:09.574  Info            Receiver [BSECD] Started.
07:Feb:2023 08:21:09.585  Info            Multicast Receiver Started. ReceiverID:MCXFO
07:Feb:2023 08:21:10.586  Info            Receiver [MCXFO] Started.
07:Feb:2023 08:21:10.597  Info            Multicast Receiver Started. ReceiverID:NCDEX
07:Feb:2023 08:21:11.598  Info            Receiver [NCDEX] Started.
07:Feb:2023 08:21:11.710  Info            RestServer [LiveServiceManager] State Changed. Current State :Opening
07:Feb:2023 08:21:11.728  Info            RestServer [LiveServiceManager] State Changed. Current State :Opened
07:Feb:2023 08:21:11.728  Info            Gateway Rest Service Started. URI : http://192.168.203.101:8000/TickData/
07:Feb:2023 08:21:11.740  Info            Tick Data Server service is ready!
07:Feb:2023 08:26:44.154  Info            Multicast Market Data Processing Started for Multicast Receiver ID : BSEFO
07:Feb:2023 08:50:05.466  Info            Multicast Market Data Processing Started for Multicast Receiver ID : MCXFO
07:Feb:2023 09:16:02.279  Info            One Minute Candle update called
07:Feb:2023 09:16:02.284  Info            One Minute Candle scrips count: 0
07:Feb:2023 09:16:02.284  Info            One Minute Candle scrips count: 0
07:Feb:2023 09:16:02.284  Info            One Minute Candle scrips count: 0
07:Feb:2023 09:16:02.284  Info            One Minute Candle scrips count: 0
07:Feb:2023 09:16:02.284  Info            One Minute Candle scrips count: 0
07:Feb:2023 09:16:02.284  Info            One Minute Candle scrips count: 0
07:Feb:2023 09:16:02.284  Info            One Minute Candle scrips count: 0
07:Feb:2023 09:16:02.284  Info            One Minute Candle scrips count: 0
07:Feb:2023 09:16:02.284  Info            One Minute Candle scrips count: 0
07:Feb:2023 09:16:02.284  Info            One Minute Candle scrips count: 0
07:Feb:2023 09:17:01.560  Info            One Minute Candle update called
07:Feb:2023 09:17:01.560  Info            One Minute Candle scrips count: 0
07:Feb:2023 09:17:01.560  Info            One Minute Candle scrips count: 0
07:Feb:2023 09:17:01.560  Info            One Minute Candle scrips count: 0
07:Feb:2023 09:17:01.560  Info            One Minute Candle scrips count: 0
07:Feb:2023 09:17:01.560  Info            One Minute Candle scrips count: 0
07:Feb:2023 09:17:01.560  Info            One Minute Candle scrips count: 0
07:Feb:2023 09:17:01.560  Info            One Minute Candle scrips count: 0
07:Feb:2023 09:17:01.560  Info            One Minute Candle scrips count: 0
07:Feb:2023 09:17:01.560  Info            One Minute Candle scrips count: 0
07:Feb:2023 09:17:01.560  Info            One Minute Candle scrips count: 0
07:Feb:2023 09:18:01.996  Info            One Minute Candle update called
07:Feb:2023 09:18:01.996  Info            One Minute Candle scrips count: 0
07:Feb:2023 09:18:01.996  Info            One Minute Candle scrips count: 0
07:Feb:2023 09:18:01.996  Info            One Minute Candle scrips count: 0
07:Feb:2023 09:18:01.996  Info            One Minute Candle scrips count: 0
07:Feb:2023 09:18:01.996  Info            One Minute Candle scrips count: 0
07:Feb:2023 09:18:01.996  Info            One Minute Candle scrips count: 0
07:Feb:2023 09:18:01.996  Info            One Minute Candle scrips count: 0
07:Feb:2023 09:18:01.996  Info            One Minute Candle scrips count: 0
07:Feb:2023 09:18:01.996  Info            One Minute Candle scrips count: 0
07:Feb:2023 09:18:01.996  Info            One Minute Candle scrips count: 0
07:Feb:2023 09:19:02.216  Info            One Minute Candle update called
07:Feb:2023 09:19:02.216  Info            One Minute Candle scrips count: 0
07:Feb:2023 09:19:02.216  Info            One Minute Candle scrips count: 0
07:Feb:2023 09:19:02.216  Info            One Minute Candle scrips count: 0
07:Feb:2023 09:19:02.216  Info            One Minute Candle scrips count: 0
07:Feb:2023 09:19:02.216  Info            One Minute Candle scrips count: 0
07:Feb:2023 09:19:02.216  Info            One Minute Candle scrips count: 0
07:Feb:2023 09:19:02.216  Info            One Minute Candle scrips count: 0
07:Feb:2023 09:19:02.216  Info            One Minute Candle scrips count: 0
07:Feb:2023 09:19:02.216  Info            One Minute Candle scrips count: 0
07:Feb:2023 09:19:02.216  Info            One Minute Candle scrips count: 0
07:Feb:2023 09:20:01.534  Info            One Minute Candle update called
07:Feb:2023 09:20:01.534  Info            One Minute Candle scrips count: 0
07:Feb:2023 09:20:01.534  Info            One Minute Candle scrips count: 0
07:Feb:2023 09:20:01.534  Info            One Minute Candle scrips count: 0
07:Feb:2023 09:20:01.534  Info            One Minute Candle scrips count: 0
07:Feb:2023 09:20:01.534  Info            One Minute Candle scrips count: 0
07:Feb:2023 09:20:01.534  Info            One Minute Candle scrips count: 0
07:Feb:2023 09:20:01.534  Info            One Minute Candle scrips count: 0
07:Feb:2023 09:20:01.534  Info            One Minute Candle scrips count: 0
07:Feb:2023 09:20:01.534  Info            One Minute Candle scrips count: 0
07:Feb:2023 09:20:01.534  Info            One Minute Candle scrips count: 0
07:Feb:2023 09:21:01.888  Info            One Minute Candle update called
07:Feb:2023 09:21:01.888  Info            One Minute Candle scrips count: 0
07:Feb:2023 09:21:01.888  Info            One Minute Candle scrips count: 0
07:Feb:2023 09:21:01.888  Info            One Minute Candle scrips count: 0
07:Feb:2023 09:21:01.888  Info            One Minute Candle scrips count: 0
07:Feb:2023 09:21:01.888  Info            One Minute Candle scrips count: 0
07:Feb:2023 09:21:01.888  Info            One Minute Candle scrips count: 0
07:Feb:2023 09:21:01.888  Info            One Minute Candle scrips count: 0
07:Feb:2023 09:21:01.888  Info            One Minute Candle scrips count: 0
07:Feb:2023 09:21:01.888  Info            One Minute Candle scrips count: 0
07:Feb:2023 09:21:01.888  Info            One Minute Candle scrips count: 0
07:Feb:2023 09:22:02.294  Info            One Minute Candle update called
07:Feb:2023 09:22:02.294  Info            One Minute Candle scrips count: 0
07:Feb:2023 09:22:02.294  Info            One Minute Candle scrips count: 0
07:Feb:2023 09:22:02.294  Info            One Minute Candle scrips count: 0
07:Feb:2023 09:22:02.294  Info            One Minute Candle scrips count: 0
07:Feb:2023 09:22:02.294  Info            One Minute Candle scrips count: 0
07:Feb:2023 09:22:02.294  Info            One Minute Candle scrips count: 0
07:Feb:2023 09:22:02.294  Info            One Minute Candle scrips count: 0
07:Feb:2023 09:22:02.294  Info            One Minute Candle scrips count: 0
07:Feb:2023 09:22:02.294  Info            One Minute Candle scrips count: 0
07:Feb:2023 09:22:02.294  Info            One Minute Candle scrips count: 0
07:Feb:2023 09:23:01.560  Info            One Minute Candle update called
07:Feb:2023 09:23:01.560  Info            One Minute Candle scrips count: 0
07:Feb:2023 09:23:01.560  Info            One Minute Candle scrips count: 0
07:Feb:2023 09:23:01.560  Info            One Minute Candle scrips count: 0
07:Feb:2023 09:23:01.560  Info            One Minute Candle scrips count: 0
07:Feb:2023 09:23:01.560  Info            One Minute Candle scrips count: 0
07:Feb:2023 09:23:01.560  Info            One Minute Candle scrips count: 0
07:Feb:2023 09:23:01.560  Info            One Minute Candle scrips count: 0
07:Feb:2023 09:23:01.560  Info            One Minute Candle scrips count: 0
07:Feb:2023 09:23:01.560  Info            One Minute Candle scrips count: 0
07:Feb:2023 09:23:01.560  Info            One Minute Candle scrips count: 0
07:Feb:2023 09:24:01.904  Info            One Minute Candle update called
07:Feb:2023 09:24:01.904  Info            One Minute Candle scrips count: 0
07:Feb:2023 09:24:01.904  Info            One Minute Candle scrips count: 0
07:Feb:2023 09:24:01.904  Info            One Minute Candle scrips count: 0
07:Feb:2023 09:24:01.904  Info            One Minute Candle scrips count: 0
07:Feb:2023 09:24:01.904  Info            One Minute Candle scrips count: 0
07:Feb:2023 09:24:01.904  Info            One Minute Candle scrips count: 0
07:Feb:2023 09:24:01.904  Info            One Minute Candle scrips count: 0
07:Feb:2023 09:24:01.904  Info            One Minute Candle scrips count: 0
07:Feb:2023 09:24:01.904  Info            One Minute Candle scrips count: 0
07:Feb:2023 09:24:01.904  Info            One Minute Candle scrips count: 0
07:Feb:2023 09:25:02.184  Info            One Minute Candle update called
07:Feb:2023 09:25:02.184  Info            One Minute Candle scrips count: 0
07:Feb:2023 09:25:02.184  Info            One Minute Candle scrips count: 0
07:Feb:2023 09:25:02.184  Info            One Minute Candle scrips count: 0
07:Feb:2023 09:25:02.184  Info            One Minute Candle scrips count: 0
07:Feb:2023 09:25:02.184  Info            One Minute Candle scrips count: 0
07:Feb:2023 09:25:02.184  Info            One Minute Candle scrips count: 0
07:Feb:2023 09:25:02.184  Info            One Minute Candle scrips count: 0
07:Feb:2023 09:25:02.184  Info            One Minute Candle scrips count: 0
07:Feb:2023 09:25:02.184  Info            One Minute Candle scrips count: 0
07:Feb:2023 09:25:02.184  Info            One Minute Candle scrips count: 0
07:Feb:2023 09:26:01.559  Info            One Minute Candle update called
07:Feb:2023 09:26:01.559  Info            One Minute Candle scrips count: 0
07:Feb:2023 09:26:01.559  Info            One Minute Candle scrips count: 0
07:Feb:2023 09:26:01.559  Info            One Minute Candle scrips count: 0
07:Feb:2023 09:26:01.559  Info            One Minute Candle scrips count: 0
07:Feb:2023 09:26:01.559  Info            One Minute Candle scrips count: 0
07:Feb:2023 09:26:01.559  Info            One Minute Candle scrips count: 0
07:Feb:2023 09:26:01.559  Info            One Minute Candle scrips count: 0
07:Feb:2023 09:26:01.559  Info            One Minute Candle scrips count: 0
07:Feb:2023 09:26:01.559  Info            One Minute Candle scrips count: 0
07:Feb:2023 09:26:01.559  Info            One Minute Candle scrips count: 0
07:Feb:2023 09:27:01.872  Info            One Minute Candle update called
07:Feb:2023 09:27:01.872  Info            One Minute Candle scrips count: 0
07:Feb:2023 09:27:01.872  Info            One Minute Candle scrips count: 0
07:Feb:2023 09:27:01.872  Info            One Minute Candle scrips count: 0
07:Feb:2023 09:27:01.872  Info            One Minute Candle scrips count: 0
07:Feb:2023 09:27:01.872  Info            One Minute Candle scrips count: 0
07:Feb:2023 09:27:01.872  Info            One Minute Candle scrips count: 0
07:Feb:2023 09:27:01.872  Info            One Minute Candle scrips count: 0
07:Feb:2023 09:27:01.872  Info            One Minute Candle scrips count: 0
07:Feb:2023 09:27:01.872  Info            One Minute Candle scrips count: 0
07:Feb:2023 09:27:01.872  Info            One Minute Candle scrips count: 0
07:Feb:2023 09:28:02.153  Info            One Minute Candle update called
07:Feb:2023 09:28:02.153  Info            One Minute Candle scrips count: 0
07:Feb:2023 09:28:02.153  Info            One Minute Candle scrips count: 0
07:Feb:2023 09:28:02.153  Info            One Minute Candle scrips count: 0
07:Feb:2023 09:28:02.153  Info            One Minute Candle scrips count: 0
07:Feb:2023 09:28:02.153  Info            One Minute Candle scrips count: 0
07:Feb:2023 09:28:02.153  Info            One Minute Candle scrips count: 0
07:Feb:2023 09:28:02.153  Info            One Minute Candle scrips count: 0
07:Feb:2023 09:28:02.153  Info            One Minute Candle scrips count: 0
07:Feb:2023 09:28:02.153  Info            One Minute Candle scrips count: 0
07:Feb:2023 09:28:02.153  Info            One Minute Candle scrips count: 0
07:Feb:2023 09:29:02.450  Info            One Minute Candle update called
07:Feb:2023 09:29:02.450  Info            One Minute Candle scrips count: 0
07:Feb:2023 09:29:02.450  Info            One Minute Candle scrips count: 0
07:Feb:2023 09:29:02.450  Info            One Minute Candle scrips count: 0
07:Feb:2023 09:29:02.450  Info            One Minute Candle scrips count: 0
07:Feb:2023 09:29:02.450  Info            One Minute Candle scrips count: 0
07:Feb:2023 09:29:02.450  Info            One Minute Candle scrips count: 0
07:Feb:2023 09:29:02.450  Info            One Minute Candle scrips count: 0
07:Feb:2023 09:29:02.450  Info            One Minute Candle scrips count: 0
07:Feb:2023 09:29:02.450  Info            One Minute Candle scrips count: 0
07:Feb:2023 09:29:02.450  Info            One Minute Candle scrips count: 0
07:Feb:2023 09:30:02.185  Info            One Minute Candle update called
07:Feb:2023 09:30:02.185  Info            One Minute Candle scrips count: 0
07:Feb:2023 09:30:02.185  Info            One Minute Candle scrips count: 0
07:Feb:2023 09:30:02.185  Info            One Minute Candle scrips count: 0
07:Feb:2023 09:30:02.185  Info            One Minute Candle scrips count: 0
07:Feb:2023 09:30:02.185  Info            One Minute Candle scrips count: 0
07:Feb:2023 09:30:02.185  Info            One Minute Candle scrips count: 0
07:Feb:2023 09:30:02.185  Info            One Minute Candle scrips count: 0
07:Feb:2023 09:30:02.185  Info            One Minute Candle scrips count: 0
07:Feb:2023 09:30:02.185  Info            One Minute Candle scrips count: 0
07:Feb:2023 09:30:02.185  Info            One Minute Candle scrips count: 0
07:Feb:2023 09:31:01.997  Info            One Minute Candle update called
07:Feb:2023 09:31:01.997  Info            One Minute Candle scrips count: 0
07:Feb:2023 09:31:01.997  Info            One Minute Candle scrips count: 0
07:Feb:2023 09:31:01.997  Info            One Minute Candle scrips count: 0
07:Feb:2023 09:31:01.997  Info            One Minute Candle scrips count: 0
07:Feb:2023 09:31:01.997  Info            One Minute Candle scrips count: 0
07:Feb:2023 09:31:01.997  Info            One Minute Candle scrips count: 0
07:Feb:2023 09:31:01.997  Info            One Minute Candle scrips count: 0
07:Feb:2023 09:31:01.997  Info            One Minute Candle scrips count: 0
07:Feb:2023 09:31:01.997  Info            One Minute Candle scrips count: 0
07:Feb:2023 09:31:01.997  Info            One Minute Candle scrips count: 0
07:Feb:2023 09:32:02.418  Info            One Minute Candle update called
07:Feb:2023 09:32:02.418  Info            One Minute Candle scrips count: 0
07:Feb:2023 09:32:02.418  Info            One Minute Candle scrips count: 0
07:Feb:2023 09:32:02.418  Info            One Minute Candle scrips count: 0
07:Feb:2023 09:32:02.418  Info            One Minute Candle scrips count: 0
07:Feb:2023 09:32:02.418  Info            One Minute Candle scrips count: 0
07:Feb:2023 09:32:02.418  Info            One Minute Candle scrips count: 0
07:Feb:2023 09:32:02.418  Info            One Minute Candle scrips count: 0
07:Feb:2023 09:32:02.418  Info            One Minute Candle scrips count: 0
07:Feb:2023 09:32:02.418  Info            One Minute Candle scrips count: 0
07:Feb:2023 09:32:02.418  Info            One Minute Candle scrips count: 0
07:Feb:2023 09:33:01.872  Info            One Minute Candle update called
07:Feb:2023 09:33:01.872  Info            One Minute Candle scrips count: 0
07:Feb:2023 09:33:01.872  Info            One Minute Candle scrips count: 0
07:Feb:2023 09:33:01.872  Info            One Minute Candle scrips count: 0
07:Feb:2023 09:33:01.872  Info            One Minute Candle scrips count: 0
07:Feb:2023 09:33:01.872  Info            One Minute Candle scrips count: 0
07:Feb:2023 09:33:01.872  Info            One Minute Candle scrips count: 0
07:Feb:2023 09:33:01.872  Info            One Minute Candle scrips count: 0
07:Feb:2023 09:33:01.872  Info            One Minute Candle scrips count: 0
07:Feb:2023 09:33:01.872  Info            One Minute Candle scrips count: 0
07:Feb:2023 09:33:01.872  Info            One Minute Candle scrips count: 0
07:Feb:2023 09:34:02.091  Info            One Minute Candle update called
07:Feb:2023 09:34:02.091  Info            One Minute Candle scrips count: 0
07:Feb:2023 09:34:02.091  Info            One Minute Candle scrips count: 0
07:Feb:2023 09:34:02.091  Info            One Minute Candle scrips count: 0
07:Feb:2023 09:34:02.091  Info            One Minute Candle scrips count: 0
07:Feb:2023 09:34:02.091  Info            One Minute Candle scrips count: 0
07:Feb:2023 09:34:02.091  Info            One Minute Candle scrips count: 0
07:Feb:2023 09:34:02.091  Info            One Minute Candle scrips count: 0
07:Feb:2023 09:34:02.091  Info            One Minute Candle scrips count: 0
07:Feb:2023 09:34:02.091  Info            One Minute Candle scrips count: 0
07:Feb:2023 09:34:02.091  Info            One Minute Candle scrips count: 0
07:Feb:2023 09:35:02.435  Info            One Minute Candle update called
07:Feb:2023 09:35:02.435  Info            One Minute Candle scrips count: 0
07:Feb:2023 09:35:02.435  Info            One Minute Candle scrips count: 0
07:Feb:2023 09:35:02.435  Info            One Minute Candle scrips count: 0
07:Feb:2023 09:35:02.435  Info            One Minute Candle scrips count: 0
07:Feb:2023 09:35:02.435  Info            One Minute Candle scrips count: 0
07:Feb:2023 09:35:02.435  Info            One Minute Candle scrips count: 0
07:Feb:2023 09:35:02.435  Info            One Minute Candle scrips count: 0
07:Feb:2023 09:35:02.435  Info            One Minute Candle scrips count: 0
07:Feb:2023 09:35:02.435  Info            One Minute Candle scrips count: 0
07:Feb:2023 09:35:02.435  Info            One Minute Candle scrips count: 0
07:Feb:2023 09:36:01.747  Info            One Minute Candle update called
07:Feb:2023 09:36:01.747  Info            One Minute Candle scrips count: 0
07:Feb:2023 09:36:01.747  Info            One Minute Candle scrips count: 0
07:Feb:2023 09:36:01.747  Info            One Minute Candle scrips count: 0
07:Feb:2023 09:36:01.747  Info            One Minute Candle scrips count: 0
07:Feb:2023 09:36:01.747  Info            One Minute Candle scrips count: 0
07:Feb:2023 09:36:01.747  Info            One Minute Candle scrips count: 0
07:Feb:2023 09:36:01.747  Info            One Minute Candle scrips count: 0
07:Feb:2023 09:36:01.747  Info            One Minute Candle scrips count: 0
07:Feb:2023 09:36:01.747  Info            One Minute Candle scrips count: 0
07:Feb:2023 09:36:01.747  Info            One Minute Candle scrips count: 0
07:Feb:2023 09:37:02.279  Info            One Minute Candle update called
07:Feb:2023 09:37:02.279  Info            One Minute Candle scrips count: 0
07:Feb:2023 09:37:02.279  Info            One Minute Candle scrips count: 0
07:Feb:2023 09:37:02.279  Info            One Minute Candle scrips count: 0
07:Feb:2023 09:37:02.279  Info            One Minute Candle scrips count: 0
07:Feb:2023 09:37:02.279  Info            One Minute Candle scrips count: 0
07:Feb:2023 09:37:02.279  Info            One Minute Candle scrips count: 0
07:Feb:2023 09:37:02.279  Info            One Minute Candle scrips count: 0
07:Feb:2023 09:37:02.279  Info            One Minute Candle scrips count: 0
07:Feb:2023 09:37:02.279  Info            One Minute Candle scrips count: 0
07:Feb:2023 09:37:02.279  Info            One Minute Candle scrips count: 0
07:Feb:2023 09:38:01.621  Info            One Minute Candle update called
07:Feb:2023 09:38:01.621  Info            One Minute Candle scrips count: 0
07:Feb:2023 09:38:01.621  Info            One Minute Candle scrips count: 0
07:Feb:2023 09:38:01.621  Info            One Minute Candle scrips count: 0
07:Feb:2023 09:38:01.621  Info            One Minute Candle scrips count: 0
07:Feb:2023 09:38:01.621  Info            One Minute Candle scrips count: 0
07:Feb:2023 09:38:01.621  Info            One Minute Candle scrips count: 0
07:Feb:2023 09:38:01.621  Info            One Minute Candle scrips count: 0
07:Feb:2023 09:38:01.621  Info            One Minute Candle scrips count: 0
07:Feb:2023 09:38:01.621  Info            One Minute Candle scrips count: 0
07:Feb:2023 09:38:01.621  Info            One Minute Candle scrips count: 0
07:Feb:2023 09:39:01.888  Info            One Minute Candle update called
07:Feb:2023 09:39:01.888  Info            One Minute Candle scrips count: 0
07:Feb:2023 09:39:01.888  Info            One Minute Candle scrips count: 0
07:Feb:2023 09:39:01.888  Info            One Minute Candle scrips count: 0
07:Feb:2023 09:39:01.888  Info            One Minute Candle scrips count: 0
07:Feb:2023 09:39:01.888  Info            One Minute Candle scrips count: 0
07:Feb:2023 09:39:01.888  Info            One Minute Candle scrips count: 0
07:Feb:2023 09:39:01.888  Info            One Minute Candle scrips count: 0
07:Feb:2023 09:39:01.888  Info            One Minute Candle scrips count: 0
07:Feb:2023 09:39:01.888  Info            One Minute Candle scrips count: 0
07:Feb:2023 09:39:01.888  Info            One Minute Candle scrips count: 0
07:Feb:2023 09:40:01.403  Info            One Minute Candle update called
07:Feb:2023 09:40:01.403  Info            One Minute Candle scrips count: 0
07:Feb:2023 09:40:01.403  Info            One Minute Candle scrips count: 0
07:Feb:2023 09:40:01.403  Info            One Minute Candle scrips count: 0
07:Feb:2023 09:40:01.403  Info            One Minute Candle scrips count: 0
07:Feb:2023 09:40:01.403  Info            One Minute Candle scrips count: 0
07:Feb:2023 09:40:01.403  Info            One Minute Candle scrips count: 0
07:Feb:2023 09:40:01.403  Info            One Minute Candle scrips count: 0
07:Feb:2023 09:40:01.403  Info            One Minute Candle scrips count: 0
07:Feb:2023 09:40:01.403  Info            One Minute Candle scrips count: 0
07:Feb:2023 09:40:01.403  Info            One Minute Candle scrips count: 0
07:Feb:2023 09:40:10.823  Info            REST REQUEST RECEIVED : ID:0 Type:6003, Data:{"ExchangeSegment":1,"ExchangeInstrumentId":11536,"StartTime":1675676409,"EndTime":1675935609,"CompressionValue":60}
07:Feb:2023 09:40:11.559  Info            REST REQUEST RECEIVED : ID:1 Type:6003, Data:{"ExchangeSegment":1,"ExchangeInstrumentId":11536,"StartTime":1675726029,"EndTime":1675743669,"CompressionValue":60}
07:Feb:2023 09:40:11.826  Info            REST REQUEST RECEIVED : ID:2 Type:6003, Data:{"ExchangeSegment":1,"ExchangeInstrumentId":11536,"StartTime":1675708389,"EndTime":1675726029,"CompressionValue":60}
07:Feb:2023 09:40:12.093  Info            REST REQUEST RECEIVED : ID:3 Type:6003, Data:{"ExchangeSegment":1,"ExchangeInstrumentId":11536,"StartTime":1675690749,"EndTime":1675708389,"CompressionValue":60}
07:Feb:2023 09:40:12.355  Info            REST REQUEST RECEIVED : ID:4 Type:6003, Data:{"ExchangeSegment":1,"ExchangeInstrumentId":11536,"StartTime":1675673109,"EndTime":1675690749,"CompressionValue":60}
07:Feb:2023 09:40:12.624  Info            REST REQUEST RECEIVED : ID:5 Type:6003, Data:{"ExchangeSegment":1,"ExchangeInstrumentId":11536,"StartTime":1675655469,"EndTime":1675673109,"CompressionValue":60}
07:Feb:2023 09:40:12.889  Info            REST REQUEST RECEIVED : ID:6 Type:6003, Data:{"ExchangeSegment":1,"ExchangeInstrumentId":11536,"StartTime":1675637829,"EndTime":1675655469,"CompressionValue":60}
07:Feb:2023 09:40:13.150  Info            REST REQUEST RECEIVED : ID:7 Type:6003, Data:{"ExchangeSegment":1,"ExchangeInstrumentId":11536,"StartTime":1675620189,"EndTime":1675637829,"CompressionValue":60}
07:Feb:2023 09:40:13.409  Info            REST REQUEST RECEIVED : ID:8 Type:6003, Data:{"ExchangeSegment":1,"ExchangeInstrumentId":11536,"StartTime":1675602549,"EndTime":1675620189,"CompressionValue":60}
07:Feb:2023 09:40:13.688  Info            REST REQUEST RECEIVED : ID:9 Type:6003, Data:{"ExchangeSegment":1,"ExchangeInstrumentId":11536,"StartTime":1675584909,"EndTime":1675602549,"CompressionValue":60}
07:Feb:2023 09:40:13.948  Info            REST REQUEST RECEIVED : ID:10 Type:6003, Data:{"ExchangeSegment":1,"ExchangeInstrumentId":11536,"StartTime":1675567269,"EndTime":1675584909,"CompressionValue":60}
07:Feb:2023 09:40:14.210  Info            REST REQUEST RECEIVED : ID:11 Type:6003, Data:{"ExchangeSegment":1,"ExchangeInstrumentId":11536,"StartTime":1675549629,"EndTime":1675567269,"CompressionValue":60}
07:Feb:2023 09:40:14.474  Info            REST REQUEST RECEIVED : ID:12 Type:6003, Data:{"ExchangeSegment":1,"ExchangeInstrumentId":11536,"StartTime":1675531989,"EndTime":1675549629,"CompressionValue":60}
07:Feb:2023 09:40:14.737  Info            REST REQUEST RECEIVED : ID:13 Type:6003, Data:{"ExchangeSegment":1,"ExchangeInstrumentId":11536,"StartTime":1675514349,"EndTime":1675531989,"CompressionValue":60}
07:Feb:2023 09:40:14.995  Info            REST REQUEST RECEIVED : ID:14 Type:6003, Data:{"ExchangeSegment":1,"ExchangeInstrumentId":11536,"StartTime":1675496709,"EndTime":1675514349,"CompressionValue":60}
07:Feb:2023 09:40:15.254  Info            REST REQUEST RECEIVED : ID:15 Type:6003, Data:{"ExchangeSegment":1,"ExchangeInstrumentId":11536,"StartTime":1675479069,"EndTime":1675496709,"CompressionValue":60}
07:Feb:2023 09:40:15.512  Info            REST REQUEST RECEIVED : ID:16 Type:6003, Data:{"ExchangeSegment":1,"ExchangeInstrumentId":11536,"StartTime":1675461429,"EndTime":1675479069,"CompressionValue":60}
07:Feb:2023 09:40:15.780  Info            REST REQUEST RECEIVED : ID:17 Type:6003, Data:{"ExchangeSegment":1,"ExchangeInstrumentId":11536,"StartTime":1675443789,"EndTime":1675461429,"CompressionValue":60}
07:Feb:2023 09:40:16.045  Info            REST REQUEST RECEIVED : ID:18 Type:6003, Data:{"ExchangeSegment":1,"ExchangeInstrumentId":11536,"StartTime":1675426149,"EndTime":1675443789,"CompressionValue":60}
07:Feb:2023 09:40:16.307  Info            REST REQUEST RECEIVED : ID:19 Type:6003, Data:{"ExchangeSegment":1,"ExchangeInstrumentId":11536,"StartTime":1675408509,"EndTime":1675426149,"CompressionValue":60}
07:Feb:2023 09:40:16.575  Info            REST REQUEST RECEIVED : ID:20 Type:6003, Data:{"ExchangeSegment":1,"ExchangeInstrumentId":11536,"StartTime":1675390869,"EndTime":1675408509,"CompressionValue":60}
07:Feb:2023 09:40:16.832  Info            REST REQUEST RECEIVED : ID:21 Type:6003, Data:{"ExchangeSegment":1,"ExchangeInstrumentId":11536,"StartTime":1675373229,"EndTime":1675390869,"CompressionValue":60}
07:Feb:2023 09:40:17.113  Info            REST REQUEST RECEIVED : ID:22 Type:6003, Data:{"ExchangeSegment":1,"ExchangeInstrumentId":11536,"StartTime":1675355589,"EndTime":1675373229,"CompressionValue":60}
07:Feb:2023 09:40:17.373  Info            REST REQUEST RECEIVED : ID:23 Type:6003, Data:{"ExchangeSegment":1,"ExchangeInstrumentId":11536,"StartTime":1675337949,"EndTime":1675355589,"CompressionValue":60}
07:Feb:2023 09:40:17.640  Info            REST REQUEST RECEIVED : ID:24 Type:6003, Data:{"ExchangeSegment":1,"ExchangeInstrumentId":11536,"StartTime":1675320309,"EndTime":1675337949,"CompressionValue":60}
07:Feb:2023 09:40:17.901  Info            REST REQUEST RECEIVED : ID:25 Type:6003, Data:{"ExchangeSegment":1,"ExchangeInstrumentId":11536,"StartTime":1675302669,"EndTime":1675320309,"CompressionValue":60}
07:Feb:2023 09:40:18.162  Info            REST REQUEST RECEIVED : ID:26 Type:6003, Data:{"ExchangeSegment":1,"ExchangeInstrumentId":11536,"StartTime":1675285029,"EndTime":1675302669,"CompressionValue":60}
07:Feb:2023 09:40:18.429  Info            REST REQUEST RECEIVED : ID:27 Type:6003, Data:{"ExchangeSegment":1,"ExchangeInstrumentId":11536,"StartTime":1675267389,"EndTime":1675285029,"CompressionValue":60}
07:Feb:2023 09:40:18.687  Info            REST REQUEST RECEIVED : ID:28 Type:6003, Data:{"ExchangeSegment":1,"ExchangeInstrumentId":11536,"StartTime":1675249749,"EndTime":1675267389,"CompressionValue":60}
07:Feb:2023 09:40:18.962  Info            REST REQUEST RECEIVED : ID:29 Type:6003, Data:{"ExchangeSegment":1,"ExchangeInstrumentId":11536,"StartTime":1675232109,"EndTime":1675249749,"CompressionValue":60}
07:Feb:2023 09:40:19.221  Info            REST REQUEST RECEIVED : ID:30 Type:6003, Data:{"ExchangeSegment":1,"ExchangeInstrumentId":11536,"StartTime":1675214469,"EndTime":1675232109,"CompressionValue":60}
07:Feb:2023 09:40:19.477  Info            REST REQUEST RECEIVED : ID:31 Type:6003, Data:{"ExchangeSegment":1,"ExchangeInstrumentId":11536,"StartTime":1675196829,"EndTime":1675214469,"CompressionValue":60}
07:Feb:2023 09:40:19.741  Info            REST REQUEST RECEIVED : ID:32 Type:6003, Data:{"ExchangeSegment":1,"ExchangeInstrumentId":11536,"StartTime":1675179189,"EndTime":1675196829,"CompressionValue":60}
07:Feb:2023 09:40:20.001  Info            REST REQUEST RECEIVED : ID:33 Type:6003, Data:{"ExchangeSegment":1,"ExchangeInstrumentId":11536,"StartTime":1675161549,"EndTime":1675179189,"CompressionValue":60}
07:Feb:2023 09:40:20.271  Info            REST REQUEST RECEIVED : ID:34 Type:6003, Data:{"ExchangeSegment":1,"ExchangeInstrumentId":11536,"StartTime":1675143909,"EndTime":1675161549,"CompressionValue":60}
07:Feb:2023 09:40:20.533  Info            REST REQUEST RECEIVED : ID:35 Type:6003, Data:{"ExchangeSegment":1,"ExchangeInstrumentId":11536,"StartTime":1675126269,"EndTime":1675143909,"CompressionValue":60}
07:Feb:2023 09:40:20.793  Info            REST REQUEST RECEIVED : ID:36 Type:6003, Data:{"ExchangeSegment":1,"ExchangeInstrumentId":11536,"StartTime":1675108629,"EndTime":1675126269,"CompressionValue":60}
07:Feb:2023 09:40:21.054  Info            REST REQUEST RECEIVED : ID:37 Type:6003, Data:{"ExchangeSegment":1,"ExchangeInstrumentId":11536,"StartTime":1675090989,"EndTime":1675108629,"CompressionValue":60}
07:Feb:2023 09:40:21.312  Info            REST REQUEST RECEIVED : ID:38 Type:6003, Data:{"ExchangeSegment":1,"ExchangeInstrumentId":11536,"StartTime":1675073349,"EndTime":1675090989,"CompressionValue":60}
07:Feb:2023 09:40:21.570  Info            REST REQUEST RECEIVED : ID:39 Type:6003, Data:{"ExchangeSegment":1,"ExchangeInstrumentId":11536,"StartTime":1675055709,"EndTime":1675073349,"CompressionValue":60}
07:Feb:2023 09:40:21.833  Info            REST REQUEST RECEIVED : ID:40 Type:6003, Data:{"ExchangeSegment":1,"ExchangeInstrumentId":11536,"StartTime":1675038069,"EndTime":1675055709,"CompressionValue":60}
07:Feb:2023 09:40:22.118  Info            REST REQUEST RECEIVED : ID:41 Type:6003, Data:{"ExchangeSegment":1,"ExchangeInstrumentId":11536,"StartTime":1675020429,"EndTime":1675038069,"CompressionValue":60}
07:Feb:2023 09:40:22.377  Info            REST REQUEST RECEIVED : ID:42 Type:6003, Data:{"ExchangeSegment":1,"ExchangeInstrumentId":11536,"StartTime":1675002789,"EndTime":1675020429,"CompressionValue":60}
07:Feb:2023 09:40:22.637  Info            REST REQUEST RECEIVED : ID:43 Type:6003, Data:{"ExchangeSegment":1,"ExchangeInstrumentId":11536,"StartTime":1674985149,"EndTime":1675002789,"CompressionValue":60}
07:Feb:2023 09:40:22.902  Info            REST REQUEST RECEIVED : ID:44 Type:6003, Data:{"ExchangeSegment":1,"ExchangeInstrumentId":11536,"StartTime":1674967509,"EndTime":1674985149,"CompressionValue":60}
07:Feb:2023 09:40:23.163  Info            REST REQUEST RECEIVED : ID:45 Type:6003, Data:{"ExchangeSegment":1,"ExchangeInstrumentId":11536,"StartTime":1674949869,"EndTime":1674967509,"CompressionValue":60}
07:Feb:2023 09:40:23.423  Info            REST REQUEST RECEIVED : ID:46 Type:6003, Data:{"ExchangeSegment":1,"ExchangeInstrumentId":11536,"StartTime":1674932229,"EndTime":1674949869,"CompressionValue":60}
07:Feb:2023 09:40:23.684  Info            REST REQUEST RECEIVED : ID:47 Type:6003, Data:{"ExchangeSegment":1,"ExchangeInstrumentId":11536,"StartTime":1674914589,"EndTime":1674932229,"CompressionValue":60}
07:Feb:2023 09:40:23.940  Info            REST REQUEST RECEIVED : ID:48 Type:6003, Data:{"ExchangeSegment":1,"ExchangeInstrumentId":11536,"StartTime":1674896949,"EndTime":1674914589,"CompressionValue":60}
07:Feb:2023 09:40:24.199  Info            REST REQUEST RECEIVED : ID:49 Type:6003, Data:{"ExchangeSegment":1,"ExchangeInstrumentId":11536,"StartTime":1674879309,"EndTime":1674896949,"CompressionValue":60}
07:Feb:2023 09:40:24.481  Info            REST REQUEST RECEIVED : ID:50 Type:6003, Data:{"ExchangeSegment":1,"ExchangeInstrumentId":11536,"StartTime":1674861669,"EndTime":1674879309,"CompressionValue":60}
07:Feb:2023 09:41:02.265  Info            One Minute Candle update called
07:Feb:2023 09:41:02.265  Info            One Minute Candle scrips count: 0
07:Feb:2023 09:41:02.265  Info            One Minute Candle scrips count: 0
07:Feb:2023 09:41:02.265  Info            One Minute Candle scrips count: 0
07:Feb:2023 09:41:02.265  Info            One Minute Candle scrips count: 0
07:Feb:2023 09:41:02.265  Info            One Minute Candle scrips count: 0
07:Feb:2023 09:41:02.265  Info            One Minute Candle scrips count: 0
07:Feb:2023 09:41:02.265  Info            One Minute Candle scrips count: 0
07:Feb:2023 09:41:02.265  Info            One Minute Candle scrips count: 0
07:Feb:2023 09:41:02.265  Info            One Minute Candle scrips count: 0
07:Feb:2023 09:41:02.265  Info            One Minute Candle scrips count: 0
07:Feb:2023 09:42:01.575  Info            One Minute Candle update called
07:Feb:2023 09:42:01.575  Info            One Minute Candle scrips count: 0
07:Feb:2023 09:42:01.575  Info            One Minute Candle scrips count: 0
07:Feb:2023 09:42:01.575  Info            One Minute Candle scrips count: 0
07:Feb:2023 09:42:01.575  Info            One Minute Candle scrips count: 0
07:Feb:2023 09:42:01.575  Info            One Minute Candle scrips count: 0
07:Feb:2023 09:42:01.575  Info            One Minute Candle scrips count: 0
07:Feb:2023 09:42:01.575  Info            One Minute Candle scrips count: 0
07:Feb:2023 09:42:01.575  Info            One Minute Candle scrips count: 0
07:Feb:2023 09:42:01.575  Info            One Minute Candle scrips count: 0
07:Feb:2023 09:42:01.575  Info            One Minute Candle scrips count: 0
07:Feb:2023 09:43:01.825  Info            One Minute Candle update called
07:Feb:2023 09:43:01.825  Info            One Minute Candle scrips count: 0
07:Feb:2023 09:43:01.825  Info            One Minute Candle scrips count: 0
07:Feb:2023 09:43:01.825  Info            One Minute Candle scrips count: 0
07:Feb:2023 09:43:01.825  Info            One Minute Candle scrips count: 0
07:Feb:2023 09:43:01.825  Info            One Minute Candle scrips count: 0
07:Feb:2023 09:43:01.825  Info            One Minute Candle scrips count: 0
07:Feb:2023 09:43:01.825  Info            One Minute Candle scrips count: 0
07:Feb:2023 09:43:01.825  Info            One Minute Candle scrips count: 0
07:Feb:2023 09:43:01.825  Info            One Minute Candle scrips count: 0
07:Feb:2023 09:43:01.825  Info            One Minute Candle scrips count: 0
07:Feb:2023 09:44:02.108  Info            One Minute Candle update called
07:Feb:2023 09:44:02.109  Info            One Minute Candle scrips count: 0
07:Feb:2023 09:44:02.109  Info            One Minute Candle scrips count: 0
07:Feb:2023 09:44:02.109  Info            One Minute Candle scrips count: 0
07:Feb:2023 09:44:02.109  Info            One Minute Candle scrips count: 0
07:Feb:2023 09:44:02.109  Info            One Minute Candle scrips count: 0
07:Feb:2023 09:44:02.109  Info            One Minute Candle scrips count: 0
07:Feb:2023 09:44:02.109  Info            One Minute Candle scrips count: 0
07:Feb:2023 09:44:02.109  Info            One Minute Candle scrips count: 0
07:Feb:2023 09:44:02.109  Info            One Minute Candle scrips count: 0
07:Feb:2023 09:44:02.109  Info            One Minute Candle scrips count: 0
07:Feb:2023 09:45:01.387  Info            One Minute Candle update called
07:Feb:2023 09:45:01.387  Info            One Minute Candle scrips count: 0
07:Feb:2023 09:45:01.387  Info            One Minute Candle scrips count: 0
07:Feb:2023 09:45:01.387  Info            One Minute Candle scrips count: 0
07:Feb:2023 09:45:01.387  Info            One Minute Candle scrips count: 0
07:Feb:2023 09:45:01.387  Info            One Minute Candle scrips count: 0
07:Feb:2023 09:45:01.387  Info            One Minute Candle scrips count: 0
07:Feb:2023 09:45:01.387  Info            One Minute Candle scrips count: 0
07:Feb:2023 09:45:01.387  Info            One Minute Candle scrips count: 0
07:Feb:2023 09:45:01.387  Info            One Minute Candle scrips count: 0
07:Feb:2023 09:45:01.387  Info            One Minute Candle scrips count: 0
07:Feb:2023 09:46:01.746  Info            One Minute Candle update called
07:Feb:2023 09:46:01.746  Info            One Minute Candle scrips count: 0
07:Feb:2023 09:46:01.746  Info            One Minute Candle scrips count: 0
07:Feb:2023 09:46:01.746  Info            One Minute Candle scrips count: 0
07:Feb:2023 09:46:01.746  Info            One Minute Candle scrips count: 0
07:Feb:2023 09:46:01.746  Info            One Minute Candle scrips count: 0
07:Feb:2023 09:46:01.746  Info            One Minute Candle scrips count: 0
07:Feb:2023 09:46:01.746  Info            One Minute Candle scrips count: 0
07:Feb:2023 09:46:01.746  Info            One Minute Candle scrips count: 0
07:Feb:2023 09:46:01.746  Info            One Minute Candle scrips count: 0
07:Feb:2023 09:46:01.746  Info            One Minute Candle scrips count: 0
07:Feb:2023 09:47:02.028  Info            One Minute Candle update called
07:Feb:2023 09:47:02.028  Info            One Minute Candle scrips count: 0
07:Feb:2023 09:47:02.028  Info            One Minute Candle scrips count: 0
07:Feb:2023 09:47:02.028  Info            One Minute Candle scrips count: 0
07:Feb:2023 09:47:02.028  Info            One Minute Candle scrips count: 0
07:Feb:2023 09:47:02.028  Info            One Minute Candle scrips count: 0
07:Feb:2023 09:47:02.028  Info            One Minute Candle scrips count: 0
07:Feb:2023 09:47:02.028  Info            One Minute Candle scrips count: 0
07:Feb:2023 09:47:02.028  Info            One Minute Candle scrips count: 0
07:Feb:2023 09:47:02.028  Info            One Minute Candle scrips count: 0
07:Feb:2023 09:47:02.028  Info            One Minute Candle scrips count: 0
07:Feb:2023 09:48:01.780  Info            One Minute Candle update called
07:Feb:2023 09:48:01.780  Info            One Minute Candle scrips count: 0
07:Feb:2023 09:48:01.780  Info            One Minute Candle scrips count: 0
07:Feb:2023 09:48:01.780  Info            One Minute Candle scrips count: 0
07:Feb:2023 09:48:01.780  Info            One Minute Candle scrips count: 0
07:Feb:2023 09:48:01.780  Info            One Minute Candle scrips count: 0
07:Feb:2023 09:48:01.780  Info            One Minute Candle scrips count: 0
07:Feb:2023 09:48:01.780  Info            One Minute Candle scrips count: 0
07:Feb:2023 09:48:01.780  Info            One Minute Candle scrips count: 0
07:Feb:2023 09:48:01.780  Info            One Minute Candle scrips count: 0
07:Feb:2023 09:48:01.780  Info            One Minute Candle scrips count: 0
07:Feb:2023 09:49:02.091  Info            One Minute Candle update called
07:Feb:2023 09:49:02.091  Info            One Minute Candle scrips count: 0
07:Feb:2023 09:49:02.091  Info            One Minute Candle scrips count: 0
07:Feb:2023 09:49:02.091  Info            One Minute Candle scrips count: 0
07:Feb:2023 09:49:02.091  Info            One Minute Candle scrips count: 0
07:Feb:2023 09:49:02.091  Info            One Minute Candle scrips count: 0
07:Feb:2023 09:49:02.091  Info            One Minute Candle scrips count: 0
07:Feb:2023 09:49:02.091  Info            One Minute Candle scrips count: 0
07:Feb:2023 09:49:02.091  Info            One Minute Candle scrips count: 0
07:Feb:2023 09:49:02.091  Info            One Minute Candle scrips count: 0
07:Feb:2023 09:49:02.091  Info            One Minute Candle scrips count: 0
07:Feb:2023 09:50:01.497  Info            One Minute Candle update called
07:Feb:2023 09:50:01.497  Info            One Minute Candle scrips count: 0
07:Feb:2023 09:50:01.497  Info            One Minute Candle scrips count: 0
07:Feb:2023 09:50:01.497  Info            One Minute Candle scrips count: 0
07:Feb:2023 09:50:01.497  Info            One Minute Candle scrips count: 0
07:Feb:2023 09:50:01.497  Info            One Minute Candle scrips count: 0
07:Feb:2023 09:50:01.497  Info            One Minute Candle scrips count: 0
07:Feb:2023 09:50:01.497  Info            One Minute Candle scrips count: 0
07:Feb:2023 09:50:01.497  Info            One Minute Candle scrips count: 0
07:Feb:2023 09:50:01.497  Info            One Minute Candle scrips count: 0
07:Feb:2023 09:50:01.497  Info            One Minute Candle scrips count: 0
07:Feb:2023 09:51:01.903  Info            One Minute Candle update called
07:Feb:2023 09:51:01.903  Info            One Minute Candle scrips count: 0
07:Feb:2023 09:51:01.903  Info            One Minute Candle scrips count: 0
07:Feb:2023 09:51:01.903  Info            One Minute Candle scrips count: 0
07:Feb:2023 09:51:01.903  Info            One Minute Candle scrips count: 0
07:Feb:2023 09:51:01.903  Info            One Minute Candle scrips count: 0
07:Feb:2023 09:51:01.903  Info            One Minute Candle scrips count: 0
07:Feb:2023 09:51:01.903  Info            One Minute Candle scrips count: 0
07:Feb:2023 09:51:01.903  Info            One Minute Candle scrips count: 0
07:Feb:2023 09:51:01.903  Info            One Minute Candle scrips count: 0
07:Feb:2023 09:51:01.903  Info            One Minute Candle scrips count: 0
07:Feb:2023 09:52:02.278  Info            One Minute Candle update called
07:Feb:2023 09:52:02.278  Info            One Minute Candle scrips count: 0
07:Feb:2023 09:52:02.278  Info            One Minute Candle scrips count: 0
07:Feb:2023 09:52:02.278  Info            One Minute Candle scrips count: 0
07:Feb:2023 09:52:02.278  Info            One Minute Candle scrips count: 0
07:Feb:2023 09:52:02.278  Info            One Minute Candle scrips count: 0
07:Feb:2023 09:52:02.278  Info            One Minute Candle scrips count: 0
07:Feb:2023 09:52:02.278  Info            One Minute Candle scrips count: 0
07:Feb:2023 09:52:02.278  Info            One Minute Candle scrips count: 0
07:Feb:2023 09:52:02.278  Info            One Minute Candle scrips count: 0
07:Feb:2023 09:52:02.278  Info            One Minute Candle scrips count: 0
07:Feb:2023 09:53:01.654  Info            One Minute Candle update called
07:Feb:2023 09:53:01.654  Info            One Minute Candle scrips count: 0
07:Feb:2023 09:53:01.654  Info            One Minute Candle scrips count: 0
07:Feb:2023 09:53:01.654  Info            One Minute Candle scrips count: 0
07:Feb:2023 09:53:01.654  Info            One Minute Candle scrips count: 0
07:Feb:2023 09:53:01.654  Info            One Minute Candle scrips count: 0
07:Feb:2023 09:53:01.654  Info            One Minute Candle scrips count: 0
07:Feb:2023 09:53:01.654  Info            One Minute Candle scrips count: 0
07:Feb:2023 09:53:01.654  Info            One Minute Candle scrips count: 0
07:Feb:2023 09:53:01.654  Info            One Minute Candle scrips count: 0
07:Feb:2023 09:53:01.654  Info            One Minute Candle scrips count: 0
07:Feb:2023 09:54:01.935  Info            One Minute Candle update called
07:Feb:2023 09:54:01.935  Info            One Minute Candle scrips count: 0
07:Feb:2023 09:54:01.935  Info            One Minute Candle scrips count: 0
07:Feb:2023 09:54:01.935  Info            One Minute Candle scrips count: 0
07:Feb:2023 09:54:01.935  Info            One Minute Candle scrips count: 0
07:Feb:2023 09:54:01.935  Info            One Minute Candle scrips count: 0
07:Feb:2023 09:54:01.935  Info            One Minute Candle scrips count: 0
07:Feb:2023 09:54:01.935  Info            One Minute Candle scrips count: 0
07:Feb:2023 09:54:01.935  Info            One Minute Candle scrips count: 0
07:Feb:2023 09:54:01.935  Info            One Minute Candle scrips count: 0
07:Feb:2023 09:54:01.935  Info            One Minute Candle scrips count: 0
07:Feb:2023 09:55:02.284  Info            One Minute Candle update called
07:Feb:2023 09:55:02.284  Info            One Minute Candle scrips count: 0
07:Feb:2023 09:55:02.284  Info            One Minute Candle scrips count: 0
07:Feb:2023 09:55:02.284  Info            One Minute Candle scrips count: 0
07:Feb:2023 09:55:02.284  Info            One Minute Candle scrips count: 0
07:Feb:2023 09:55:02.284  Info            One Minute Candle scrips count: 0
07:Feb:2023 09:55:02.284  Info            One Minute Candle scrips count: 0
07:Feb:2023 09:55:02.284  Info            One Minute Candle scrips count: 0
07:Feb:2023 09:55:02.284  Info            One Minute Candle scrips count: 0
07:Feb:2023 09:55:02.284  Info            One Minute Candle scrips count: 0
07:Feb:2023 09:55:02.284  Info            One Minute Candle scrips count: 0
07:Feb:2023 09:56:01.653  Info            One Minute Candle update called
07:Feb:2023 09:56:01.653  Info            One Minute Candle scrips count: 0
07:Feb:2023 09:56:01.653  Info            One Minute Candle scrips count: 0
07:Feb:2023 09:56:01.653  Info            One Minute Candle scrips count: 0
07:Feb:2023 09:56:01.653  Info            One Minute Candle scrips count: 0
07:Feb:2023 09:56:01.653  Info            One Minute Candle scrips count: 0
07:Feb:2023 09:56:01.653  Info            One Minute Candle scrips count: 0
07:Feb:2023 09:56:01.653  Info            One Minute Candle scrips count: 0
07:Feb:2023 09:56:01.653  Info            One Minute Candle scrips count: 0
07:Feb:2023 09:56:01.653  Info            One Minute Candle scrips count: 0
07:Feb:2023 09:56:01.653  Info            One Minute Candle scrips count: 0
07:Feb:2023 09:57:01.922  Info            One Minute Candle update called
07:Feb:2023 09:57:01.922  Info            One Minute Candle scrips count: 0
07:Feb:2023 09:57:01.922  Info            One Minute Candle scrips count: 0
07:Feb:2023 09:57:01.922  Info            One Minute Candle scrips count: 0
07:Feb:2023 09:57:01.922  Info            One Minute Candle scrips count: 0
07:Feb:2023 09:57:01.922  Info            One Minute Candle scrips count: 0
07:Feb:2023 09:57:01.922  Info            One Minute Candle scrips count: 0
07:Feb:2023 09:57:01.922  Info            One Minute Candle scrips count: 0
07:Feb:2023 09:57:01.922  Info            One Minute Candle scrips count: 0
07:Feb:2023 09:57:01.922  Info            One Minute Candle scrips count: 0
07:Feb:2023 09:57:01.922  Info            One Minute Candle scrips count: 0
07:Feb:2023 09:57:43.261  Info            REST REQUEST RECEIVED : ID:51 Type:6003, Data:{"ExchangeSegment":1,"ExchangeInstrumentId":11536,"StartTime":1675677462,"EndTime":1675936662,"CompressionValue":60}
07:Feb:2023 09:57:43.479  Info            REST REQUEST RECEIVED : ID:52 Type:6003, Data:{"ExchangeSegment":1,"ExchangeInstrumentId":11536,"StartTime":1675728102,"EndTime":1675744722,"CompressionValue":60}
07:Feb:2023 09:57:43.643  Info            REST REQUEST RECEIVED : ID:53 Type:6003, Data:{"ExchangeSegment":1,"ExchangeInstrumentId":11536,"StartTime":1675711482,"EndTime":1675728102,"CompressionValue":60}
07:Feb:2023 09:57:43.868  Info            REST REQUEST RECEIVED : ID:54 Type:6003, Data:{"ExchangeSegment":1,"ExchangeInstrumentId":11536,"StartTime":1675694862,"EndTime":1675711482,"CompressionValue":60}
07:Feb:2023 09:57:44.022  Info            REST REQUEST RECEIVED : ID:55 Type:6003, Data:{"ExchangeSegment":1,"ExchangeInstrumentId":11536,"StartTime":1675678242,"EndTime":1675694862,"CompressionValue":60}
07:Feb:2023 09:57:44.173  Info            REST REQUEST RECEIVED : ID:56 Type:6003, Data:{"ExchangeSegment":1,"ExchangeInstrumentId":11536,"StartTime":1675661622,"EndTime":1675678242,"CompressionValue":60}
07:Feb:2023 09:57:44.323  Info            REST REQUEST RECEIVED : ID:57 Type:6003, Data:{"ExchangeSegment":1,"ExchangeInstrumentId":11536,"StartTime":1675645002,"EndTime":1675661622,"CompressionValue":60}
07:Feb:2023 09:57:44.475  Info            REST REQUEST RECEIVED : ID:58 Type:6003, Data:{"ExchangeSegment":1,"ExchangeInstrumentId":11536,"StartTime":1675628382,"EndTime":1675645002,"CompressionValue":60}
07:Feb:2023 09:57:44.636  Info            REST REQUEST RECEIVED : ID:59 Type:6003, Data:{"ExchangeSegment":1,"ExchangeInstrumentId":11536,"StartTime":1675611762,"EndTime":1675628382,"CompressionValue":60}
07:Feb:2023 09:57:44.846  Info            REST REQUEST RECEIVED : ID:60 Type:6003, Data:{"ExchangeSegment":1,"ExchangeInstrumentId":11536,"StartTime":1675595142,"EndTime":1675611762,"CompressionValue":60}
07:Feb:2023 09:57:44.999  Info            REST REQUEST RECEIVED : ID:61 Type:6003, Data:{"ExchangeSegment":1,"ExchangeInstrumentId":11536,"StartTime":1675578522,"EndTime":1675595142,"CompressionValue":60}
07:Feb:2023 09:57:45.171  Info            REST REQUEST RECEIVED : ID:62 Type:6003, Data:{"ExchangeSegment":1,"ExchangeInstrumentId":11536,"StartTime":1675561902,"EndTime":1675578522,"CompressionValue":60}
07:Feb:2023 09:57:45.354  Info            REST REQUEST RECEIVED : ID:63 Type:6003, Data:{"ExchangeSegment":1,"ExchangeInstrumentId":11536,"StartTime":1675545282,"EndTime":1675561902,"CompressionValue":60}
07:Feb:2023 09:57:45.506  Info            REST REQUEST RECEIVED : ID:64 Type:6003, Data:{"ExchangeSegment":1,"ExchangeInstrumentId":11536,"StartTime":1675528662,"EndTime":1675545282,"CompressionValue":60}
07:Feb:2023 09:57:45.669  Info            REST REQUEST RECEIVED : ID:65 Type:6003, Data:{"ExchangeSegment":1,"ExchangeInstrumentId":11536,"StartTime":1675512042,"EndTime":1675528662,"CompressionValue":60}
07:Feb:2023 09:57:45.842  Info            REST REQUEST RECEIVED : ID:66 Type:6003, Data:{"ExchangeSegment":1,"ExchangeInstrumentId":11536,"StartTime":1675495422,"EndTime":1675512042,"CompressionValue":60}
07:Feb:2023 09:57:46.058  Info            REST REQUEST RECEIVED : ID:67 Type:6003, Data:{"ExchangeSegment":1,"ExchangeInstrumentId":11536,"StartTime":1675478802,"EndTime":1675495422,"CompressionValue":60}
07:Feb:2023 09:57:46.261  Info            REST REQUEST RECEIVED : ID:68 Type:6003, Data:{"ExchangeSegment":1,"ExchangeInstrumentId":11536,"StartTime":1675462182,"EndTime":1675478802,"CompressionValue":60}
07:Feb:2023 09:57:46.417  Info            REST REQUEST RECEIVED : ID:69 Type:6003, Data:{"ExchangeSegment":1,"ExchangeInstrumentId":11536,"StartTime":1675445562,"EndTime":1675462182,"CompressionValue":60}
07:Feb:2023 09:57:46.596  Info            REST REQUEST RECEIVED : ID:70 Type:6003, Data:{"ExchangeSegment":1,"ExchangeInstrumentId":11536,"StartTime":1675428942,"EndTime":1675445562,"CompressionValue":60}
07:Feb:2023 09:57:46.747  Info            REST REQUEST RECEIVED : ID:71 Type:6003, Data:{"ExchangeSegment":1,"ExchangeInstrumentId":11536,"StartTime":1675412322,"EndTime":1675428942,"CompressionValue":60}
07:Feb:2023 09:57:46.900  Info            REST REQUEST RECEIVED : ID:72 Type:6003, Data:{"ExchangeSegment":1,"ExchangeInstrumentId":11536,"StartTime":1675395702,"EndTime":1675412322,"CompressionValue":60}
07:Feb:2023 09:57:47.051  Info            REST REQUEST RECEIVED : ID:73 Type:6003, Data:{"ExchangeSegment":1,"ExchangeInstrumentId":11536,"StartTime":1675379082,"EndTime":1675395702,"CompressionValue":60}
07:Feb:2023 09:57:47.204  Info            REST REQUEST RECEIVED : ID:74 Type:6003, Data:{"ExchangeSegment":1,"ExchangeInstrumentId":11536,"StartTime":1675362462,"EndTime":1675379082,"CompressionValue":60}
07:Feb:2023 09:57:47.355  Info            REST REQUEST RECEIVED : ID:75 Type:6003, Data:{"ExchangeSegment":1,"ExchangeInstrumentId":11536,"StartTime":1675345842,"EndTime":1675362462,"CompressionValue":60}
07:Feb:2023 09:57:47.505  Info            REST REQUEST RECEIVED : ID:76 Type:6003, Data:{"ExchangeSegment":1,"ExchangeInstrumentId":11536,"StartTime":1675329222,"EndTime":1675345842,"CompressionValue":60}
07:Feb:2023 09:57:47.704  Info            REST REQUEST RECEIVED : ID:77 Type:6003, Data:{"ExchangeSegment":1,"ExchangeInstrumentId":11536,"StartTime":1675312602,"EndTime":1675329222,"CompressionValue":60}
07:Feb:2023 09:57:47.869  Info            REST REQUEST RECEIVED : ID:78 Type:6003, Data:{"ExchangeSegment":1,"ExchangeInstrumentId":11536,"StartTime":1675295982,"EndTime":1675312602,"CompressionValue":60}
07:Feb:2023 09:57:48.018  Info            REST REQUEST RECEIVED : ID:79 Type:6003, Data:{"ExchangeSegment":1,"ExchangeInstrumentId":11536,"StartTime":1675279362,"EndTime":1675295982,"CompressionValue":60}
07:Feb:2023 09:57:48.169  Info            REST REQUEST RECEIVED : ID:80 Type:6003, Data:{"ExchangeSegment":1,"ExchangeInstrumentId":11536,"StartTime":1675262742,"EndTime":1675279362,"CompressionValue":60}
07:Feb:2023 09:57:48.325  Info            REST REQUEST RECEIVED : ID:81 Type:6003, Data:{"ExchangeSegment":1,"ExchangeInstrumentId":11536,"StartTime":1675246122,"EndTime":1675262742,"CompressionValue":60}
07:Feb:2023 09:57:48.482  Info            REST REQUEST RECEIVED : ID:82 Type:6003, Data:{"ExchangeSegment":1,"ExchangeInstrumentId":11536,"StartTime":1675229502,"EndTime":1675246122,"CompressionValue":60}
07:Feb:2023 09:57:48.632  Info            REST REQUEST RECEIVED : ID:83 Type:6003, Data:{"ExchangeSegment":1,"ExchangeInstrumentId":11536,"StartTime":1675212882,"EndTime":1675229502,"CompressionValue":60}
07:Feb:2023 09:57:48.788  Info            REST REQUEST RECEIVED : ID:84 Type:6003, Data:{"ExchangeSegment":1,"ExchangeInstrumentId":11536,"StartTime":1675196262,"EndTime":1675212882,"CompressionValue":60}
07:Feb:2023 09:57:48.937  Info            REST REQUEST RECEIVED : ID:85 Type:6003, Data:{"ExchangeSegment":1,"ExchangeInstrumentId":11536,"StartTime":1675179642,"EndTime":1675196262,"CompressionValue":60}
07:Feb:2023 09:57:49.089  Info            REST REQUEST RECEIVED : ID:86 Type:6003, Data:{"ExchangeSegment":1,"ExchangeInstrumentId":11536,"StartTime":1675163022,"EndTime":1675179642,"CompressionValue":60}
07:Feb:2023 09:57:49.252  Info            REST REQUEST RECEIVED : ID:87 Type:6003, Data:{"ExchangeSegment":1,"ExchangeInstrumentId":11536,"StartTime":1675146402,"EndTime":1675163022,"CompressionValue":60}
07:Feb:2023 09:57:49.405  Info            REST REQUEST RECEIVED : ID:88 Type:6003, Data:{"ExchangeSegment":1,"ExchangeInstrumentId":11536,"StartTime":1675129782,"EndTime":1675146402,"CompressionValue":60}
07:Feb:2023 09:57:49.557  Info            REST REQUEST RECEIVED : ID:89 Type:6003, Data:{"ExchangeSegment":1,"ExchangeInstrumentId":11536,"StartTime":1675113162,"EndTime":1675129782,"CompressionValue":60}
07:Feb:2023 09:57:49.711  Info            REST REQUEST RECEIVED : ID:90 Type:6003, Data:{"ExchangeSegment":1,"ExchangeInstrumentId":11536,"StartTime":1675096542,"EndTime":1675113162,"CompressionValue":60}
07:Feb:2023 09:57:49.867  Info            REST REQUEST RECEIVED : ID:91 Type:6003, Data:{"ExchangeSegment":1,"ExchangeInstrumentId":11536,"StartTime":1675079922,"EndTime":1675096542,"CompressionValue":60}
07:Feb:2023 09:57:50.019  Info            REST REQUEST RECEIVED : ID:92 Type:6003, Data:{"ExchangeSegment":1,"ExchangeInstrumentId":11536,"StartTime":1675063302,"EndTime":1675079922,"CompressionValue":60}
07:Feb:2023 09:57:50.172  Info            REST REQUEST RECEIVED : ID:93 Type:6003, Data:{"ExchangeSegment":1,"ExchangeInstrumentId":11536,"StartTime":1675046682,"EndTime":1675063302,"CompressionValue":60}
07:Feb:2023 09:57:50.324  Info            REST REQUEST RECEIVED : ID:94 Type:6003, Data:{"ExchangeSegment":1,"ExchangeInstrumentId":11536,"StartTime":1675030062,"EndTime":1675046682,"CompressionValue":60}
07:Feb:2023 09:57:50.626  Info            REST REQUEST RECEIVED : ID:95 Type:6003, Data:{"ExchangeSegment":1,"ExchangeInstrumentId":11536,"StartTime":1675013442,"EndTime":1675030062,"CompressionValue":60}
07:Feb:2023 09:57:50.776  Info            REST REQUEST RECEIVED : ID:96 Type:6003, Data:{"ExchangeSegment":1,"ExchangeInstrumentId":11536,"StartTime":1674996822,"EndTime":1675013442,"CompressionValue":60}
07:Feb:2023 09:57:50.928  Info            REST REQUEST RECEIVED : ID:97 Type:6003, Data:{"ExchangeSegment":1,"ExchangeInstrumentId":11536,"StartTime":1674980202,"EndTime":1674996822,"CompressionValue":60}
07:Feb:2023 09:57:51.077  Info            REST REQUEST RECEIVED : ID:98 Type:6003, Data:{"ExchangeSegment":1,"ExchangeInstrumentId":11536,"StartTime":1674963582,"EndTime":1674980202,"CompressionValue":60}
07:Feb:2023 09:57:51.234  Info            REST REQUEST RECEIVED : ID:99 Type:6003, Data:{"ExchangeSegment":1,"ExchangeInstrumentId":11536,"StartTime":1674946962,"EndTime":1674963582,"CompressionValue":60}
07:Feb:2023 09:57:51.388  Info            REST REQUEST RECEIVED : ID:100 Type:6003, Data:{"ExchangeSegment":1,"ExchangeInstrumentId":11536,"StartTime":1674930342,"EndTime":1674946962,"CompressionValue":60}
07:Feb:2023 09:57:51.565  Info            REST REQUEST RECEIVED : ID:101 Type:6003, Data:{"ExchangeSegment":1,"ExchangeInstrumentId":11536,"StartTime":1674913722,"EndTime":1674930342,"CompressionValue":60}
07:Feb:2023 09:58:01.310  Info            One Minute Candle update called
07:Feb:2023 09:58:01.310  Info            One Minute Candle scrips count: 0
07:Feb:2023 09:58:01.310  Info            One Minute Candle scrips count: 0
07:Feb:2023 09:58:01.310  Info            One Minute Candle scrips count: 0
07:Feb:2023 09:58:01.310  Info            One Minute Candle scrips count: 0
07:Feb:2023 09:58:01.310  Info            One Minute Candle scrips count: 0
07:Feb:2023 09:58:01.310  Info            One Minute Candle scrips count: 0
07:Feb:2023 09:58:01.310  Info            One Minute Candle scrips count: 0
07:Feb:2023 09:58:01.310  Info            One Minute Candle scrips count: 0
07:Feb:2023 09:58:01.310  Info            One Minute Candle scrips count: 0
07:Feb:2023 09:58:01.310  Info            One Minute Candle scrips count: 0
07:Feb:2023 09:58:36.768  Info            REST REQUEST RECEIVED : ID:102 Type:6003, Data:{"ExchangeSegment":1,"ExchangeInstrumentId":11536,"StartTime":1675677516,"EndTime":1675936716,"CompressionValue":60}
07:Feb:2023 09:58:36.984  Info            REST REQUEST RECEIVED : ID:103 Type:6003, Data:{"ExchangeSegment":1,"ExchangeInstrumentId":11536,"StartTime":1675728216,"EndTime":1675744776,"CompressionValue":60}
07:Feb:2023 09:58:37.135  Info            REST REQUEST RECEIVED : ID:104 Type:6003, Data:{"ExchangeSegment":1,"ExchangeInstrumentId":11536,"StartTime":1675711656,"EndTime":1675728216,"CompressionValue":60}
07:Feb:2023 09:58:37.286  Info            REST REQUEST RECEIVED : ID:105 Type:6003, Data:{"ExchangeSegment":1,"ExchangeInstrumentId":11536,"StartTime":1675695096,"EndTime":1675711656,"CompressionValue":60}
07:Feb:2023 09:58:37.539  Info            REST REQUEST RECEIVED : ID:106 Type:6003, Data:{"ExchangeSegment":1,"ExchangeInstrumentId":11536,"StartTime":1675678536,"EndTime":1675695096,"CompressionValue":60}
07:Feb:2023 09:58:37.698  Info            REST REQUEST RECEIVED : ID:107 Type:6003, Data:{"ExchangeSegment":1,"ExchangeInstrumentId":11536,"StartTime":1675661976,"EndTime":1675678536,"CompressionValue":60}
07:Feb:2023 09:58:37.859  Info            REST REQUEST RECEIVED : ID:108 Type:6003, Data:{"ExchangeSegment":1,"ExchangeInstrumentId":11536,"StartTime":1675645416,"EndTime":1675661976,"CompressionValue":60}
07:Feb:2023 09:58:38.008  Info            REST REQUEST RECEIVED : ID:109 Type:6003, Data:{"ExchangeSegment":1,"ExchangeInstrumentId":11536,"StartTime":1675628856,"EndTime":1675645416,"CompressionValue":60}
07:Feb:2023 09:58:38.169  Info            REST REQUEST RECEIVED : ID:110 Type:6003, Data:{"ExchangeSegment":1,"ExchangeInstrumentId":11536,"StartTime":1675612296,"EndTime":1675628856,"CompressionValue":60}
07:Feb:2023 09:58:38.329  Info            REST REQUEST RECEIVED : ID:111 Type:6003, Data:{"ExchangeSegment":1,"ExchangeInstrumentId":11536,"StartTime":1675595736,"EndTime":1675612296,"CompressionValue":60}
07:Feb:2023 09:58:38.481  Info            REST REQUEST RECEIVED : ID:112 Type:6003, Data:{"ExchangeSegment":1,"ExchangeInstrumentId":11536,"StartTime":1675579176,"EndTime":1675595736,"CompressionValue":60}
07:Feb:2023 09:58:38.633  Info            REST REQUEST RECEIVED : ID:113 Type:6003, Data:{"ExchangeSegment":1,"ExchangeInstrumentId":11536,"StartTime":1675562616,"EndTime":1675579176,"CompressionValue":60}
07:Feb:2023 09:58:38.785  Info            REST REQUEST RECEIVED : ID:114 Type:6003, Data:{"ExchangeSegment":1,"ExchangeInstrumentId":11536,"StartTime":1675546056,"EndTime":1675562616,"CompressionValue":60}
07:Feb:2023 09:58:38.937  Info            REST REQUEST RECEIVED : ID:115 Type:6003, Data:{"ExchangeSegment":1,"ExchangeInstrumentId":11536,"StartTime":1675529496,"EndTime":1675546056,"CompressionValue":60}
07:Feb:2023 09:58:39.092  Info            REST REQUEST RECEIVED : ID:116 Type:6003, Data:{"ExchangeSegment":1,"ExchangeInstrumentId":11536,"StartTime":1675512936,"EndTime":1675529496,"CompressionValue":60}
07:Feb:2023 09:58:39.245  Info            REST REQUEST RECEIVED : ID:117 Type:6003, Data:{"ExchangeSegment":1,"ExchangeInstrumentId":11536,"StartTime":1675496376,"EndTime":1675512936,"CompressionValue":60}
07:Feb:2023 09:58:39.398  Info            REST REQUEST RECEIVED : ID:118 Type:6003, Data:{"ExchangeSegment":1,"ExchangeInstrumentId":11536,"StartTime":1675479816,"EndTime":1675496376,"CompressionValue":60}
07:Feb:2023 09:58:39.556  Info            REST REQUEST RECEIVED : ID:119 Type:6003, Data:{"ExchangeSegment":1,"ExchangeInstrumentId":11536,"StartTime":1675463256,"EndTime":1675479816,"CompressionValue":60}
07:Feb:2023 09:58:39.724  Info            REST REQUEST RECEIVED : ID:120 Type:6003, Data:{"ExchangeSegment":1,"ExchangeInstrumentId":11536,"StartTime":1675446696,"EndTime":1675463256,"CompressionValue":60}
07:Feb:2023 09:58:39.874  Info            REST REQUEST RECEIVED : ID:121 Type:6003, Data:{"ExchangeSegment":1,"ExchangeInstrumentId":11536,"StartTime":1675430136,"EndTime":1675446696,"CompressionValue":60}
07:Feb:2023 09:58:40.039  Info            REST REQUEST RECEIVED : ID:122 Type:6003, Data:{"ExchangeSegment":1,"ExchangeInstrumentId":11536,"StartTime":1675413576,"EndTime":1675430136,"CompressionValue":60}
07:Feb:2023 09:58:40.187  Info            REST REQUEST RECEIVED : ID:123 Type:6003, Data:{"ExchangeSegment":1,"ExchangeInstrumentId":11536,"StartTime":1675397016,"EndTime":1675413576,"CompressionValue":60}
07:Feb:2023 09:58:40.347  Info            REST REQUEST RECEIVED : ID:124 Type:6003, Data:{"ExchangeSegment":1,"ExchangeInstrumentId":11536,"StartTime":1675380456,"EndTime":1675397016,"CompressionValue":60}
07:Feb:2023 09:58:40.546  Info            REST REQUEST RECEIVED : ID:125 Type:6003, Data:{"ExchangeSegment":1,"ExchangeInstrumentId":11536,"StartTime":1675363896,"EndTime":1675380456,"CompressionValue":60}
07:Feb:2023 09:58:40.700  Info            REST REQUEST RECEIVED : ID:126 Type:6003, Data:{"ExchangeSegment":1,"ExchangeInstrumentId":11536,"StartTime":1675347336,"EndTime":1675363896,"CompressionValue":60}
07:Feb:2023 09:58:40.856  Info            REST REQUEST RECEIVED : ID:127 Type:6003, Data:{"ExchangeSegment":1,"ExchangeInstrumentId":11536,"StartTime":1675330776,"EndTime":1675347336,"CompressionValue":60}
07:Feb:2023 09:58:41.016  Info            REST REQUEST RECEIVED : ID:128 Type:6003, Data:{"ExchangeSegment":1,"ExchangeInstrumentId":11536,"StartTime":1675314216,"EndTime":1675330776,"CompressionValue":60}
07:Feb:2023 09:58:41.314  Info            REST REQUEST RECEIVED : ID:129 Type:6003, Data:{"ExchangeSegment":1,"ExchangeInstrumentId":11536,"StartTime":1675297656,"EndTime":1675314216,"CompressionValue":60}
07:Feb:2023 09:58:41.477  Info            REST REQUEST RECEIVED : ID:130 Type:6003, Data:{"ExchangeSegment":1,"ExchangeInstrumentId":11536,"StartTime":1675281096,"EndTime":1675297656,"CompressionValue":60}
07:Feb:2023 09:58:41.633  Info            REST REQUEST RECEIVED : ID:131 Type:6003, Data:{"ExchangeSegment":1,"ExchangeInstrumentId":11536,"StartTime":1675264536,"EndTime":1675281096,"CompressionValue":60}
07:Feb:2023 09:58:41.788  Info            REST REQUEST RECEIVED : ID:132 Type:6003, Data:{"ExchangeSegment":1,"ExchangeInstrumentId":11536,"StartTime":1675247976,"EndTime":1675264536,"CompressionValue":60}
07:Feb:2023 09:58:41.944  Info            REST REQUEST RECEIVED : ID:133 Type:6003, Data:{"ExchangeSegment":1,"ExchangeInstrumentId":11536,"StartTime":1675231416,"EndTime":1675247976,"CompressionValue":60}
07:Feb:2023 09:58:42.099  Info            REST REQUEST RECEIVED : ID:134 Type:6003, Data:{"ExchangeSegment":1,"ExchangeInstrumentId":11536,"StartTime":1675214856,"EndTime":1675231416,"CompressionValue":60}
07:Feb:2023 09:58:42.253  Info            REST REQUEST RECEIVED : ID:135 Type:6003, Data:{"ExchangeSegment":1,"ExchangeInstrumentId":11536,"StartTime":1675198296,"EndTime":1675214856,"CompressionValue":60}
07:Feb:2023 09:58:42.402  Info            REST REQUEST RECEIVED : ID:136 Type:6003, Data:{"ExchangeSegment":1,"ExchangeInstrumentId":11536,"StartTime":1675181736,"EndTime":1675198296,"CompressionValue":60}
07:Feb:2023 09:58:42.565  Info            REST REQUEST RECEIVED : ID:137 Type:6003, Data:{"ExchangeSegment":1,"ExchangeInstrumentId":11536,"StartTime":1675165176,"EndTime":1675181736,"CompressionValue":60}
07:Feb:2023 09:58:42.715  Info            REST REQUEST RECEIVED : ID:138 Type:6003, Data:{"ExchangeSegment":1,"ExchangeInstrumentId":11536,"StartTime":1675148616,"EndTime":1675165176,"CompressionValue":60}
07:Feb:2023 09:58:42.864  Info            REST REQUEST RECEIVED : ID:139 Type:6003, Data:{"ExchangeSegment":1,"ExchangeInstrumentId":11536,"StartTime":1675132056,"EndTime":1675148616,"CompressionValue":60}
07:Feb:2023 09:58:43.015  Info            REST REQUEST RECEIVED : ID:140 Type:6003, Data:{"ExchangeSegment":1,"ExchangeInstrumentId":11536,"StartTime":1675115496,"EndTime":1675132056,"CompressionValue":60}
07:Feb:2023 09:58:43.180  Info            REST REQUEST RECEIVED : ID:141 Type:6003, Data:{"ExchangeSegment":1,"ExchangeInstrumentId":11536,"StartTime":1675098936,"EndTime":1675115496,"CompressionValue":60}
07:Feb:2023 09:58:43.335  Info            REST REQUEST RECEIVED : ID:142 Type:6003, Data:{"ExchangeSegment":1,"ExchangeInstrumentId":11536,"StartTime":1675082376,"EndTime":1675098936,"CompressionValue":60}
07:Feb:2023 09:58:43.489  Info            REST REQUEST RECEIVED : ID:143 Type:6003, Data:{"ExchangeSegment":1,"ExchangeInstrumentId":11536,"StartTime":1675065816,"EndTime":1675082376,"CompressionValue":60}
07:Feb:2023 09:58:43.645  Info            REST REQUEST RECEIVED : ID:144 Type:6003, Data:{"ExchangeSegment":1,"ExchangeInstrumentId":11536,"StartTime":1675049256,"EndTime":1675065816,"CompressionValue":60}
07:Feb:2023 09:58:43.793  Info            REST REQUEST RECEIVED : ID:145 Type:6003, Data:{"ExchangeSegment":1,"ExchangeInstrumentId":11536,"StartTime":1675032696,"EndTime":1675049256,"CompressionValue":60}
07:Feb:2023 09:58:43.976  Info            REST REQUEST RECEIVED : ID:146 Type:6003, Data:{"ExchangeSegment":1,"ExchangeInstrumentId":11536,"StartTime":1675016136,"EndTime":1675032696,"CompressionValue":60}
07:Feb:2023 09:58:44.146  Info            REST REQUEST RECEIVED : ID:147 Type:6003, Data:{"ExchangeSegment":1,"ExchangeInstrumentId":11536,"StartTime":1674999576,"EndTime":1675016136,"CompressionValue":60}
07:Feb:2023 09:58:44.299  Info            REST REQUEST RECEIVED : ID:148 Type:6003, Data:{"ExchangeSegment":1,"ExchangeInstrumentId":11536,"StartTime":1674983016,"EndTime":1674999576,"CompressionValue":60}
07:Feb:2023 09:58:44.452  Info            REST REQUEST RECEIVED : ID:149 Type:6003, Data:{"ExchangeSegment":1,"ExchangeInstrumentId":11536,"StartTime":1674966456,"EndTime":1674983016,"CompressionValue":60}
07:Feb:2023 09:58:44.607  Info            REST REQUEST RECEIVED : ID:150 Type:6003, Data:{"ExchangeSegment":1,"ExchangeInstrumentId":11536,"StartTime":1674949896,"EndTime":1674966456,"CompressionValue":60}
07:Feb:2023 09:58:44.771  Info            REST REQUEST RECEIVED : ID:151 Type:6003, Data:{"ExchangeSegment":1,"ExchangeInstrumentId":11536,"StartTime":1674933336,"EndTime":1674949896,"CompressionValue":60}
07:Feb:2023 09:58:44.937  Info            REST REQUEST RECEIVED : ID:152 Type:6003, Data:{"ExchangeSegment":1,"ExchangeInstrumentId":11536,"StartTime":1674916776,"EndTime":1674933336,"CompressionValue":60}
07:Feb:2023 09:59:01.654  Info            One Minute Candle update called
07:Feb:2023 09:59:01.654  Info            One Minute Candle scrips count: 0
07:Feb:2023 09:59:01.654  Info            One Minute Candle scrips count: 0
07:Feb:2023 09:59:01.654  Info            One Minute Candle scrips count: 0
07:Feb:2023 09:59:01.654  Info            One Minute Candle scrips count: 0
07:Feb:2023 09:59:01.654  Info            One Minute Candle scrips count: 0
07:Feb:2023 09:59:01.654  Info            One Minute Candle scrips count: 0
07:Feb:2023 09:59:01.654  Info            One Minute Candle scrips count: 0
07:Feb:2023 09:59:01.654  Info            One Minute Candle scrips count: 0
07:Feb:2023 09:59:01.655  Info            One Minute Candle scrips count: 0
07:Feb:2023 09:59:01.655  Info            One Minute Candle scrips count: 0
07:Feb:2023 10:00:02.075  Info            One Minute Candle update called
07:Feb:2023 10:00:02.075  Info            One Minute Candle scrips count: 0
07:Feb:2023 10:00:02.075  Info            One Minute Candle scrips count: 0
07:Feb:2023 10:00:02.075  Info            One Minute Candle scrips count: 0
07:Feb:2023 10:00:02.075  Info            One Minute Candle scrips count: 0
07:Feb:2023 10:00:02.075  Info            One Minute Candle scrips count: 0
07:Feb:2023 10:00:02.075  Info            One Minute Candle scrips count: 0
07:Feb:2023 10:00:02.075  Info            One Minute Candle scrips count: 0
07:Feb:2023 10:00:02.075  Info            One Minute Candle scrips count: 0
07:Feb:2023 10:00:02.075  Info            One Minute Candle scrips count: 0
07:Feb:2023 10:00:02.075  Info            One Minute Candle scrips count: 0
07:Feb:2023 10:01:01.310  Info            One Minute Candle update called
07:Feb:2023 10:01:01.310  Info            One Minute Candle scrips count: 0
07:Feb:2023 10:01:01.310  Info            One Minute Candle scrips count: 0
07:Feb:2023 10:01:01.310  Info            One Minute Candle scrips count: 0
07:Feb:2023 10:01:01.310  Info            One Minute Candle scrips count: 0
07:Feb:2023 10:01:01.310  Info            One Minute Candle scrips count: 0
07:Feb:2023 10:01:01.310  Info            One Minute Candle scrips count: 0
07:Feb:2023 10:01:01.310  Info            One Minute Candle scrips count: 0
07:Feb:2023 10:01:01.310  Info            One Minute Candle scrips count: 0
07:Feb:2023 10:01:01.310  Info            One Minute Candle scrips count: 0
07:Feb:2023 10:01:01.310  Info            One Minute Candle scrips count: 0
07:Feb:2023 10:02:01.841  Info            One Minute Candle update called
07:Feb:2023 10:02:01.841  Info            One Minute Candle scrips count: 0
07:Feb:2023 10:02:01.841  Info            One Minute Candle scrips count: 0
07:Feb:2023 10:02:01.841  Info            One Minute Candle scrips count: 0
07:Feb:2023 10:02:01.841  Info            One Minute Candle scrips count: 0
07:Feb:2023 10:02:01.841  Info            One Minute Candle scrips count: 0
07:Feb:2023 10:02:01.841  Info            One Minute Candle scrips count: 0
07:Feb:2023 10:02:01.841  Info            One Minute Candle scrips count: 0
07:Feb:2023 10:02:01.841  Info            One Minute Candle scrips count: 0
07:Feb:2023 10:02:01.841  Info            One Minute Candle scrips count: 0
07:Feb:2023 10:02:01.841  Info            One Minute Candle scrips count: 0
07:Feb:2023 10:03:02.169  Info            One Minute Candle update called
07:Feb:2023 10:03:02.169  Info            One Minute Candle scrips count: 0
07:Feb:2023 10:03:02.169  Info            One Minute Candle scrips count: 0
07:Feb:2023 10:03:02.169  Info            One Minute Candle scrips count: 0
07:Feb:2023 10:03:02.169  Info            One Minute Candle scrips count: 0
07:Feb:2023 10:03:02.169  Info            One Minute Candle scrips count: 0
07:Feb:2023 10:03:02.169  Info            One Minute Candle scrips count: 0
07:Feb:2023 10:03:02.169  Info            One Minute Candle scrips count: 0
07:Feb:2023 10:03:02.169  Info            One Minute Candle scrips count: 0
07:Feb:2023 10:03:02.169  Info            One Minute Candle scrips count: 0
07:Feb:2023 10:03:02.169  Info            One Minute Candle scrips count: 0
07:Feb:2023 10:04:01.466  Info            One Minute Candle update called
07:Feb:2023 10:04:01.466  Info            One Minute Candle scrips count: 0
07:Feb:2023 10:04:01.466  Info            One Minute Candle scrips count: 0
07:Feb:2023 10:04:01.466  Info            One Minute Candle scrips count: 0
07:Feb:2023 10:04:01.466  Info            One Minute Candle scrips count: 0
07:Feb:2023 10:04:01.466  Info            One Minute Candle scrips count: 0
07:Feb:2023 10:04:01.466  Info            One Minute Candle scrips count: 0
07:Feb:2023 10:04:01.466  Info            One Minute Candle scrips count: 0
07:Feb:2023 10:04:01.466  Info            One Minute Candle scrips count: 0
07:Feb:2023 10:04:01.466  Info            One Minute Candle scrips count: 0
07:Feb:2023 10:04:01.466  Info            One Minute Candle scrips count: 0
07:Feb:2023 10:05:01.856  Info            One Minute Candle update called
07:Feb:2023 10:05:01.856  Info            One Minute Candle scrips count: 0
07:Feb:2023 10:05:01.856  Info            One Minute Candle scrips count: 0
07:Feb:2023 10:05:01.856  Info            One Minute Candle scrips count: 0
07:Feb:2023 10:05:01.856  Info            One Minute Candle scrips count: 0
07:Feb:2023 10:05:01.856  Info            One Minute Candle scrips count: 0
07:Feb:2023 10:05:01.856  Info            One Minute Candle scrips count: 0
07:Feb:2023 10:05:01.856  Info            One Minute Candle scrips count: 0
07:Feb:2023 10:05:01.856  Info            One Minute Candle scrips count: 0
07:Feb:2023 10:05:01.856  Info            One Minute Candle scrips count: 0
07:Feb:2023 10:05:01.856  Info            One Minute Candle scrips count: 0
07:Feb:2023 10:06:02.186  Info            One Minute Candle update called
07:Feb:2023 10:06:02.186  Info            One Minute Candle scrips count: 0
07:Feb:2023 10:06:02.186  Info            One Minute Candle scrips count: 0
07:Feb:2023 10:06:02.186  Info            One Minute Candle scrips count: 0
07:Feb:2023 10:06:02.186  Info            One Minute Candle scrips count: 0
07:Feb:2023 10:06:02.186  Info            One Minute Candle scrips count: 0
07:Feb:2023 10:06:02.186  Info            One Minute Candle scrips count: 0
07:Feb:2023 10:06:02.186  Info            One Minute Candle scrips count: 0
07:Feb:2023 10:06:02.186  Info            One Minute Candle scrips count: 0
07:Feb:2023 10:06:02.186  Info            One Minute Candle scrips count: 0
07:Feb:2023 10:06:02.186  Info            One Minute Candle scrips count: 0
07:Feb:2023 10:07:01.482  Info            One Minute Candle update called
07:Feb:2023 10:07:01.482  Info            One Minute Candle scrips count: 0
07:Feb:2023 10:07:01.482  Info            One Minute Candle scrips count: 0
07:Feb:2023 10:07:01.482  Info            One Minute Candle scrips count: 0
07:Feb:2023 10:07:01.482  Info            One Minute Candle scrips count: 0
07:Feb:2023 10:07:01.482  Info            One Minute Candle scrips count: 0
07:Feb:2023 10:07:01.482  Info            One Minute Candle scrips count: 0
07:Feb:2023 10:07:01.482  Info            One Minute Candle scrips count: 0
07:Feb:2023 10:07:01.482  Info            One Minute Candle scrips count: 0
07:Feb:2023 10:07:01.482  Info            One Minute Candle scrips count: 0
07:Feb:2023 10:07:01.482  Info            One Minute Candle scrips count: 0
07:Feb:2023 10:08:01.762  Info            One Minute Candle update called
07:Feb:2023 10:08:01.762  Info            One Minute Candle scrips count: 0
07:Feb:2023 10:08:01.762  Info            One Minute Candle scrips count: 0
07:Feb:2023 10:08:01.762  Info            One Minute Candle scrips count: 0
07:Feb:2023 10:08:01.762  Info            One Minute Candle scrips count: 0
07:Feb:2023 10:08:01.762  Info            One Minute Candle scrips count: 0
07:Feb:2023 10:08:01.762  Info            One Minute Candle scrips count: 0
07:Feb:2023 10:08:01.762  Info            One Minute Candle scrips count: 0
07:Feb:2023 10:08:01.762  Info            One Minute Candle scrips count: 0
07:Feb:2023 10:08:01.762  Info            One Minute Candle scrips count: 0
07:Feb:2023 10:08:01.762  Info            One Minute Candle scrips count: 0
07:Feb:2023 10:09:02.060  Info            One Minute Candle update called
07:Feb:2023 10:09:02.060  Info            One Minute Candle scrips count: 0
07:Feb:2023 10:09:02.060  Info            One Minute Candle scrips count: 0
07:Feb:2023 10:09:02.060  Info            One Minute Candle scrips count: 0
07:Feb:2023 10:09:02.060  Info            One Minute Candle scrips count: 0
07:Feb:2023 10:09:02.060  Info            One Minute Candle scrips count: 0
07:Feb:2023 10:09:02.060  Info            One Minute Candle scrips count: 0
07:Feb:2023 10:09:02.060  Info            One Minute Candle scrips count: 0
07:Feb:2023 10:09:02.060  Info            One Minute Candle scrips count: 0
07:Feb:2023 10:09:02.060  Info            One Minute Candle scrips count: 0
07:Feb:2023 10:09:02.060  Info            One Minute Candle scrips count: 0
07:Feb:2023 10:10:02.388  Info            One Minute Candle update called
07:Feb:2023 10:10:02.388  Info            One Minute Candle scrips count: 0
07:Feb:2023 10:10:02.388  Info            One Minute Candle scrips count: 0
07:Feb:2023 10:10:02.388  Info            One Minute Candle scrips count: 0
07:Feb:2023 10:10:02.388  Info            One Minute Candle scrips count: 0
07:Feb:2023 10:10:02.388  Info            One Minute Candle scrips count: 0
07:Feb:2023 10:10:02.388  Info            One Minute Candle scrips count: 0
07:Feb:2023 10:10:02.388  Info            One Minute Candle scrips count: 0
07:Feb:2023 10:10:02.388  Info            One Minute Candle scrips count: 0
07:Feb:2023 10:10:02.388  Info            One Minute Candle scrips count: 0
07:Feb:2023 10:10:02.388  Info            One Minute Candle scrips count: 0
07:Feb:2023 10:11:01.653  Info            One Minute Candle update called
07:Feb:2023 10:11:01.653  Info            One Minute Candle scrips count: 0
07:Feb:2023 10:11:01.653  Info            One Minute Candle scrips count: 0
07:Feb:2023 10:11:01.653  Info            One Minute Candle scrips count: 0
07:Feb:2023 10:11:01.653  Info            One Minute Candle scrips count: 0
07:Feb:2023 10:11:01.653  Info            One Minute Candle scrips count: 0
07:Feb:2023 10:11:01.653  Info            One Minute Candle scrips count: 0
07:Feb:2023 10:11:01.653  Info            One Minute Candle scrips count: 0
07:Feb:2023 10:11:01.653  Info            One Minute Candle scrips count: 0
07:Feb:2023 10:11:01.653  Info            One Minute Candle scrips count: 0
07:Feb:2023 10:11:01.653  Info            One Minute Candle scrips count: 0
07:Feb:2023 10:12:02.060  Info            One Minute Candle update called
07:Feb:2023 10:12:02.060  Info            One Minute Candle scrips count: 0
07:Feb:2023 10:12:02.060  Info            One Minute Candle scrips count: 0
07:Feb:2023 10:12:02.060  Info            One Minute Candle scrips count: 0
07:Feb:2023 10:12:02.060  Info            One Minute Candle scrips count: 0
07:Feb:2023 10:12:02.060  Info            One Minute Candle scrips count: 0
07:Feb:2023 10:12:02.060  Info            One Minute Candle scrips count: 0
07:Feb:2023 10:12:02.060  Info            One Minute Candle scrips count: 0
07:Feb:2023 10:12:02.060  Info            One Minute Candle scrips count: 0
07:Feb:2023 10:12:02.061  Info            One Minute Candle scrips count: 0
07:Feb:2023 10:12:02.061  Info            One Minute Candle scrips count: 0
07:Feb:2023 10:13:01.387  Info            One Minute Candle update called
07:Feb:2023 10:13:01.387  Info            One Minute Candle scrips count: 0
07:Feb:2023 10:13:01.387  Info            One Minute Candle scrips count: 0
07:Feb:2023 10:13:01.387  Info            One Minute Candle scrips count: 0
07:Feb:2023 10:13:01.387  Info            One Minute Candle scrips count: 0
07:Feb:2023 10:13:01.387  Info            One Minute Candle scrips count: 0
07:Feb:2023 10:13:01.387  Info            One Minute Candle scrips count: 0
07:Feb:2023 10:13:01.387  Info            One Minute Candle scrips count: 0
07:Feb:2023 10:13:01.387  Info            One Minute Candle scrips count: 0
07:Feb:2023 10:13:01.387  Info            One Minute Candle scrips count: 0
07:Feb:2023 10:13:01.387  Info            One Minute Candle scrips count: 0
07:Feb:2023 10:14:01.733  Info            One Minute Candle update called
07:Feb:2023 10:14:01.733  Info            One Minute Candle scrips count: 0
07:Feb:2023 10:14:01.733  Info            One Minute Candle scrips count: 0
07:Feb:2023 10:14:01.733  Info            One Minute Candle scrips count: 0
07:Feb:2023 10:14:01.733  Info            One Minute Candle scrips count: 0
07:Feb:2023 10:14:01.733  Info            One Minute Candle scrips count: 0
07:Feb:2023 10:14:01.733  Info            One Minute Candle scrips count: 0
07:Feb:2023 10:14:01.733  Info            One Minute Candle scrips count: 0
07:Feb:2023 10:14:01.733  Info            One Minute Candle scrips count: 0
07:Feb:2023 10:14:01.733  Info            One Minute Candle scrips count: 0
07:Feb:2023 10:14:01.733  Info            One Minute Candle scrips count: 0
07:Feb:2023 10:15:01.825  Info            One Minute Candle update called
07:Feb:2023 10:15:01.825  Info            One Minute Candle scrips count: 0
07:Feb:2023 10:15:01.825  Info            One Minute Candle scrips count: 0
07:Feb:2023 10:15:01.825  Info            One Minute Candle scrips count: 0
07:Feb:2023 10:15:01.825  Info            One Minute Candle scrips count: 0
07:Feb:2023 10:15:01.825  Info            One Minute Candle scrips count: 0
07:Feb:2023 10:15:01.825  Info            One Minute Candle scrips count: 0
07:Feb:2023 10:15:01.825  Info            One Minute Candle scrips count: 0
07:Feb:2023 10:15:01.825  Info            One Minute Candle scrips count: 0
07:Feb:2023 10:15:01.825  Info            One Minute Candle scrips count: 0
07:Feb:2023 10:15:01.825  Info            One Minute Candle scrips count: 0
07:Feb:2023 10:16:01.225  Info            REST REQUEST RECEIVED : ID:153 Type:6003, Data:{"ExchangeSegment":1,"ExchangeInstrumentId":26000,"StartTime":1675678562,"EndTime":1675937762,"CompressionValue":60}
07:Feb:2023 10:16:01.423  Info            REST REQUEST RECEIVED : ID:154 Type:6003, Data:{"ExchangeSegment":1,"ExchangeInstrumentId":26000,"StartTime":1675730342,"EndTime":1675745822,"CompressionValue":60}
07:Feb:2023 10:16:01.574  Info            REST REQUEST RECEIVED : ID:155 Type:6003, Data:{"ExchangeSegment":1,"ExchangeInstrumentId":26000,"StartTime":1675714862,"EndTime":1675730342,"CompressionValue":60}
07:Feb:2023 10:16:01.726  Info            REST REQUEST RECEIVED : ID:156 Type:6003, Data:{"ExchangeSegment":1,"ExchangeInstrumentId":26000,"StartTime":1675699382,"EndTime":1675714862,"CompressionValue":60}
07:Feb:2023 10:16:01.906  Info            REST REQUEST RECEIVED : ID:157 Type:6003, Data:{"ExchangeSegment":1,"ExchangeInstrumentId":26000,"StartTime":1675683902,"EndTime":1675699382,"CompressionValue":60}
07:Feb:2023 10:16:02.064  Info            REST REQUEST RECEIVED : ID:158 Type:6003, Data:{"ExchangeSegment":1,"ExchangeInstrumentId":26000,"StartTime":1675668422,"EndTime":1675683902,"CompressionValue":60}
07:Feb:2023 10:16:02.168  Info            One Minute Candle update called
07:Feb:2023 10:16:02.168  Info            One Minute Candle scrips count: 0
07:Feb:2023 10:16:02.168  Info            One Minute Candle scrips count: 0
07:Feb:2023 10:16:02.168  Info            One Minute Candle scrips count: 0
07:Feb:2023 10:16:02.168  Info            One Minute Candle scrips count: 0
07:Feb:2023 10:16:02.168  Info            One Minute Candle scrips count: 0
07:Feb:2023 10:16:02.168  Info            One Minute Candle scrips count: 0
07:Feb:2023 10:16:02.168  Info            One Minute Candle scrips count: 0
07:Feb:2023 10:16:02.168  Info            One Minute Candle scrips count: 0
07:Feb:2023 10:16:02.168  Info            One Minute Candle scrips count: 0
07:Feb:2023 10:16:02.168  Info            One Minute Candle scrips count: 0
07:Feb:2023 10:16:02.225  Info            REST REQUEST RECEIVED : ID:159 Type:6003, Data:{"ExchangeSegment":1,"ExchangeInstrumentId":26000,"StartTime":1675652942,"EndTime":1675668422,"CompressionValue":60}
07:Feb:2023 10:16:02.380  Info            REST REQUEST RECEIVED : ID:160 Type:6003, Data:{"ExchangeSegment":1,"ExchangeInstrumentId":26000,"StartTime":1675637462,"EndTime":1675652942,"CompressionValue":60}
07:Feb:2023 10:16:02.532  Info            REST REQUEST RECEIVED : ID:161 Type:6003, Data:{"ExchangeSegment":1,"ExchangeInstrumentId":26000,"StartTime":1675621982,"EndTime":1675637462,"CompressionValue":60}
07:Feb:2023 10:16:02.685  Info            REST REQUEST RECEIVED : ID:162 Type:6003, Data:{"ExchangeSegment":1,"ExchangeInstrumentId":26000,"StartTime":1675606502,"EndTime":1675621982,"CompressionValue":60}
07:Feb:2023 10:16:02.836  Info            REST REQUEST RECEIVED : ID:163 Type:6003, Data:{"ExchangeSegment":1,"ExchangeInstrumentId":26000,"StartTime":1675591022,"EndTime":1675606502,"CompressionValue":60}
07:Feb:2023 10:16:02.987  Info            REST REQUEST RECEIVED : ID:164 Type:6003, Data:{"ExchangeSegment":1,"ExchangeInstrumentId":26000,"StartTime":1675575542,"EndTime":1675591022,"CompressionValue":60}
07:Feb:2023 10:16:03.149  Info            REST REQUEST RECEIVED : ID:165 Type:6003, Data:{"ExchangeSegment":1,"ExchangeInstrumentId":26000,"StartTime":1675560062,"EndTime":1675575542,"CompressionValue":60}
07:Feb:2023 10:16:03.300  Info            REST REQUEST RECEIVED : ID:166 Type:6003, Data:{"ExchangeSegment":1,"ExchangeInstrumentId":26000,"StartTime":1675544582,"EndTime":1675560062,"CompressionValue":60}
07:Feb:2023 10:16:03.461  Info            REST REQUEST RECEIVED : ID:167 Type:6003, Data:{"ExchangeSegment":1,"ExchangeInstrumentId":26000,"StartTime":1675529102,"EndTime":1675544582,"CompressionValue":60}
07:Feb:2023 10:16:03.646  Info            REST REQUEST RECEIVED : ID:168 Type:6003, Data:{"ExchangeSegment":1,"ExchangeInstrumentId":26000,"StartTime":1675513622,"EndTime":1675529102,"CompressionValue":60}
07:Feb:2023 10:16:04.153  Info            REST REQUEST RECEIVED : ID:169 Type:6003, Data:{"ExchangeSegment":1,"ExchangeInstrumentId":26000,"StartTime":1675498142,"EndTime":1675513622,"CompressionValue":60}
07:Feb:2023 10:16:04.320  Info            REST REQUEST RECEIVED : ID:170 Type:6003, Data:{"ExchangeSegment":1,"ExchangeInstrumentId":26000,"StartTime":1675482662,"EndTime":1675498142,"CompressionValue":60}
07:Feb:2023 10:16:04.479  Info            REST REQUEST RECEIVED : ID:171 Type:6003, Data:{"ExchangeSegment":1,"ExchangeInstrumentId":26000,"StartTime":1675467182,"EndTime":1675482662,"CompressionValue":60}
07:Feb:2023 10:16:04.672  Info            REST REQUEST RECEIVED : ID:172 Type:6003, Data:{"ExchangeSegment":1,"ExchangeInstrumentId":26000,"StartTime":1675451702,"EndTime":1675467182,"CompressionValue":60}
07:Feb:2023 10:16:04.829  Info            REST REQUEST RECEIVED : ID:173 Type:6003, Data:{"ExchangeSegment":1,"ExchangeInstrumentId":26000,"StartTime":1675436222,"EndTime":1675451702,"CompressionValue":60}
07:Feb:2023 10:16:04.983  Info            REST REQUEST RECEIVED : ID:174 Type:6003, Data:{"ExchangeSegment":1,"ExchangeInstrumentId":26000,"StartTime":1675420742,"EndTime":1675436222,"CompressionValue":60}
07:Feb:2023 10:16:05.146  Info            REST REQUEST RECEIVED : ID:175 Type:6003, Data:{"ExchangeSegment":1,"ExchangeInstrumentId":26000,"StartTime":1675405262,"EndTime":1675420742,"CompressionValue":60}
07:Feb:2023 10:16:05.300  Info            REST REQUEST RECEIVED : ID:176 Type:6003, Data:{"ExchangeSegment":1,"ExchangeInstrumentId":26000,"StartTime":1675389782,"EndTime":1675405262,"CompressionValue":60}
07:Feb:2023 10:16:05.454  Info            REST REQUEST RECEIVED : ID:177 Type:6003, Data:{"ExchangeSegment":1,"ExchangeInstrumentId":26000,"StartTime":1675374302,"EndTime":1675389782,"CompressionValue":60}
07:Feb:2023 10:16:05.617  Info            REST REQUEST RECEIVED : ID:178 Type:6003, Data:{"ExchangeSegment":1,"ExchangeInstrumentId":26000,"StartTime":1675358822,"EndTime":1675374302,"CompressionValue":60}
07:Feb:2023 10:16:05.768  Info            REST REQUEST RECEIVED : ID:179 Type:6003, Data:{"ExchangeSegment":1,"ExchangeInstrumentId":26000,"StartTime":1675343342,"EndTime":1675358822,"CompressionValue":60}
07:Feb:2023 10:16:05.922  Info            REST REQUEST RECEIVED : ID:180 Type:6003, Data:{"ExchangeSegment":1,"ExchangeInstrumentId":26000,"StartTime":1675327862,"EndTime":1675343342,"CompressionValue":60}
07:Feb:2023 10:16:06.071  Info            REST REQUEST RECEIVED : ID:181 Type:6003, Data:{"ExchangeSegment":1,"ExchangeInstrumentId":26000,"StartTime":1675312382,"EndTime":1675327862,"CompressionValue":60}
07:Feb:2023 10:16:06.236  Info            REST REQUEST RECEIVED : ID:182 Type:6003, Data:{"ExchangeSegment":1,"ExchangeInstrumentId":26000,"StartTime":1675296902,"EndTime":1675312382,"CompressionValue":60}
07:Feb:2023 10:16:06.387  Info            REST REQUEST RECEIVED : ID:183 Type:6003, Data:{"ExchangeSegment":1,"ExchangeInstrumentId":26000,"StartTime":1675281422,"EndTime":1675296902,"CompressionValue":60}
07:Feb:2023 10:16:06.541  Info            REST REQUEST RECEIVED : ID:184 Type:6003, Data:{"ExchangeSegment":1,"ExchangeInstrumentId":26000,"StartTime":1675265942,"EndTime":1675281422,"CompressionValue":60}
07:Feb:2023 10:16:06.698  Info            REST REQUEST RECEIVED : ID:185 Type:6003, Data:{"ExchangeSegment":1,"ExchangeInstrumentId":26000,"StartTime":1675250462,"EndTime":1675265942,"CompressionValue":60}
07:Feb:2023 10:16:06.849  Info            REST REQUEST RECEIVED : ID:186 Type:6003, Data:{"ExchangeSegment":1,"ExchangeInstrumentId":26000,"StartTime":1675234982,"EndTime":1675250462,"CompressionValue":60}
07:Feb:2023 10:16:07.005  Info            REST REQUEST RECEIVED : ID:187 Type:6003, Data:{"ExchangeSegment":1,"ExchangeInstrumentId":26000,"StartTime":1675219502,"EndTime":1675234982,"CompressionValue":60}
07:Feb:2023 10:16:07.217  Info            REST REQUEST RECEIVED : ID:188 Type:6003, Data:{"ExchangeSegment":1,"ExchangeInstrumentId":26000,"StartTime":1675204022,"EndTime":1675219502,"CompressionValue":60}
07:Feb:2023 10:16:07.407  Info            REST REQUEST RECEIVED : ID:189 Type:6003, Data:{"ExchangeSegment":1,"ExchangeInstrumentId":26000,"StartTime":1675188542,"EndTime":1675204022,"CompressionValue":60}
07:Feb:2023 10:16:07.559  Info            REST REQUEST RECEIVED : ID:190 Type:6003, Data:{"ExchangeSegment":1,"ExchangeInstrumentId":26000,"StartTime":1675173062,"EndTime":1675188542,"CompressionValue":60}
07:Feb:2023 10:16:07.710  Info            REST REQUEST RECEIVED : ID:191 Type:6003, Data:{"ExchangeSegment":1,"ExchangeInstrumentId":26000,"StartTime":1675157582,"EndTime":1675173062,"CompressionValue":60}
07:Feb:2023 10:16:07.872  Info            REST REQUEST RECEIVED : ID:192 Type:6003, Data:{"ExchangeSegment":1,"ExchangeInstrumentId":26000,"StartTime":1675142102,"EndTime":1675157582,"CompressionValue":60}
07:Feb:2023 10:16:08.023  Info            REST REQUEST RECEIVED : ID:193 Type:6003, Data:{"ExchangeSegment":1,"ExchangeInstrumentId":26000,"StartTime":1675126622,"EndTime":1675142102,"CompressionValue":60}
07:Feb:2023 10:16:08.178  Info            REST REQUEST RECEIVED : ID:194 Type:6003, Data:{"ExchangeSegment":1,"ExchangeInstrumentId":26000,"StartTime":1675111142,"EndTime":1675126622,"CompressionValue":60}
07:Feb:2023 10:16:08.332  Info            REST REQUEST RECEIVED : ID:195 Type:6003, Data:{"ExchangeSegment":1,"ExchangeInstrumentId":26000,"StartTime":1675095662,"EndTime":1675111142,"CompressionValue":60}
07:Feb:2023 10:16:08.490  Info            REST REQUEST RECEIVED : ID:196 Type:6003, Data:{"ExchangeSegment":1,"ExchangeInstrumentId":26000,"StartTime":1675080182,"EndTime":1675095662,"CompressionValue":60}
07:Feb:2023 10:16:08.644  Info            REST REQUEST RECEIVED : ID:197 Type:6003, Data:{"ExchangeSegment":1,"ExchangeInstrumentId":26000,"StartTime":1675064702,"EndTime":1675080182,"CompressionValue":60}
07:Feb:2023 10:16:09.087  Info            REST REQUEST RECEIVED : ID:198 Type:6003, Data:{"ExchangeSegment":1,"ExchangeInstrumentId":26000,"StartTime":1675049222,"EndTime":1675064702,"CompressionValue":60}
07:Feb:2023 10:16:09.248  Info            REST REQUEST RECEIVED : ID:199 Type:6003, Data:{"ExchangeSegment":1,"ExchangeInstrumentId":26000,"StartTime":1675033742,"EndTime":1675049222,"CompressionValue":60}
07:Feb:2023 10:16:09.399  Info            REST REQUEST RECEIVED : ID:200 Type:6003, Data:{"ExchangeSegment":1,"ExchangeInstrumentId":26000,"StartTime":1675018262,"EndTime":1675033742,"CompressionValue":60}
07:Feb:2023 10:16:09.594  Info            REST REQUEST RECEIVED : ID:201 Type:6003, Data:{"ExchangeSegment":1,"ExchangeInstrumentId":26000,"StartTime":1675002782,"EndTime":1675018262,"CompressionValue":60}
07:Feb:2023 10:16:09.748  Info            REST REQUEST RECEIVED : ID:202 Type:6003, Data:{"ExchangeSegment":1,"ExchangeInstrumentId":26000,"StartTime":1674987302,"EndTime":1675002782,"CompressionValue":60}
07:Feb:2023 10:16:09.899  Info            REST REQUEST RECEIVED : ID:203 Type:6003, Data:{"ExchangeSegment":1,"ExchangeInstrumentId":26000,"StartTime":1674971822,"EndTime":1674987302,"CompressionValue":60}
07:Feb:2023 10:17:01.810  Info            One Minute Candle update called
07:Feb:2023 10:17:01.811  Info            One Minute Candle scrips count: 0
07:Feb:2023 10:17:01.811  Info            One Minute Candle scrips count: 0
07:Feb:2023 10:17:01.811  Info            One Minute Candle scrips count: 0
07:Feb:2023 10:17:01.811  Info            One Minute Candle scrips count: 0
07:Feb:2023 10:17:01.811  Info            One Minute Candle scrips count: 0
07:Feb:2023 10:17:01.811  Info            One Minute Candle scrips count: 0
07:Feb:2023 10:17:01.811  Info            One Minute Candle scrips count: 0
07:Feb:2023 10:17:01.811  Info            One Minute Candle scrips count: 0
07:Feb:2023 10:17:01.811  Info            One Minute Candle scrips count: 0
07:Feb:2023 10:17:01.811  Info            One Minute Candle scrips count: 0
07:Feb:2023 10:17:17.227  Info            REST REQUEST RECEIVED : ID:204 Type:6003, Data:{"ExchangeSegment":1,"ExchangeInstrumentId":11536,"StartTime":1675678636,"EndTime":1675937836,"CompressionValue":60}
07:Feb:2023 10:17:17.436  Info            REST REQUEST RECEIVED : ID:205 Type:6003, Data:{"ExchangeSegment":1,"ExchangeInstrumentId":11536,"StartTime":1675730476,"EndTime":1675745896,"CompressionValue":60}
07:Feb:2023 10:17:18.319  Info            REST REQUEST RECEIVED : ID:206 Type:6003, Data:{"ExchangeSegment":1,"ExchangeInstrumentId":11536,"StartTime":1675715056,"EndTime":1675730476,"CompressionValue":60}
07:Feb:2023 10:17:18.504  Info            REST REQUEST RECEIVED : ID:207 Type:6003, Data:{"ExchangeSegment":1,"ExchangeInstrumentId":11536,"StartTime":1675699636,"EndTime":1675715056,"CompressionValue":60}
07:Feb:2023 10:17:18.658  Info            REST REQUEST RECEIVED : ID:208 Type:6003, Data:{"ExchangeSegment":1,"ExchangeInstrumentId":11536,"StartTime":1675684216,"EndTime":1675699636,"CompressionValue":60}
07:Feb:2023 10:17:18.814  Info            REST REQUEST RECEIVED : ID:209 Type:6003, Data:{"ExchangeSegment":1,"ExchangeInstrumentId":11536,"StartTime":1675668796,"EndTime":1675684216,"CompressionValue":60}
07:Feb:2023 10:17:18.992  Info            REST REQUEST RECEIVED : ID:210 Type:6003, Data:{"ExchangeSegment":1,"ExchangeInstrumentId":11536,"StartTime":1675653376,"EndTime":1675668796,"CompressionValue":60}
07:Feb:2023 10:17:19.160  Info            REST REQUEST RECEIVED : ID:211 Type:6003, Data:{"ExchangeSegment":1,"ExchangeInstrumentId":11536,"StartTime":1675637956,"EndTime":1675653376,"CompressionValue":60}
07:Feb:2023 10:17:19.318  Info            REST REQUEST RECEIVED : ID:212 Type:6003, Data:{"ExchangeSegment":1,"ExchangeInstrumentId":11536,"StartTime":1675622536,"EndTime":1675637956,"CompressionValue":60}
07:Feb:2023 10:17:19.479  Info            REST REQUEST RECEIVED : ID:213 Type:6003, Data:{"ExchangeSegment":1,"ExchangeInstrumentId":11536,"StartTime":1675607116,"EndTime":1675622536,"CompressionValue":60}
07:Feb:2023 10:17:19.635  Info            REST REQUEST RECEIVED : ID:214 Type:6003, Data:{"ExchangeSegment":1,"ExchangeInstrumentId":11536,"StartTime":1675591696,"EndTime":1675607116,"CompressionValue":60}
07:Feb:2023 10:17:19.797  Info            REST REQUEST RECEIVED : ID:215 Type:6003, Data:{"ExchangeSegment":1,"ExchangeInstrumentId":11536,"StartTime":1675576276,"EndTime":1675591696,"CompressionValue":60}
07:Feb:2023 10:17:19.953  Info            REST REQUEST RECEIVED : ID:216 Type:6003, Data:{"ExchangeSegment":1,"ExchangeInstrumentId":11536,"StartTime":1675560856,"EndTime":1675576276,"CompressionValue":60}
07:Feb:2023 10:17:20.132  Info            REST REQUEST RECEIVED : ID:217 Type:6003, Data:{"ExchangeSegment":1,"ExchangeInstrumentId":11536,"StartTime":1675545436,"EndTime":1675560856,"CompressionValue":60}
07:Feb:2023 10:17:20.288  Info            REST REQUEST RECEIVED : ID:218 Type:6003, Data:{"ExchangeSegment":1,"ExchangeInstrumentId":11536,"StartTime":1675530016,"EndTime":1675545436,"CompressionValue":60}
07:Feb:2023 10:17:20.458  Info            REST REQUEST RECEIVED : ID:219 Type:6003, Data:{"ExchangeSegment":1,"ExchangeInstrumentId":11536,"StartTime":1675514596,"EndTime":1675530016,"CompressionValue":60}
07:Feb:2023 10:17:20.614  Info            REST REQUEST RECEIVED : ID:220 Type:6003, Data:{"ExchangeSegment":1,"ExchangeInstrumentId":11536,"StartTime":1675499176,"EndTime":1675514596,"CompressionValue":60}
07:Feb:2023 10:17:20.778  Info            REST REQUEST RECEIVED : ID:221 Type:6003, Data:{"ExchangeSegment":1,"ExchangeInstrumentId":11536,"StartTime":1675483756,"EndTime":1675499176,"CompressionValue":60}
07:Feb:2023 10:17:20.931  Info            REST REQUEST RECEIVED : ID:222 Type:6003, Data:{"ExchangeSegment":1,"ExchangeInstrumentId":11536,"StartTime":1675468336,"EndTime":1675483756,"CompressionValue":60}
07:Feb:2023 10:17:21.083  Info            REST REQUEST RECEIVED : ID:223 Type:6003, Data:{"ExchangeSegment":1,"ExchangeInstrumentId":11536,"StartTime":1675452916,"EndTime":1675468336,"CompressionValue":60}
07:Feb:2023 10:17:21.241  Info            REST REQUEST RECEIVED : ID:224 Type:6003, Data:{"ExchangeSegment":1,"ExchangeInstrumentId":11536,"StartTime":1675437496,"EndTime":1675452916,"CompressionValue":60}
07:Feb:2023 10:17:21.441  Info            REST REQUEST RECEIVED : ID:225 Type:6003, Data:{"ExchangeSegment":1,"ExchangeInstrumentId":11536,"StartTime":1675422076,"EndTime":1675437496,"CompressionValue":60}
07:Feb:2023 10:17:21.617  Info            REST REQUEST RECEIVED : ID:226 Type:6003, Data:{"ExchangeSegment":1,"ExchangeInstrumentId":11536,"StartTime":1675406656,"EndTime":1675422076,"CompressionValue":60}
07:Feb:2023 10:17:21.772  Info            REST REQUEST RECEIVED : ID:227 Type:6003, Data:{"ExchangeSegment":1,"ExchangeInstrumentId":11536,"StartTime":1675391236,"EndTime":1675406656,"CompressionValue":60}
07:Feb:2023 10:17:21.928  Info            REST REQUEST RECEIVED : ID:228 Type:6003, Data:{"ExchangeSegment":1,"ExchangeInstrumentId":11536,"StartTime":1675375816,"EndTime":1675391236,"CompressionValue":60}
07:Feb:2023 10:17:22.081  Info            REST REQUEST RECEIVED : ID:229 Type:6003, Data:{"ExchangeSegment":1,"ExchangeInstrumentId":11536,"StartTime":1675360396,"EndTime":1675375816,"CompressionValue":60}
07:Feb:2023 10:17:22.275  Info            REST REQUEST RECEIVED : ID:230 Type:6003, Data:{"ExchangeSegment":1,"ExchangeInstrumentId":11536,"StartTime":1675344976,"EndTime":1675360396,"CompressionValue":60}
07:Feb:2023 10:17:22.429  Info            REST REQUEST RECEIVED : ID:231 Type:6003, Data:{"ExchangeSegment":1,"ExchangeInstrumentId":11536,"StartTime":1675329556,"EndTime":1675344976,"CompressionValue":60}
07:Feb:2023 10:17:22.582  Info            REST REQUEST RECEIVED : ID:232 Type:6003, Data:{"ExchangeSegment":1,"ExchangeInstrumentId":11536,"StartTime":1675314136,"EndTime":1675329556,"CompressionValue":60}
07:Feb:2023 10:17:22.740  Info            REST REQUEST RECEIVED : ID:233 Type:6003, Data:{"ExchangeSegment":1,"ExchangeInstrumentId":11536,"StartTime":1675298716,"EndTime":1675314136,"CompressionValue":60}
07:Feb:2023 10:17:22.899  Info            REST REQUEST RECEIVED : ID:234 Type:6003, Data:{"ExchangeSegment":1,"ExchangeInstrumentId":11536,"StartTime":1675283296,"EndTime":1675298716,"CompressionValue":60}
07:Feb:2023 10:17:23.049  Info            REST REQUEST RECEIVED : ID:235 Type:6003, Data:{"ExchangeSegment":1,"ExchangeInstrumentId":11536,"StartTime":1675267876,"EndTime":1675283296,"CompressionValue":60}
07:Feb:2023 10:17:23.217  Info            REST REQUEST RECEIVED : ID:236 Type:6003, Data:{"ExchangeSegment":1,"ExchangeInstrumentId":11536,"StartTime":1675252456,"EndTime":1675267876,"CompressionValue":60}
07:Feb:2023 10:17:23.514  Info            REST REQUEST RECEIVED : ID:237 Type:6003, Data:{"ExchangeSegment":1,"ExchangeInstrumentId":11536,"StartTime":1675237036,"EndTime":1675252456,"CompressionValue":60}
07:Feb:2023 10:17:23.687  Info            REST REQUEST RECEIVED : ID:238 Type:6003, Data:{"ExchangeSegment":1,"ExchangeInstrumentId":11536,"StartTime":1675221616,"EndTime":1675237036,"CompressionValue":60}
07:Feb:2023 10:17:23.842  Info            REST REQUEST RECEIVED : ID:239 Type:6003, Data:{"ExchangeSegment":1,"ExchangeInstrumentId":11536,"StartTime":1675206196,"EndTime":1675221616,"CompressionValue":60}
07:Feb:2023 10:17:23.997  Info            REST REQUEST RECEIVED : ID:240 Type:6003, Data:{"ExchangeSegment":1,"ExchangeInstrumentId":11536,"StartTime":1675190776,"EndTime":1675206196,"CompressionValue":60}
07:Feb:2023 10:17:24.153  Info            REST REQUEST RECEIVED : ID:241 Type:6003, Data:{"ExchangeSegment":1,"ExchangeInstrumentId":11536,"StartTime":1675175356,"EndTime":1675190776,"CompressionValue":60}
07:Feb:2023 10:17:24.337  Info            REST REQUEST RECEIVED : ID:242 Type:6003, Data:{"ExchangeSegment":1,"ExchangeInstrumentId":11536,"StartTime":1675159936,"EndTime":1675175356,"CompressionValue":60}
07:Feb:2023 10:17:24.490  Info            REST REQUEST RECEIVED : ID:243 Type:6003, Data:{"ExchangeSegment":1,"ExchangeInstrumentId":11536,"StartTime":1675144516,"EndTime":1675159936,"CompressionValue":60}
07:Feb:2023 10:17:24.675  Info            REST REQUEST RECEIVED : ID:244 Type:6003, Data:{"ExchangeSegment":1,"ExchangeInstrumentId":11536,"StartTime":1675129096,"EndTime":1675144516,"CompressionValue":60}
07:Feb:2023 10:17:24.843  Info            REST REQUEST RECEIVED : ID:245 Type:6003, Data:{"ExchangeSegment":1,"ExchangeInstrumentId":11536,"StartTime":1675113676,"EndTime":1675129096,"CompressionValue":60}
07:Feb:2023 10:17:25.002  Info            REST REQUEST RECEIVED : ID:246 Type:6003, Data:{"ExchangeSegment":1,"ExchangeInstrumentId":11536,"StartTime":1675098256,"EndTime":1675113676,"CompressionValue":60}
07:Feb:2023 10:17:25.160  Info            REST REQUEST RECEIVED : ID:247 Type:6003, Data:{"ExchangeSegment":1,"ExchangeInstrumentId":11536,"StartTime":1675082836,"EndTime":1675098256,"CompressionValue":60}
07:Feb:2023 10:17:25.322  Info            REST REQUEST RECEIVED : ID:248 Type:6003, Data:{"ExchangeSegment":1,"ExchangeInstrumentId":11536,"StartTime":1675067416,"EndTime":1675082836,"CompressionValue":60}
07:Feb:2023 10:17:25.490  Info            REST REQUEST RECEIVED : ID:249 Type:6003, Data:{"ExchangeSegment":1,"ExchangeInstrumentId":11536,"StartTime":1675051996,"EndTime":1675067416,"CompressionValue":60}
07:Feb:2023 10:17:25.645  Info            REST REQUEST RECEIVED : ID:250 Type:6003, Data:{"ExchangeSegment":1,"ExchangeInstrumentId":11536,"StartTime":1675036576,"EndTime":1675051996,"CompressionValue":60}
07:Feb:2023 10:17:25.797  Info            REST REQUEST RECEIVED : ID:251 Type:6003, Data:{"ExchangeSegment":1,"ExchangeInstrumentId":11536,"StartTime":1675021156,"EndTime":1675036576,"CompressionValue":60}
07:Feb:2023 10:17:25.949  Info            REST REQUEST RECEIVED : ID:252 Type:6003, Data:{"ExchangeSegment":1,"ExchangeInstrumentId":11536,"StartTime":1675005736,"EndTime":1675021156,"CompressionValue":60}
07:Feb:2023 10:17:26.102  Info            REST REQUEST RECEIVED : ID:253 Type:6003, Data:{"ExchangeSegment":1,"ExchangeInstrumentId":11536,"StartTime":1674990316,"EndTime":1675005736,"CompressionValue":60}
07:Feb:2023 10:17:26.255  Info            REST REQUEST RECEIVED : ID:254 Type:6003, Data:{"ExchangeSegment":1,"ExchangeInstrumentId":11536,"StartTime":1674974896,"EndTime":1674990316,"CompressionValue":60}
07:Feb:2023 10:18:01.435  Info            One Minute Candle update called
07:Feb:2023 10:18:01.435  Info            One Minute Candle scrips count: 0
07:Feb:2023 10:18:01.435  Info            One Minute Candle scrips count: 0
07:Feb:2023 10:18:01.435  Info            One Minute Candle scrips count: 0
07:Feb:2023 10:18:01.435  Info            One Minute Candle scrips count: 0
07:Feb:2023 10:18:01.435  Info            One Minute Candle scrips count: 0
07:Feb:2023 10:18:01.435  Info            One Minute Candle scrips count: 0
07:Feb:2023 10:18:01.435  Info            One Minute Candle scrips count: 0
07:Feb:2023 10:18:01.435  Info            One Minute Candle scrips count: 0
07:Feb:2023 10:18:01.435  Info            One Minute Candle scrips count: 0
07:Feb:2023 10:18:01.435  Info            One Minute Candle scrips count: 0
07:Feb:2023 10:19:01.872  Info            One Minute Candle update called
07:Feb:2023 10:19:01.872  Info            One Minute Candle scrips count: 0
07:Feb:2023 10:19:01.872  Info            One Minute Candle scrips count: 0
07:Feb:2023 10:19:01.872  Info            One Minute Candle scrips count: 0
07:Feb:2023 10:19:01.872  Info            One Minute Candle scrips count: 0
07:Feb:2023 10:19:01.872  Info            One Minute Candle scrips count: 0
07:Feb:2023 10:19:01.872  Info            One Minute Candle scrips count: 0
07:Feb:2023 10:19:01.872  Info            One Minute Candle scrips count: 0
07:Feb:2023 10:19:01.872  Info            One Minute Candle scrips count: 0
07:Feb:2023 10:19:01.872  Info            One Minute Candle scrips count: 0
07:Feb:2023 10:19:01.872  Info            One Minute Candle scrips count: 0
07:Feb:2023 10:20:01.325  Info            One Minute Candle update called
07:Feb:2023 10:20:01.325  Info            One Minute Candle scrips count: 0
07:Feb:2023 10:20:01.325  Info            One Minute Candle scrips count: 0
07:Feb:2023 10:20:01.325  Info            One Minute Candle scrips count: 0
07:Feb:2023 10:20:01.325  Info            One Minute Candle scrips count: 0
07:Feb:2023 10:20:01.325  Info            One Minute Candle scrips count: 0
07:Feb:2023 10:20:01.325  Info            One Minute Candle scrips count: 0
07:Feb:2023 10:20:01.325  Info            One Minute Candle scrips count: 0
07:Feb:2023 10:20:01.325  Info            One Minute Candle scrips count: 0
07:Feb:2023 10:20:01.325  Info            One Minute Candle scrips count: 0
07:Feb:2023 10:20:01.325  Info            One Minute Candle scrips count: 0
07:Feb:2023 10:21:01.669  Info            One Minute Candle update called
07:Feb:2023 10:21:01.669  Info            One Minute Candle scrips count: 0
07:Feb:2023 10:21:01.669  Info            One Minute Candle scrips count: 0
07:Feb:2023 10:21:01.669  Info            One Minute Candle scrips count: 0
07:Feb:2023 10:21:01.669  Info            One Minute Candle scrips count: 0
07:Feb:2023 10:21:01.669  Info            One Minute Candle scrips count: 0
07:Feb:2023 10:21:01.669  Info            One Minute Candle scrips count: 0
07:Feb:2023 10:21:01.669  Info            One Minute Candle scrips count: 0
07:Feb:2023 10:21:01.669  Info            One Minute Candle scrips count: 0
07:Feb:2023 10:21:01.669  Info            One Minute Candle scrips count: 0
07:Feb:2023 10:21:01.669  Info            One Minute Candle scrips count: 0
07:Feb:2023 10:21:17.775  Info            REST REQUEST RECEIVED : ID:255 Type:6003, Data:{"ExchangeSegment":1,"ExchangeInstrumentId":26000,"StartTime":1675678863,"EndTime":1675938063,"CompressionValue":60}
07:Feb:2023 10:21:17.932  Info            REST REQUEST RECEIVED : ID:256 Type:6003, Data:{"ExchangeSegment":1,"ExchangeInstrumentId":26000,"StartTime":1675732143,"EndTime":1675747323,"CompressionValue":60}
07:Feb:2023 10:21:18.085  Info            REST REQUEST RECEIVED : ID:257 Type:6003, Data:{"ExchangeSegment":1,"ExchangeInstrumentId":26000,"StartTime":1675716963,"EndTime":1675732143,"CompressionValue":60}
07:Feb:2023 10:21:18.236  Info            REST REQUEST RECEIVED : ID:258 Type:6003, Data:{"ExchangeSegment":1,"ExchangeInstrumentId":26000,"StartTime":1675701783,"EndTime":1675716963,"CompressionValue":60}
07:Feb:2023 10:21:18.389  Info            REST REQUEST RECEIVED : ID:259 Type:6003, Data:{"ExchangeSegment":1,"ExchangeInstrumentId":26000,"StartTime":1675686603,"EndTime":1675701783,"CompressionValue":60}
07:Feb:2023 10:21:18.542  Info            REST REQUEST RECEIVED : ID:260 Type:6003, Data:{"ExchangeSegment":1,"ExchangeInstrumentId":26000,"StartTime":1675671423,"EndTime":1675686603,"CompressionValue":60}
07:Feb:2023 10:21:18.710  Info            REST REQUEST RECEIVED : ID:261 Type:6003, Data:{"ExchangeSegment":1,"ExchangeInstrumentId":26000,"StartTime":1675656243,"EndTime":1675671423,"CompressionValue":60}
07:Feb:2023 10:21:18.869  Info            REST REQUEST RECEIVED : ID:262 Type:6003, Data:{"ExchangeSegment":1,"ExchangeInstrumentId":26000,"StartTime":1675641063,"EndTime":1675656243,"CompressionValue":60}
07:Feb:2023 10:21:19.021  Info            REST REQUEST RECEIVED : ID:263 Type:6003, Data:{"ExchangeSegment":1,"ExchangeInstrumentId":26000,"StartTime":1675625883,"EndTime":1675641063,"CompressionValue":60}
07:Feb:2023 10:21:19.173  Info            REST REQUEST RECEIVED : ID:264 Type:6003, Data:{"ExchangeSegment":1,"ExchangeInstrumentId":26000,"StartTime":1675610703,"EndTime":1675625883,"CompressionValue":60}
07:Feb:2023 10:21:19.329  Info            REST REQUEST RECEIVED : ID:265 Type:6003, Data:{"ExchangeSegment":1,"ExchangeInstrumentId":26000,"StartTime":1675595523,"EndTime":1675610703,"CompressionValue":60}
07:Feb:2023 10:21:19.609  Info            REST REQUEST RECEIVED : ID:266 Type:6003, Data:{"ExchangeSegment":1,"ExchangeInstrumentId":26000,"StartTime":1675580343,"EndTime":1675595523,"CompressionValue":60}
07:Feb:2023 10:21:19.882  Info            REST REQUEST RECEIVED : ID:267 Type:6003, Data:{"ExchangeSegment":1,"ExchangeInstrumentId":26000,"StartTime":1675565163,"EndTime":1675580343,"CompressionValue":60}
07:Feb:2023 10:21:20.032  Info            REST REQUEST RECEIVED : ID:268 Type:6003, Data:{"ExchangeSegment":1,"ExchangeInstrumentId":26000,"StartTime":1675549983,"EndTime":1675565163,"CompressionValue":60}
07:Feb:2023 10:21:20.186  Info            REST REQUEST RECEIVED : ID:269 Type:6003, Data:{"ExchangeSegment":1,"ExchangeInstrumentId":26000,"StartTime":1675534803,"EndTime":1675549983,"CompressionValue":60}
07:Feb:2023 10:21:20.339  Info            REST REQUEST RECEIVED : ID:270 Type:6003, Data:{"ExchangeSegment":1,"ExchangeInstrumentId":26000,"StartTime":1675519623,"EndTime":1675534803,"CompressionValue":60}
07:Feb:2023 10:21:20.494  Info            REST REQUEST RECEIVED : ID:271 Type:6003, Data:{"ExchangeSegment":1,"ExchangeInstrumentId":26000,"StartTime":1675504443,"EndTime":1675519623,"CompressionValue":60}
07:Feb:2023 10:21:20.658  Info            REST REQUEST RECEIVED : ID:272 Type:6003, Data:{"ExchangeSegment":1,"ExchangeInstrumentId":26000,"StartTime":1675489263,"EndTime":1675504443,"CompressionValue":60}
07:Feb:2023 10:21:20.810  Info            REST REQUEST RECEIVED : ID:273 Type:6003, Data:{"ExchangeSegment":1,"ExchangeInstrumentId":26000,"StartTime":1675474083,"EndTime":1675489263,"CompressionValue":60}
07:Feb:2023 10:21:20.964  Info            REST REQUEST RECEIVED : ID:274 Type:6003, Data:{"ExchangeSegment":1,"ExchangeInstrumentId":26000,"StartTime":1675458903,"EndTime":1675474083,"CompressionValue":60}
07:Feb:2023 10:21:21.115  Info            REST REQUEST RECEIVED : ID:275 Type:6003, Data:{"ExchangeSegment":1,"ExchangeInstrumentId":26000,"StartTime":1675443723,"EndTime":1675458903,"CompressionValue":60}
07:Feb:2023 10:21:21.267  Info            REST REQUEST RECEIVED : ID:276 Type:6003, Data:{"ExchangeSegment":1,"ExchangeInstrumentId":26000,"StartTime":1675428543,"EndTime":1675443723,"CompressionValue":60}
07:Feb:2023 10:21:21.430  Info            REST REQUEST RECEIVED : ID:277 Type:6003, Data:{"ExchangeSegment":1,"ExchangeInstrumentId":26000,"StartTime":1675413363,"EndTime":1675428543,"CompressionValue":60}
07:Feb:2023 10:21:21.584  Info            REST REQUEST RECEIVED : ID:278 Type:6003, Data:{"ExchangeSegment":1,"ExchangeInstrumentId":26000,"StartTime":1675398183,"EndTime":1675413363,"CompressionValue":60}
07:Feb:2023 10:21:21.737  Info            REST REQUEST RECEIVED : ID:279 Type:6003, Data:{"ExchangeSegment":1,"ExchangeInstrumentId":26000,"StartTime":1675383003,"EndTime":1675398183,"CompressionValue":60}
07:Feb:2023 10:21:21.893  Info            REST REQUEST RECEIVED : ID:280 Type:6003, Data:{"ExchangeSegment":1,"ExchangeInstrumentId":26000,"StartTime":1675367823,"EndTime":1675383003,"CompressionValue":60}
07:Feb:2023 10:21:22.050  Info            REST REQUEST RECEIVED : ID:281 Type:6003, Data:{"ExchangeSegment":1,"ExchangeInstrumentId":26000,"StartTime":1675352643,"EndTime":1675367823,"CompressionValue":60}
07:Feb:2023 10:21:22.214  Info            REST REQUEST RECEIVED : ID:282 Type:6003, Data:{"ExchangeSegment":1,"ExchangeInstrumentId":26000,"StartTime":1675337463,"EndTime":1675352643,"CompressionValue":60}
07:Feb:2023 10:21:22.367  Info            REST REQUEST RECEIVED : ID:283 Type:6003, Data:{"ExchangeSegment":1,"ExchangeInstrumentId":26000,"StartTime":1675322283,"EndTime":1675337463,"CompressionValue":60}
07:Feb:2023 10:21:22.520  Info            REST REQUEST RECEIVED : ID:284 Type:6003, Data:{"ExchangeSegment":1,"ExchangeInstrumentId":26000,"StartTime":1675307103,"EndTime":1675322283,"CompressionValue":60}
07:Feb:2023 10:21:22.678  Info            REST REQUEST RECEIVED : ID:285 Type:6003, Data:{"ExchangeSegment":1,"ExchangeInstrumentId":26000,"StartTime":1675291923,"EndTime":1675307103,"CompressionValue":60}
07:Feb:2023 10:21:22.832  Info            REST REQUEST RECEIVED : ID:286 Type:6003, Data:{"ExchangeSegment":1,"ExchangeInstrumentId":26000,"StartTime":1675276743,"EndTime":1675291923,"CompressionValue":60}
07:Feb:2023 10:21:22.984  Info            REST REQUEST RECEIVED : ID:287 Type:6003, Data:{"ExchangeSegment":1,"ExchangeInstrumentId":26000,"StartTime":1675261563,"EndTime":1675276743,"CompressionValue":60}
07:Feb:2023 10:21:23.137  Info            REST REQUEST RECEIVED : ID:288 Type:6003, Data:{"ExchangeSegment":1,"ExchangeInstrumentId":26000,"StartTime":1675246383,"EndTime":1675261563,"CompressionValue":60}
07:Feb:2023 10:21:23.290  Info            REST REQUEST RECEIVED : ID:289 Type:6003, Data:{"ExchangeSegment":1,"ExchangeInstrumentId":26000,"StartTime":1675231203,"EndTime":1675246383,"CompressionValue":60}
07:Feb:2023 10:21:23.486  Info            REST REQUEST RECEIVED : ID:290 Type:6003, Data:{"ExchangeSegment":1,"ExchangeInstrumentId":26000,"StartTime":1675216023,"EndTime":1675231203,"CompressionValue":60}
07:Feb:2023 10:21:23.640  Info            REST REQUEST RECEIVED : ID:291 Type:6003, Data:{"ExchangeSegment":1,"ExchangeInstrumentId":26000,"StartTime":1675200843,"EndTime":1675216023,"CompressionValue":60}
07:Feb:2023 10:21:23.794  Info            REST REQUEST RECEIVED : ID:292 Type:6003, Data:{"ExchangeSegment":1,"ExchangeInstrumentId":26000,"StartTime":1675185663,"EndTime":1675200843,"CompressionValue":60}
07:Feb:2023 10:21:23.987  Info            REST REQUEST RECEIVED : ID:293 Type:6003, Data:{"ExchangeSegment":1,"ExchangeInstrumentId":26000,"StartTime":1675170483,"EndTime":1675185663,"CompressionValue":60}
07:Feb:2023 10:21:24.147  Info            REST REQUEST RECEIVED : ID:294 Type:6003, Data:{"ExchangeSegment":1,"ExchangeInstrumentId":26000,"StartTime":1675155303,"EndTime":1675170483,"CompressionValue":60}
07:Feb:2023 10:21:24.344  Info            REST REQUEST RECEIVED : ID:295 Type:6003, Data:{"ExchangeSegment":1,"ExchangeInstrumentId":26000,"StartTime":1675140123,"EndTime":1675155303,"CompressionValue":60}
07:Feb:2023 10:21:24.501  Info            REST REQUEST RECEIVED : ID:296 Type:6003, Data:{"ExchangeSegment":1,"ExchangeInstrumentId":26000,"StartTime":1675124943,"EndTime":1675140123,"CompressionValue":60}
07:Feb:2023 10:21:24.657  Info            REST REQUEST RECEIVED : ID:297 Type:6003, Data:{"ExchangeSegment":1,"ExchangeInstrumentId":26000,"StartTime":1675109763,"EndTime":1675124943,"CompressionValue":60}
07:Feb:2023 10:21:24.838  Info            REST REQUEST RECEIVED : ID:298 Type:6003, Data:{"ExchangeSegment":1,"ExchangeInstrumentId":26000,"StartTime":1675094583,"EndTime":1675109763,"CompressionValue":60}
07:Feb:2023 10:21:24.993  Info            REST REQUEST RECEIVED : ID:299 Type:6003, Data:{"ExchangeSegment":1,"ExchangeInstrumentId":26000,"StartTime":1675079403,"EndTime":1675094583,"CompressionValue":60}
07:Feb:2023 10:21:25.156  Info            REST REQUEST RECEIVED : ID:300 Type:6003, Data:{"ExchangeSegment":1,"ExchangeInstrumentId":26000,"StartTime":1675064223,"EndTime":1675079403,"CompressionValue":60}
07:Feb:2023 10:21:25.309  Info            REST REQUEST RECEIVED : ID:301 Type:6003, Data:{"ExchangeSegment":1,"ExchangeInstrumentId":26000,"StartTime":1675049043,"EndTime":1675064223,"CompressionValue":60}
07:Feb:2023 10:21:25.469  Info            REST REQUEST RECEIVED : ID:302 Type:6003, Data:{"ExchangeSegment":1,"ExchangeInstrumentId":26000,"StartTime":1675033863,"EndTime":1675049043,"CompressionValue":60}
07:Feb:2023 10:21:25.635  Info            REST REQUEST RECEIVED : ID:303 Type:6003, Data:{"ExchangeSegment":1,"ExchangeInstrumentId":26000,"StartTime":1675018683,"EndTime":1675033863,"CompressionValue":60}
07:Feb:2023 10:21:25.804  Info            REST REQUEST RECEIVED : ID:304 Type:6003, Data:{"ExchangeSegment":1,"ExchangeInstrumentId":26000,"StartTime":1675003503,"EndTime":1675018683,"CompressionValue":60}
07:Feb:2023 10:21:26.034  Info            REST REQUEST RECEIVED : ID:305 Type:6003, Data:{"ExchangeSegment":1,"ExchangeInstrumentId":26000,"StartTime":1674988323,"EndTime":1675003503,"CompressionValue":60}
07:Feb:2023 10:22:03.028  Info            One Minute Candle update called
07:Feb:2023 10:22:03.028  Info            One Minute Candle scrips count: 0
07:Feb:2023 10:22:03.028  Info            One Minute Candle scrips count: 0
07:Feb:2023 10:22:03.028  Info            One Minute Candle scrips count: 0
07:Feb:2023 10:22:03.028  Info            One Minute Candle scrips count: 0
07:Feb:2023 10:22:03.028  Info            One Minute Candle scrips count: 0
07:Feb:2023 10:22:03.028  Info            One Minute Candle scrips count: 0
07:Feb:2023 10:22:03.028  Info            One Minute Candle scrips count: 0
07:Feb:2023 10:22:03.028  Info            One Minute Candle scrips count: 0
07:Feb:2023 10:22:03.028  Info            One Minute Candle scrips count: 0
07:Feb:2023 10:22:03.028  Info            One Minute Candle scrips count: 0
07:Feb:2023 10:23:01.279  Info            One Minute Candle update called
07:Feb:2023 10:23:01.279  Info            One Minute Candle scrips count: 0
07:Feb:2023 10:23:01.279  Info            One Minute Candle scrips count: 0
07:Feb:2023 10:23:01.279  Info            One Minute Candle scrips count: 0
07:Feb:2023 10:23:01.279  Info            One Minute Candle scrips count: 0
07:Feb:2023 10:23:01.279  Info            One Minute Candle scrips count: 0
07:Feb:2023 10:23:01.279  Info            One Minute Candle scrips count: 0
07:Feb:2023 10:23:01.279  Info            One Minute Candle scrips count: 0
07:Feb:2023 10:23:01.279  Info            One Minute Candle scrips count: 0
07:Feb:2023 10:23:01.279  Info            One Minute Candle scrips count: 0
07:Feb:2023 10:23:01.279  Info            One Minute Candle scrips count: 0
07:Feb:2023 10:24:01.591  Info            One Minute Candle update called
07:Feb:2023 10:24:01.591  Info            One Minute Candle scrips count: 0
07:Feb:2023 10:24:01.591  Info            One Minute Candle scrips count: 0
07:Feb:2023 10:24:01.591  Info            One Minute Candle scrips count: 0
07:Feb:2023 10:24:01.591  Info            One Minute Candle scrips count: 0
07:Feb:2023 10:24:01.591  Info            One Minute Candle scrips count: 0
07:Feb:2023 10:24:01.591  Info            One Minute Candle scrips count: 0
07:Feb:2023 10:24:01.591  Info            One Minute Candle scrips count: 0
07:Feb:2023 10:24:01.591  Info            One Minute Candle scrips count: 0
07:Feb:2023 10:24:01.591  Info            One Minute Candle scrips count: 0
07:Feb:2023 10:24:01.591  Info            One Minute Candle scrips count: 0
07:Feb:2023 10:25:01.684  Info            One Minute Candle update called
07:Feb:2023 10:25:01.684  Info            One Minute Candle scrips count: 0
07:Feb:2023 10:25:01.684  Info            One Minute Candle scrips count: 0
07:Feb:2023 10:25:01.684  Info            One Minute Candle scrips count: 0
07:Feb:2023 10:25:01.684  Info            One Minute Candle scrips count: 0
07:Feb:2023 10:25:01.684  Info            One Minute Candle scrips count: 0
07:Feb:2023 10:25:01.684  Info            One Minute Candle scrips count: 0
07:Feb:2023 10:25:01.684  Info            One Minute Candle scrips count: 0
07:Feb:2023 10:25:01.684  Info            One Minute Candle scrips count: 0
07:Feb:2023 10:25:01.684  Info            One Minute Candle scrips count: 0
07:Feb:2023 10:25:01.684  Info            One Minute Candle scrips count: 0
07:Feb:2023 10:26:01.934  Info            One Minute Candle update called
07:Feb:2023 10:26:01.934  Info            One Minute Candle scrips count: 0
07:Feb:2023 10:26:01.934  Info            One Minute Candle scrips count: 0
07:Feb:2023 10:26:01.934  Info            One Minute Candle scrips count: 0
07:Feb:2023 10:26:01.934  Info            One Minute Candle scrips count: 0
07:Feb:2023 10:26:01.934  Info            One Minute Candle scrips count: 0
07:Feb:2023 10:26:01.934  Info            One Minute Candle scrips count: 0
07:Feb:2023 10:26:01.934  Info            One Minute Candle scrips count: 0
07:Feb:2023 10:26:01.934  Info            One Minute Candle scrips count: 0
07:Feb:2023 10:26:01.934  Info            One Minute Candle scrips count: 0
07:Feb:2023 10:26:01.934  Info            One Minute Candle scrips count: 0
07:Feb:2023 10:27:01.325  Info            One Minute Candle update called
07:Feb:2023 10:27:01.325  Info            One Minute Candle scrips count: 0
07:Feb:2023 10:27:01.325  Info            One Minute Candle scrips count: 0
07:Feb:2023 10:27:01.325  Info            One Minute Candle scrips count: 0
07:Feb:2023 10:27:01.325  Info            One Minute Candle scrips count: 0
07:Feb:2023 10:27:01.325  Info            One Minute Candle scrips count: 0
07:Feb:2023 10:27:01.325  Info            One Minute Candle scrips count: 0
07:Feb:2023 10:27:01.325  Info            One Minute Candle scrips count: 0
07:Feb:2023 10:27:01.325  Info            One Minute Candle scrips count: 0
07:Feb:2023 10:27:01.325  Info            One Minute Candle scrips count: 0
07:Feb:2023 10:27:01.325  Info            One Minute Candle scrips count: 0
07:Feb:2023 10:27:37.990  Info            REST REQUEST RECEIVED : ID:306 Type:6003, Data:{"ExchangeSegment":1,"ExchangeInstrumentId":11536,"StartTime":1675679257,"EndTime":1675938457,"CompressionValue":60}
07:Feb:2023 10:27:38.323  Info            REST REQUEST RECEIVED : ID:307 Type:6003, Data:{"ExchangeSegment":1,"ExchangeInstrumentId":11536,"StartTime":1675731697,"EndTime":1675746517,"CompressionValue":60}
07:Feb:2023 10:27:38.616  Info            REST REQUEST RECEIVED : ID:308 Type:6003, Data:{"ExchangeSegment":1,"ExchangeInstrumentId":11536,"StartTime":1675716877,"EndTime":1675731697,"CompressionValue":60}
07:Feb:2023 10:27:38.912  Info            REST REQUEST RECEIVED : ID:309 Type:6003, Data:{"ExchangeSegment":1,"ExchangeInstrumentId":11536,"StartTime":1675702057,"EndTime":1675716877,"CompressionValue":60}
07:Feb:2023 10:27:39.190  Info            REST REQUEST RECEIVED : ID:310 Type:6003, Data:{"ExchangeSegment":1,"ExchangeInstrumentId":11536,"StartTime":1675687237,"EndTime":1675702057,"CompressionValue":60}
07:Feb:2023 10:27:39.487  Info            REST REQUEST RECEIVED : ID:311 Type:6003, Data:{"ExchangeSegment":1,"ExchangeInstrumentId":11536,"StartTime":1675672417,"EndTime":1675687237,"CompressionValue":60}
07:Feb:2023 10:27:39.761  Info            REST REQUEST RECEIVED : ID:312 Type:6003, Data:{"ExchangeSegment":1,"ExchangeInstrumentId":11536,"StartTime":1675657597,"EndTime":1675672417,"CompressionValue":60}
07:Feb:2023 10:27:40.045  Info            REST REQUEST RECEIVED : ID:313 Type:6003, Data:{"ExchangeSegment":1,"ExchangeInstrumentId":11536,"StartTime":1675642777,"EndTime":1675657597,"CompressionValue":60}
07:Feb:2023 10:27:40.320  Info            REST REQUEST RECEIVED : ID:314 Type:6003, Data:{"ExchangeSegment":1,"ExchangeInstrumentId":11536,"StartTime":1675627957,"EndTime":1675642777,"CompressionValue":60}
07:Feb:2023 10:27:40.637  Info            REST REQUEST RECEIVED : ID:315 Type:6003, Data:{"ExchangeSegment":1,"ExchangeInstrumentId":11536,"StartTime":1675613137,"EndTime":1675627957,"CompressionValue":60}
07:Feb:2023 10:27:40.971  Info            REST REQUEST RECEIVED : ID:316 Type:6003, Data:{"ExchangeSegment":1,"ExchangeInstrumentId":11536,"StartTime":1675598317,"EndTime":1675613137,"CompressionValue":60}
07:Feb:2023 10:27:41.244  Info            REST REQUEST RECEIVED : ID:317 Type:6003, Data:{"ExchangeSegment":1,"ExchangeInstrumentId":11536,"StartTime":1675583497,"EndTime":1675598317,"CompressionValue":60}
07:Feb:2023 10:27:41.527  Info            REST REQUEST RECEIVED : ID:318 Type:6003, Data:{"ExchangeSegment":1,"ExchangeInstrumentId":11536,"StartTime":1675568677,"EndTime":1675583497,"CompressionValue":60}
07:Feb:2023 10:27:41.804  Info            REST REQUEST RECEIVED : ID:319 Type:6003, Data:{"ExchangeSegment":1,"ExchangeInstrumentId":11536,"StartTime":1675553857,"EndTime":1675568677,"CompressionValue":60}
07:Feb:2023 10:27:42.075  Info            REST REQUEST RECEIVED : ID:320 Type:6003, Data:{"ExchangeSegment":1,"ExchangeInstrumentId":11536,"StartTime":1675539037,"EndTime":1675553857,"CompressionValue":60}
07:Feb:2023 10:27:42.683  Info            REST REQUEST RECEIVED : ID:321 Type:6003, Data:{"ExchangeSegment":1,"ExchangeInstrumentId":11536,"StartTime":1675524217,"EndTime":1675539037,"CompressionValue":60}
07:Feb:2023 10:27:43.381  Info            REST REQUEST RECEIVED : ID:322 Type:6003, Data:{"ExchangeSegment":1,"ExchangeInstrumentId":11536,"StartTime":1675509397,"EndTime":1675524217,"CompressionValue":60}
07:Feb:2023 10:27:43.661  Info            REST REQUEST RECEIVED : ID:323 Type:6003, Data:{"ExchangeSegment":1,"ExchangeInstrumentId":11536,"StartTime":1675494577,"EndTime":1675509397,"CompressionValue":60}
07:Feb:2023 10:27:43.944  Info            REST REQUEST RECEIVED : ID:324 Type:6003, Data:{"ExchangeSegment":1,"ExchangeInstrumentId":11536,"StartTime":1675479757,"EndTime":1675494577,"CompressionValue":60}
07:Feb:2023 10:27:44.222  Info            REST REQUEST RECEIVED : ID:325 Type:6003, Data:{"ExchangeSegment":1,"ExchangeInstrumentId":11536,"StartTime":1675464937,"EndTime":1675479757,"CompressionValue":60}
07:Feb:2023 10:27:44.500  Info            REST REQUEST RECEIVED : ID:326 Type:6003, Data:{"ExchangeSegment":1,"ExchangeInstrumentId":11536,"StartTime":1675450117,"EndTime":1675464937,"CompressionValue":60}
07:Feb:2023 10:27:44.787  Info            REST REQUEST RECEIVED : ID:327 Type:6003, Data:{"ExchangeSegment":1,"ExchangeInstrumentId":11536,"StartTime":1675435297,"EndTime":1675450117,"CompressionValue":60}
07:Feb:2023 10:27:45.067  Info            REST REQUEST RECEIVED : ID:328 Type:6003, Data:{"ExchangeSegment":1,"ExchangeInstrumentId":11536,"StartTime":1675420477,"EndTime":1675435297,"CompressionValue":60}
07:Feb:2023 10:27:45.346  Info            REST REQUEST RECEIVED : ID:329 Type:6003, Data:{"ExchangeSegment":1,"ExchangeInstrumentId":11536,"StartTime":1675405657,"EndTime":1675420477,"CompressionValue":60}
07:Feb:2023 10:27:46.082  Info            REST REQUEST RECEIVED : ID:330 Type:6003, Data:{"ExchangeSegment":1,"ExchangeInstrumentId":11536,"StartTime":1675390837,"EndTime":1675405657,"CompressionValue":60}
07:Feb:2023 10:27:46.856  Info            REST REQUEST RECEIVED : ID:331 Type:6003, Data:{"ExchangeSegment":1,"ExchangeInstrumentId":11536,"StartTime":1675376017,"EndTime":1675390837,"CompressionValue":60}
07:Feb:2023 10:27:47.133  Info            REST REQUEST RECEIVED : ID:332 Type:6003, Data:{"ExchangeSegment":1,"ExchangeInstrumentId":11536,"StartTime":1675361197,"EndTime":1675376017,"CompressionValue":60}
07:Feb:2023 10:27:47.409  Info            REST REQUEST RECEIVED : ID:333 Type:6003, Data:{"ExchangeSegment":1,"ExchangeInstrumentId":11536,"StartTime":1675346377,"EndTime":1675361197,"CompressionValue":60}
07:Feb:2023 10:27:47.681  Info            REST REQUEST RECEIVED : ID:334 Type:6003, Data:{"ExchangeSegment":1,"ExchangeInstrumentId":11536,"StartTime":1675331557,"EndTime":1675346377,"CompressionValue":60}
07:Feb:2023 10:27:47.989  Info            REST REQUEST RECEIVED : ID:335 Type:6003, Data:{"ExchangeSegment":1,"ExchangeInstrumentId":11536,"StartTime":1675316737,"EndTime":1675331557,"CompressionValue":60}
07:Feb:2023 10:27:48.490  Info            REST REQUEST RECEIVED : ID:336 Type:6003, Data:{"ExchangeSegment":1,"ExchangeInstrumentId":11536,"StartTime":1675301917,"EndTime":1675316737,"CompressionValue":60}
07:Feb:2023 10:27:48.881  Info            REST REQUEST RECEIVED : ID:337 Type:6003, Data:{"ExchangeSegment":1,"ExchangeInstrumentId":11536,"StartTime":1675287097,"EndTime":1675301917,"CompressionValue":60}
07:Feb:2023 10:27:49.612  Info            REST REQUEST RECEIVED : ID:338 Type:6003, Data:{"ExchangeSegment":1,"ExchangeInstrumentId":11536,"StartTime":1675272277,"EndTime":1675287097,"CompressionValue":60}
07:Feb:2023 10:27:49.887  Info            REST REQUEST RECEIVED : ID:339 Type:6003, Data:{"ExchangeSegment":1,"ExchangeInstrumentId":11536,"StartTime":1675257457,"EndTime":1675272277,"CompressionValue":60}
07:Feb:2023 10:27:50.161  Info            REST REQUEST RECEIVED : ID:340 Type:6003, Data:{"ExchangeSegment":1,"ExchangeInstrumentId":11536,"StartTime":1675242637,"EndTime":1675257457,"CompressionValue":60}
07:Feb:2023 10:27:50.456  Info            REST REQUEST RECEIVED : ID:341 Type:6003, Data:{"ExchangeSegment":1,"ExchangeInstrumentId":11536,"StartTime":1675227817,"EndTime":1675242637,"CompressionValue":60}
07:Feb:2023 10:27:50.740  Info            REST REQUEST RECEIVED : ID:342 Type:6003, Data:{"ExchangeSegment":1,"ExchangeInstrumentId":11536,"StartTime":1675212997,"EndTime":1675227817,"CompressionValue":60}
07:Feb:2023 10:27:51.031  Info            REST REQUEST RECEIVED : ID:343 Type:6003, Data:{"ExchangeSegment":1,"ExchangeInstrumentId":11536,"StartTime":1675198177,"EndTime":1675212997,"CompressionValue":60}
07:Feb:2023 10:27:51.318  Info            REST REQUEST RECEIVED : ID:344 Type:6003, Data:{"ExchangeSegment":1,"ExchangeInstrumentId":11536,"StartTime":1675183357,"EndTime":1675198177,"CompressionValue":60}
07:Feb:2023 10:27:51.593  Info            REST REQUEST RECEIVED : ID:345 Type:6003, Data:{"ExchangeSegment":1,"ExchangeInstrumentId":11536,"StartTime":1675168537,"EndTime":1675183357,"CompressionValue":60}
07:Feb:2023 10:27:51.883  Info            REST REQUEST RECEIVED : ID:346 Type:6003, Data:{"ExchangeSegment":1,"ExchangeInstrumentId":11536,"StartTime":1675153717,"EndTime":1675168537,"CompressionValue":60}
07:Feb:2023 10:27:52.152  Info            REST REQUEST RECEIVED : ID:347 Type:6003, Data:{"ExchangeSegment":1,"ExchangeInstrumentId":11536,"StartTime":1675138897,"EndTime":1675153717,"CompressionValue":60}
07:Feb:2023 10:27:52.423  Info            REST REQUEST RECEIVED : ID:348 Type:6003, Data:{"ExchangeSegment":1,"ExchangeInstrumentId":11536,"StartTime":1675124077,"EndTime":1675138897,"CompressionValue":60}
07:Feb:2023 10:27:52.709  Info            REST REQUEST RECEIVED : ID:349 Type:6003, Data:{"ExchangeSegment":1,"ExchangeInstrumentId":11536,"StartTime":1675109257,"EndTime":1675124077,"CompressionValue":60}
07:Feb:2023 10:27:52.998  Info            REST REQUEST RECEIVED : ID:350 Type:6003, Data:{"ExchangeSegment":1,"ExchangeInstrumentId":11536,"StartTime":1675094437,"EndTime":1675109257,"CompressionValue":60}
07:Feb:2023 10:27:53.280  Info            REST REQUEST RECEIVED : ID:351 Type:6003, Data:{"ExchangeSegment":1,"ExchangeInstrumentId":11536,"StartTime":1675079617,"EndTime":1675094437,"CompressionValue":60}
07:Feb:2023 10:27:53.568  Info            REST REQUEST RECEIVED : ID:352 Type:6003, Data:{"ExchangeSegment":1,"ExchangeInstrumentId":11536,"StartTime":1675064797,"EndTime":1675079617,"CompressionValue":60}
07:Feb:2023 10:27:53.845  Info            REST REQUEST RECEIVED : ID:353 Type:6003, Data:{"ExchangeSegment":1,"ExchangeInstrumentId":11536,"StartTime":1675049977,"EndTime":1675064797,"CompressionValue":60}
07:Feb:2023 10:27:54.127  Info            REST REQUEST RECEIVED : ID:354 Type:6003, Data:{"ExchangeSegment":1,"ExchangeInstrumentId":11536,"StartTime":1675035157,"EndTime":1675049977,"CompressionValue":60}
07:Feb:2023 10:27:54.429  Info            REST REQUEST RECEIVED : ID:355 Type:6003, Data:{"ExchangeSegment":1,"ExchangeInstrumentId":11536,"StartTime":1675020337,"EndTime":1675035157,"CompressionValue":60}
07:Feb:2023 10:27:54.714  Info            REST REQUEST RECEIVED : ID:356 Type:6003, Data:{"ExchangeSegment":1,"ExchangeInstrumentId":11536,"StartTime":1675005517,"EndTime":1675020337,"CompressionValue":60}
07:Feb:2023 10:28:01.622  Info            One Minute Candle update called
07:Feb:2023 10:28:01.622  Info            One Minute Candle scrips count: 0
07:Feb:2023 10:28:01.622  Info            One Minute Candle scrips count: 0
07:Feb:2023 10:28:01.622  Info            One Minute Candle scrips count: 0
07:Feb:2023 10:28:01.622  Info            One Minute Candle scrips count: 0
07:Feb:2023 10:28:01.622  Info            One Minute Candle scrips count: 0
07:Feb:2023 10:28:01.622  Info            One Minute Candle scrips count: 0
07:Feb:2023 10:28:01.622  Info            One Minute Candle scrips count: 0
07:Feb:2023 10:28:01.622  Info            One Minute Candle scrips count: 0
07:Feb:2023 10:28:01.622  Info            One Minute Candle scrips count: 0
07:Feb:2023 10:28:01.622  Info            One Minute Candle scrips count: 0
07:Feb:2023 10:29:01.920  Info            One Minute Candle update called
07:Feb:2023 10:29:01.920  Info            One Minute Candle scrips count: 0
07:Feb:2023 10:29:01.920  Info            One Minute Candle scrips count: 0
07:Feb:2023 10:29:01.920  Info            One Minute Candle scrips count: 0
07:Feb:2023 10:29:01.920  Info            One Minute Candle scrips count: 0
07:Feb:2023 10:29:01.920  Info            One Minute Candle scrips count: 0
07:Feb:2023 10:29:01.920  Info            One Minute Candle scrips count: 0
07:Feb:2023 10:29:01.920  Info            One Minute Candle scrips count: 0
07:Feb:2023 10:29:01.920  Info            One Minute Candle scrips count: 0
07:Feb:2023 10:29:01.920  Info            One Minute Candle scrips count: 0
07:Feb:2023 10:29:01.920  Info            One Minute Candle scrips count: 0
07:Feb:2023 10:29:38.416  Info            REST REQUEST RECEIVED : ID:357 Type:6003, Data:{"ExchangeSegment":2,"ExchangeInstrumentId":41085,"StartTime":1675679377,"EndTime":1675938577,"CompressionValue":60}
07:Feb:2023 10:29:38.752  Info            REST REQUEST RECEIVED : ID:358 Type:6003, Data:{"ExchangeSegment":2,"ExchangeInstrumentId":41085,"StartTime":1675759177,"EndTime":1675760257,"CompressionValue":60}
07:Feb:2023 10:29:38.915  Info            REST REQUEST RECEIVED : ID:359 Type:6003, Data:{"ExchangeSegment":2,"ExchangeInstrumentId":41085,"StartTime":1675758097,"EndTime":1675759177,"CompressionValue":60}
07:Feb:2023 10:29:39.062  Info            REST REQUEST RECEIVED : ID:360 Type:6003, Data:{"ExchangeSegment":2,"ExchangeInstrumentId":41085,"StartTime":1675757017,"EndTime":1675758097,"CompressionValue":60}
07:Feb:2023 10:29:39.224  Info            REST REQUEST RECEIVED : ID:361 Type:6003, Data:{"ExchangeSegment":2,"ExchangeInstrumentId":41085,"StartTime":1675755937,"EndTime":1675757017,"CompressionValue":60}
07:Feb:2023 10:29:39.404  Info            REST REQUEST RECEIVED : ID:362 Type:6003, Data:{"ExchangeSegment":2,"ExchangeInstrumentId":41085,"StartTime":1675754857,"EndTime":1675755937,"CompressionValue":60}
07:Feb:2023 10:29:39.571  Info            REST REQUEST RECEIVED : ID:363 Type:6003, Data:{"ExchangeSegment":2,"ExchangeInstrumentId":41085,"StartTime":1675753777,"EndTime":1675754857,"CompressionValue":60}
07:Feb:2023 10:29:39.748  Info            REST REQUEST RECEIVED : ID:364 Type:6003, Data:{"ExchangeSegment":2,"ExchangeInstrumentId":41085,"StartTime":1675752697,"EndTime":1675753777,"CompressionValue":60}
07:Feb:2023 10:29:40.220  Info            REST REQUEST RECEIVED : ID:365 Type:6003, Data:{"ExchangeSegment":2,"ExchangeInstrumentId":41085,"StartTime":1675751617,"EndTime":1675752697,"CompressionValue":60}
07:Feb:2023 10:29:40.565  Info            REST REQUEST RECEIVED : ID:366 Type:6003, Data:{"ExchangeSegment":2,"ExchangeInstrumentId":41085,"StartTime":1675750537,"EndTime":1675751617,"CompressionValue":60}
07:Feb:2023 10:29:41.208  Info            REST REQUEST RECEIVED : ID:367 Type:6003, Data:{"ExchangeSegment":2,"ExchangeInstrumentId":41085,"StartTime":1675749457,"EndTime":1675750537,"CompressionValue":60}
07:Feb:2023 10:29:41.393  Info            REST REQUEST RECEIVED : ID:368 Type:6003, Data:{"ExchangeSegment":2,"ExchangeInstrumentId":41085,"StartTime":1675748377,"EndTime":1675749457,"CompressionValue":60}
07:Feb:2023 10:29:41.559  Info            REST REQUEST RECEIVED : ID:369 Type:6003, Data:{"ExchangeSegment":2,"ExchangeInstrumentId":41085,"StartTime":1675747297,"EndTime":1675748377,"CompressionValue":60}
07:Feb:2023 10:29:41.712  Info            REST REQUEST RECEIVED : ID:370 Type:6003, Data:{"ExchangeSegment":2,"ExchangeInstrumentId":41085,"StartTime":1675746217,"EndTime":1675747297,"CompressionValue":60}
07:Feb:2023 10:29:41.862  Info            REST REQUEST RECEIVED : ID:371 Type:6003, Data:{"ExchangeSegment":2,"ExchangeInstrumentId":41085,"StartTime":1675745137,"EndTime":1675746217,"CompressionValue":60}
07:Feb:2023 10:29:42.014  Info            REST REQUEST RECEIVED : ID:372 Type:6003, Data:{"ExchangeSegment":2,"ExchangeInstrumentId":41085,"StartTime":1675744057,"EndTime":1675745137,"CompressionValue":60}
07:Feb:2023 10:29:42.186  Info            REST REQUEST RECEIVED : ID:373 Type:6003, Data:{"ExchangeSegment":2,"ExchangeInstrumentId":41085,"StartTime":1675742977,"EndTime":1675744057,"CompressionValue":60}
07:Feb:2023 10:29:42.346  Info            REST REQUEST RECEIVED : ID:374 Type:6003, Data:{"ExchangeSegment":2,"ExchangeInstrumentId":41085,"StartTime":1675741897,"EndTime":1675742977,"CompressionValue":60}
07:Feb:2023 10:29:42.506  Info            REST REQUEST RECEIVED : ID:375 Type:6003, Data:{"ExchangeSegment":2,"ExchangeInstrumentId":41085,"StartTime":1675740817,"EndTime":1675741897,"CompressionValue":60}
07:Feb:2023 10:29:42.681  Info            REST REQUEST RECEIVED : ID:376 Type:6003, Data:{"ExchangeSegment":2,"ExchangeInstrumentId":41085,"StartTime":1675739737,"EndTime":1675740817,"CompressionValue":60}
07:Feb:2023 10:29:42.829  Info            REST REQUEST RECEIVED : ID:377 Type:6003, Data:{"ExchangeSegment":2,"ExchangeInstrumentId":41085,"StartTime":1675738657,"EndTime":1675739737,"CompressionValue":60}
07:Feb:2023 10:29:42.992  Info            REST REQUEST RECEIVED : ID:378 Type:6003, Data:{"ExchangeSegment":2,"ExchangeInstrumentId":41085,"StartTime":1675737577,"EndTime":1675738657,"CompressionValue":60}
07:Feb:2023 10:29:43.172  Info            REST REQUEST RECEIVED : ID:379 Type:6003, Data:{"ExchangeSegment":2,"ExchangeInstrumentId":41085,"StartTime":1675736497,"EndTime":1675737577,"CompressionValue":60}
07:Feb:2023 10:29:43.328  Info            REST REQUEST RECEIVED : ID:380 Type:6003, Data:{"ExchangeSegment":2,"ExchangeInstrumentId":41085,"StartTime":1675735417,"EndTime":1675736497,"CompressionValue":60}
07:Feb:2023 10:29:43.580  Info            REST REQUEST RECEIVED : ID:381 Type:6003, Data:{"ExchangeSegment":2,"ExchangeInstrumentId":41085,"StartTime":1675734337,"EndTime":1675735417,"CompressionValue":60}
07:Feb:2023 10:29:43.741  Info            REST REQUEST RECEIVED : ID:382 Type:6003, Data:{"ExchangeSegment":2,"ExchangeInstrumentId":41085,"StartTime":1675733257,"EndTime":1675734337,"CompressionValue":60}
07:Feb:2023 10:29:43.963  Info            REST REQUEST RECEIVED : ID:383 Type:6003, Data:{"ExchangeSegment":2,"ExchangeInstrumentId":41085,"StartTime":1675732177,"EndTime":1675733257,"CompressionValue":60}
07:Feb:2023 10:29:44.119  Info            REST REQUEST RECEIVED : ID:384 Type:6003, Data:{"ExchangeSegment":2,"ExchangeInstrumentId":41085,"StartTime":1675731097,"EndTime":1675732177,"CompressionValue":60}
07:Feb:2023 10:29:44.287  Info            REST REQUEST RECEIVED : ID:385 Type:6003, Data:{"ExchangeSegment":2,"ExchangeInstrumentId":41085,"StartTime":1675730017,"EndTime":1675731097,"CompressionValue":60}
07:Feb:2023 10:29:44.469  Info            REST REQUEST RECEIVED : ID:386 Type:6003, Data:{"ExchangeSegment":2,"ExchangeInstrumentId":41085,"StartTime":1675728937,"EndTime":1675730017,"CompressionValue":60}
07:Feb:2023 10:29:44.671  Info            REST REQUEST RECEIVED : ID:387 Type:6003, Data:{"ExchangeSegment":2,"ExchangeInstrumentId":41085,"StartTime":1675727857,"EndTime":1675728937,"CompressionValue":60}
07:Feb:2023 10:29:44.846  Info            REST REQUEST RECEIVED : ID:388 Type:6003, Data:{"ExchangeSegment":2,"ExchangeInstrumentId":41085,"StartTime":1675726777,"EndTime":1675727857,"CompressionValue":60}
07:Feb:2023 10:29:44.994  Info            REST REQUEST RECEIVED : ID:389 Type:6003, Data:{"ExchangeSegment":2,"ExchangeInstrumentId":41085,"StartTime":1675725697,"EndTime":1675726777,"CompressionValue":60}
07:Feb:2023 10:29:45.140  Info            REST REQUEST RECEIVED : ID:390 Type:6003, Data:{"ExchangeSegment":2,"ExchangeInstrumentId":41085,"StartTime":1675724617,"EndTime":1675725697,"CompressionValue":60}
07:Feb:2023 10:29:45.290  Info            REST REQUEST RECEIVED : ID:391 Type:6003, Data:{"ExchangeSegment":2,"ExchangeInstrumentId":41085,"StartTime":1675723537,"EndTime":1675724617,"CompressionValue":60}
07:Feb:2023 10:29:45.439  Info            REST REQUEST RECEIVED : ID:392 Type:6003, Data:{"ExchangeSegment":2,"ExchangeInstrumentId":41085,"StartTime":1675722457,"EndTime":1675723537,"CompressionValue":60}
07:Feb:2023 10:29:45.591  Info            REST REQUEST RECEIVED : ID:393 Type:6003, Data:{"ExchangeSegment":2,"ExchangeInstrumentId":41085,"StartTime":1675721377,"EndTime":1675722457,"CompressionValue":60}
07:Feb:2023 10:29:45.747  Info            REST REQUEST RECEIVED : ID:394 Type:6003, Data:{"ExchangeSegment":2,"ExchangeInstrumentId":41085,"StartTime":1675720297,"EndTime":1675721377,"CompressionValue":60}
07:Feb:2023 10:29:45.913  Info            REST REQUEST RECEIVED : ID:395 Type:6003, Data:{"ExchangeSegment":2,"ExchangeInstrumentId":41085,"StartTime":1675719217,"EndTime":1675720297,"CompressionValue":60}
07:Feb:2023 10:29:46.420  Info            REST REQUEST RECEIVED : ID:396 Type:6003, Data:{"ExchangeSegment":2,"ExchangeInstrumentId":41085,"StartTime":1675718137,"EndTime":1675719217,"CompressionValue":60}
07:Feb:2023 10:29:46.604  Info            REST REQUEST RECEIVED : ID:397 Type:6003, Data:{"ExchangeSegment":2,"ExchangeInstrumentId":41085,"StartTime":1675717057,"EndTime":1675718137,"CompressionValue":60}
07:Feb:2023 10:29:46.970  Info            REST REQUEST RECEIVED : ID:398 Type:6003, Data:{"ExchangeSegment":2,"ExchangeInstrumentId":41085,"StartTime":1675715977,"EndTime":1675717057,"CompressionValue":60}
07:Feb:2023 10:29:47.485  Info            REST REQUEST RECEIVED : ID:399 Type:6003, Data:{"ExchangeSegment":2,"ExchangeInstrumentId":41085,"StartTime":1675714897,"EndTime":1675715977,"CompressionValue":60}
07:Feb:2023 10:29:47.636  Info            REST REQUEST RECEIVED : ID:400 Type:6003, Data:{"ExchangeSegment":2,"ExchangeInstrumentId":41085,"StartTime":1675713817,"EndTime":1675714897,"CompressionValue":60}
07:Feb:2023 10:29:47.783  Info            REST REQUEST RECEIVED : ID:401 Type:6003, Data:{"ExchangeSegment":2,"ExchangeInstrumentId":41085,"StartTime":1675712737,"EndTime":1675713817,"CompressionValue":60}
07:Feb:2023 10:29:47.933  Info            REST REQUEST RECEIVED : ID:402 Type:6003, Data:{"ExchangeSegment":2,"ExchangeInstrumentId":41085,"StartTime":1675711657,"EndTime":1675712737,"CompressionValue":60}
07:Feb:2023 10:29:48.112  Info            REST REQUEST RECEIVED : ID:403 Type:6003, Data:{"ExchangeSegment":2,"ExchangeInstrumentId":41085,"StartTime":1675710577,"EndTime":1675711657,"CompressionValue":60}
07:Feb:2023 10:29:48.265  Info            REST REQUEST RECEIVED : ID:404 Type:6003, Data:{"ExchangeSegment":2,"ExchangeInstrumentId":41085,"StartTime":1675709497,"EndTime":1675710577,"CompressionValue":60}
07:Feb:2023 10:29:48.436  Info            REST REQUEST RECEIVED : ID:405 Type:6003, Data:{"ExchangeSegment":2,"ExchangeInstrumentId":41085,"StartTime":1675708417,"EndTime":1675709497,"CompressionValue":60}
07:Feb:2023 10:29:48.611  Info            REST REQUEST RECEIVED : ID:406 Type:6003, Data:{"ExchangeSegment":2,"ExchangeInstrumentId":41085,"StartTime":1675707337,"EndTime":1675708417,"CompressionValue":60}
07:Feb:2023 10:29:48.765  Info            REST REQUEST RECEIVED : ID:407 Type:6003, Data:{"ExchangeSegment":2,"ExchangeInstrumentId":41085,"StartTime":1675706257,"EndTime":1675707337,"CompressionValue":60}
07:Feb:2023 10:30:01.294  Info            One Minute Candle update called
07:Feb:2023 10:30:01.294  Info            One Minute Candle scrips count: 0
07:Feb:2023 10:30:01.294  Info            One Minute Candle scrips count: 0
07:Feb:2023 10:30:01.294  Info            One Minute Candle scrips count: 0
07:Feb:2023 10:30:01.294  Info            One Minute Candle scrips count: 0
07:Feb:2023 10:30:01.294  Info            One Minute Candle scrips count: 0
07:Feb:2023 10:30:01.294  Info            One Minute Candle scrips count: 0
07:Feb:2023 10:30:01.294  Info            One Minute Candle scrips count: 0
07:Feb:2023 10:30:01.294  Info            One Minute Candle scrips count: 0
07:Feb:2023 10:30:01.294  Info            One Minute Candle scrips count: 0
07:Feb:2023 10:30:01.294  Info            One Minute Candle scrips count: 0
07:Feb:2023 10:31:01.528  Info            One Minute Candle update called
07:Feb:2023 10:31:01.528  Info            One Minute Candle scrips count: 0
07:Feb:2023 10:31:01.528  Info            One Minute Candle scrips count: 0
07:Feb:2023 10:31:01.528  Info            One Minute Candle scrips count: 0
07:Feb:2023 10:31:01.528  Info            One Minute Candle scrips count: 0
07:Feb:2023 10:31:01.528  Info            One Minute Candle scrips count: 0
07:Feb:2023 10:31:01.528  Info            One Minute Candle scrips count: 0
07:Feb:2023 10:31:01.528  Info            One Minute Candle scrips count: 0
07:Feb:2023 10:31:01.528  Info            One Minute Candle scrips count: 0
07:Feb:2023 10:31:01.528  Info            One Minute Candle scrips count: 0
07:Feb:2023 10:31:01.528  Info            One Minute Candle scrips count: 0
07:Feb:2023 10:32:02.107  Info            One Minute Candle update called
07:Feb:2023 10:32:02.107  Info            One Minute Candle scrips count: 0
07:Feb:2023 10:32:02.107  Info            One Minute Candle scrips count: 0
07:Feb:2023 10:32:02.107  Info            One Minute Candle scrips count: 0
07:Feb:2023 10:32:02.107  Info            One Minute Candle scrips count: 0
07:Feb:2023 10:32:02.107  Info            One Minute Candle scrips count: 0
07:Feb:2023 10:32:02.107  Info            One Minute Candle scrips count: 0
07:Feb:2023 10:32:02.107  Info            One Minute Candle scrips count: 0
07:Feb:2023 10:32:02.107  Info            One Minute Candle scrips count: 0
07:Feb:2023 10:32:02.107  Info            One Minute Candle scrips count: 0
07:Feb:2023 10:32:02.107  Info            One Minute Candle scrips count: 0
07:Feb:2023 10:33:01.497  Info            One Minute Candle update called
07:Feb:2023 10:33:01.497  Info            One Minute Candle scrips count: 0
07:Feb:2023 10:33:01.497  Info            One Minute Candle scrips count: 0
07:Feb:2023 10:33:01.497  Info            One Minute Candle scrips count: 0
07:Feb:2023 10:33:01.497  Info            One Minute Candle scrips count: 0
07:Feb:2023 10:33:01.497  Info            One Minute Candle scrips count: 0
07:Feb:2023 10:33:01.497  Info            One Minute Candle scrips count: 0
07:Feb:2023 10:33:01.497  Info            One Minute Candle scrips count: 0
07:Feb:2023 10:33:01.497  Info            One Minute Candle scrips count: 0
07:Feb:2023 10:33:01.497  Info            One Minute Candle scrips count: 0
07:Feb:2023 10:33:01.497  Info            One Minute Candle scrips count: 0
07:Feb:2023 10:34:01.232  Info            One Minute Candle update called
07:Feb:2023 10:34:01.232  Info            One Minute Candle scrips count: 0
07:Feb:2023 10:34:01.232  Info            One Minute Candle scrips count: 0
07:Feb:2023 10:34:01.232  Info            One Minute Candle scrips count: 0
07:Feb:2023 10:34:01.232  Info            One Minute Candle scrips count: 0
07:Feb:2023 10:34:01.232  Info            One Minute Candle scrips count: 0
07:Feb:2023 10:34:01.232  Info            One Minute Candle scrips count: 0
07:Feb:2023 10:34:01.232  Info            One Minute Candle scrips count: 0
07:Feb:2023 10:34:01.232  Info            One Minute Candle scrips count: 0
07:Feb:2023 10:34:01.232  Info            One Minute Candle scrips count: 0
07:Feb:2023 10:34:01.232  Info            One Minute Candle scrips count: 0
07:Feb:2023 10:35:01.560  Info            One Minute Candle update called
07:Feb:2023 10:35:01.562  Info            One Minute Candle scrips count: 0
07:Feb:2023 10:35:01.562  Info            One Minute Candle scrips count: 0
07:Feb:2023 10:35:01.562  Info            One Minute Candle scrips count: 0
07:Feb:2023 10:35:01.562  Info            One Minute Candle scrips count: 0
07:Feb:2023 10:35:01.562  Info            One Minute Candle scrips count: 0
07:Feb:2023 10:35:01.562  Info            One Minute Candle scrips count: 0
07:Feb:2023 10:35:01.562  Info            One Minute Candle scrips count: 0
07:Feb:2023 10:35:01.562  Info            One Minute Candle scrips count: 0
07:Feb:2023 10:35:01.562  Info            One Minute Candle scrips count: 0
07:Feb:2023 10:35:01.562  Info            One Minute Candle scrips count: 0
07:Feb:2023 10:36:01.888  Info            One Minute Candle update called
07:Feb:2023 10:36:01.888  Info            One Minute Candle scrips count: 0
07:Feb:2023 10:36:01.888  Info            One Minute Candle scrips count: 0
07:Feb:2023 10:36:01.888  Info            One Minute Candle scrips count: 0
07:Feb:2023 10:36:01.888  Info            One Minute Candle scrips count: 0
07:Feb:2023 10:36:01.888  Info            One Minute Candle scrips count: 0
07:Feb:2023 10:36:01.888  Info            One Minute Candle scrips count: 0
07:Feb:2023 10:36:01.888  Info            One Minute Candle scrips count: 0
07:Feb:2023 10:36:01.888  Info            One Minute Candle scrips count: 0
07:Feb:2023 10:36:01.888  Info            One Minute Candle scrips count: 0
07:Feb:2023 10:36:01.888  Info            One Minute Candle scrips count: 0
07:Feb:2023 10:37:01.215  Info            One Minute Candle update called
07:Feb:2023 10:37:01.216  Info            One Minute Candle scrips count: 0
07:Feb:2023 10:37:01.216  Info            One Minute Candle scrips count: 0
07:Feb:2023 10:37:01.216  Info            One Minute Candle scrips count: 0
07:Feb:2023 10:37:01.216  Info            One Minute Candle scrips count: 0
07:Feb:2023 10:37:01.216  Info            One Minute Candle scrips count: 0
07:Feb:2023 10:37:01.216  Info            One Minute Candle scrips count: 0
07:Feb:2023 10:37:01.216  Info            One Minute Candle scrips count: 0
07:Feb:2023 10:37:01.216  Info            One Minute Candle scrips count: 0
07:Feb:2023 10:37:01.216  Info            One Minute Candle scrips count: 0
07:Feb:2023 10:37:01.216  Info            One Minute Candle scrips count: 0
07:Feb:2023 10:38:01.794  Info            One Minute Candle update called
07:Feb:2023 10:38:01.794  Info            One Minute Candle scrips count: 0
07:Feb:2023 10:38:01.798  Info            One Minute Candle scrips count: 0
07:Feb:2023 10:38:01.798  Info            One Minute Candle scrips count: 0
07:Feb:2023 10:38:01.798  Info            One Minute Candle scrips count: 0
07:Feb:2023 10:38:01.798  Info            One Minute Candle scrips count: 0
07:Feb:2023 10:38:01.798  Info            One Minute Candle scrips count: 0
07:Feb:2023 10:38:01.798  Info            One Minute Candle scrips count: 0
07:Feb:2023 10:38:01.798  Info            One Minute Candle scrips count: 0
07:Feb:2023 10:38:01.798  Info            One Minute Candle scrips count: 0
07:Feb:2023 10:38:01.798  Info            One Minute Candle scrips count: 0
07:Feb:2023 10:39:02.075  Info            One Minute Candle update called
07:Feb:2023 10:39:02.075  Info            One Minute Candle scrips count: 0
07:Feb:2023 10:39:02.075  Info            One Minute Candle scrips count: 0
07:Feb:2023 10:39:02.075  Info            One Minute Candle scrips count: 0
07:Feb:2023 10:39:02.075  Info            One Minute Candle scrips count: 0
07:Feb:2023 10:39:02.075  Info            One Minute Candle scrips count: 0
07:Feb:2023 10:39:02.075  Info            One Minute Candle scrips count: 0
07:Feb:2023 10:39:02.075  Info            One Minute Candle scrips count: 0
07:Feb:2023 10:39:02.075  Info            One Minute Candle scrips count: 0
07:Feb:2023 10:39:02.075  Info            One Minute Candle scrips count: 0
07:Feb:2023 10:39:02.075  Info            One Minute Candle scrips count: 0
07:Feb:2023 10:40:01.435  Info            One Minute Candle update called
07:Feb:2023 10:40:01.436  Info            One Minute Candle scrips count: 0
07:Feb:2023 10:40:01.436  Info            One Minute Candle scrips count: 0
07:Feb:2023 10:40:01.436  Info            One Minute Candle scrips count: 0
07:Feb:2023 10:40:01.436  Info            One Minute Candle scrips count: 0
07:Feb:2023 10:40:01.436  Info            One Minute Candle scrips count: 0
07:Feb:2023 10:40:01.436  Info            One Minute Candle scrips count: 0
07:Feb:2023 10:40:01.436  Info            One Minute Candle scrips count: 0
07:Feb:2023 10:40:01.436  Info            One Minute Candle scrips count: 0
07:Feb:2023 10:40:01.436  Info            One Minute Candle scrips count: 0
07:Feb:2023 10:40:01.436  Info            One Minute Candle scrips count: 0
07:Feb:2023 10:41:01.793  Info            One Minute Candle update called
07:Feb:2023 10:41:01.793  Info            One Minute Candle scrips count: 0
07:Feb:2023 10:41:01.793  Info            One Minute Candle scrips count: 0
07:Feb:2023 10:41:01.793  Info            One Minute Candle scrips count: 0
07:Feb:2023 10:41:01.793  Info            One Minute Candle scrips count: 0
07:Feb:2023 10:41:01.793  Info            One Minute Candle scrips count: 0
07:Feb:2023 10:41:01.793  Info            One Minute Candle scrips count: 0
07:Feb:2023 10:41:01.793  Info            One Minute Candle scrips count: 0
07:Feb:2023 10:41:01.793  Info            One Minute Candle scrips count: 0
07:Feb:2023 10:41:01.793  Info            One Minute Candle scrips count: 0
07:Feb:2023 10:41:01.793  Info            One Minute Candle scrips count: 0
07:Feb:2023 10:42:02.060  Info            One Minute Candle update called
07:Feb:2023 10:42:02.060  Info            One Minute Candle scrips count: 0
07:Feb:2023 10:42:02.060  Info            One Minute Candle scrips count: 0
07:Feb:2023 10:42:02.060  Info            One Minute Candle scrips count: 0
07:Feb:2023 10:42:02.060  Info            One Minute Candle scrips count: 0
07:Feb:2023 10:42:02.060  Info            One Minute Candle scrips count: 0
07:Feb:2023 10:42:02.060  Info            One Minute Candle scrips count: 0
07:Feb:2023 10:42:02.060  Info            One Minute Candle scrips count: 0
07:Feb:2023 10:42:02.060  Info            One Minute Candle scrips count: 0
07:Feb:2023 10:42:02.060  Info            One Minute Candle scrips count: 0
07:Feb:2023 10:42:02.060  Info            One Minute Candle scrips count: 0
07:Feb:2023 10:43:01.451  Info            One Minute Candle update called
07:Feb:2023 10:43:01.451  Info            One Minute Candle scrips count: 0
07:Feb:2023 10:43:01.451  Info            One Minute Candle scrips count: 0
07:Feb:2023 10:43:01.451  Info            One Minute Candle scrips count: 0
07:Feb:2023 10:43:01.451  Info            One Minute Candle scrips count: 0
07:Feb:2023 10:43:01.451  Info            One Minute Candle scrips count: 0
07:Feb:2023 10:43:01.451  Info            One Minute Candle scrips count: 0
07:Feb:2023 10:43:01.451  Info            One Minute Candle scrips count: 0
07:Feb:2023 10:43:01.451  Info            One Minute Candle scrips count: 0
07:Feb:2023 10:43:01.451  Info            One Minute Candle scrips count: 0
07:Feb:2023 10:43:01.451  Info            One Minute Candle scrips count: 0
07:Feb:2023 10:44:01.810  Info            One Minute Candle update called
07:Feb:2023 10:44:01.810  Info            One Minute Candle scrips count: 0
07:Feb:2023 10:44:01.810  Info            One Minute Candle scrips count: 0
07:Feb:2023 10:44:01.810  Info            One Minute Candle scrips count: 0
07:Feb:2023 10:44:01.810  Info            One Minute Candle scrips count: 0
07:Feb:2023 10:44:01.810  Info            One Minute Candle scrips count: 0
07:Feb:2023 10:44:01.810  Info            One Minute Candle scrips count: 0
07:Feb:2023 10:44:01.810  Info            One Minute Candle scrips count: 0
07:Feb:2023 10:44:01.810  Info            One Minute Candle scrips count: 0
07:Feb:2023 10:44:01.810  Info            One Minute Candle scrips count: 0
07:Feb:2023 10:44:01.810  Info            One Minute Candle scrips count: 0
07:Feb:2023 10:45:01.169  Info            One Minute Candle update called
07:Feb:2023 10:45:01.169  Info            One Minute Candle scrips count: 0
07:Feb:2023 10:45:01.169  Info            One Minute Candle scrips count: 0
07:Feb:2023 10:45:01.169  Info            One Minute Candle scrips count: 0
07:Feb:2023 10:45:01.169  Info            One Minute Candle scrips count: 0
07:Feb:2023 10:45:01.169  Info            One Minute Candle scrips count: 0
07:Feb:2023 10:45:01.169  Info            One Minute Candle scrips count: 0
07:Feb:2023 10:45:01.169  Info            One Minute Candle scrips count: 0
07:Feb:2023 10:45:01.169  Info            One Minute Candle scrips count: 0
07:Feb:2023 10:45:01.169  Info            One Minute Candle scrips count: 0
07:Feb:2023 10:45:01.169  Info            One Minute Candle scrips count: 0
07:Feb:2023 10:46:01.560  Info            One Minute Candle update called
07:Feb:2023 10:46:01.560  Info            One Minute Candle scrips count: 0
07:Feb:2023 10:46:01.560  Info            One Minute Candle scrips count: 0
07:Feb:2023 10:46:01.560  Info            One Minute Candle scrips count: 0
07:Feb:2023 10:46:01.560  Info            One Minute Candle scrips count: 0
07:Feb:2023 10:46:01.560  Info            One Minute Candle scrips count: 0
07:Feb:2023 10:46:01.560  Info            One Minute Candle scrips count: 0
07:Feb:2023 10:46:01.560  Info            One Minute Candle scrips count: 0
07:Feb:2023 10:46:01.560  Info            One Minute Candle scrips count: 0
07:Feb:2023 10:46:01.560  Info            One Minute Candle scrips count: 0
07:Feb:2023 10:46:01.560  Info            One Minute Candle scrips count: 0
07:Feb:2023 10:47:01.904  Info            One Minute Candle update called
07:Feb:2023 10:47:01.904  Info            One Minute Candle scrips count: 0
07:Feb:2023 10:47:01.904  Info            One Minute Candle scrips count: 0
07:Feb:2023 10:47:01.904  Info            One Minute Candle scrips count: 0
07:Feb:2023 10:47:01.904  Info            One Minute Candle scrips count: 0
07:Feb:2023 10:47:01.904  Info            One Minute Candle scrips count: 0
07:Feb:2023 10:47:01.904  Info            One Minute Candle scrips count: 0
07:Feb:2023 10:47:01.904  Info            One Minute Candle scrips count: 0
07:Feb:2023 10:47:01.904  Info            One Minute Candle scrips count: 0
07:Feb:2023 10:47:01.904  Info            One Minute Candle scrips count: 0
07:Feb:2023 10:47:01.904  Info            One Minute Candle scrips count: 0
07:Feb:2023 10:47:21.904  Info            REST REQUEST RECEIVED : ID:408 Type:6003, Data:{"ExchangeSegment":11,"ExchangeInstrumentId":532540,"StartTime":1675680441,"EndTime":1675939641,"CompressionValue":60}
07:Feb:2023 10:47:22.178  Info            REST REQUEST RECEIVED : ID:409 Type:6003, Data:{"ExchangeSegment":11,"ExchangeInstrumentId":532540,"StartTime":1675761081,"EndTime":1675761201,"CompressionValue":60}
07:Feb:2023 10:47:22.333  Info            REST REQUEST RECEIVED : ID:410 Type:6003, Data:{"ExchangeSegment":11,"ExchangeInstrumentId":532540,"StartTime":1675760961,"EndTime":1675761081,"CompressionValue":60}
07:Feb:2023 10:47:22.671  Info            REST REQUEST RECEIVED : ID:411 Type:6003, Data:{"ExchangeSegment":11,"ExchangeInstrumentId":532540,"StartTime":1675760841,"EndTime":1675760961,"CompressionValue":60}
07:Feb:2023 10:47:23.112  Info            REST REQUEST RECEIVED : ID:412 Type:6003, Data:{"ExchangeSegment":11,"ExchangeInstrumentId":532540,"StartTime":1675760721,"EndTime":1675760841,"CompressionValue":60}
07:Feb:2023 10:47:23.277  Info            REST REQUEST RECEIVED : ID:413 Type:6003, Data:{"ExchangeSegment":11,"ExchangeInstrumentId":532540,"StartTime":1675760601,"EndTime":1675760721,"CompressionValue":60}
07:Feb:2023 10:47:23.439  Info            REST REQUEST RECEIVED : ID:414 Type:6003, Data:{"ExchangeSegment":11,"ExchangeInstrumentId":532540,"StartTime":1675760481,"EndTime":1675760601,"CompressionValue":60}
07:Feb:2023 10:47:23.600  Info            REST REQUEST RECEIVED : ID:415 Type:6003, Data:{"ExchangeSegment":11,"ExchangeInstrumentId":532540,"StartTime":1675760361,"EndTime":1675760481,"CompressionValue":60}
07:Feb:2023 10:47:23.765  Info            REST REQUEST RECEIVED : ID:416 Type:6003, Data:{"ExchangeSegment":11,"ExchangeInstrumentId":532540,"StartTime":1675760241,"EndTime":1675760361,"CompressionValue":60}
07:Feb:2023 10:47:23.942  Info            REST REQUEST RECEIVED : ID:417 Type:6003, Data:{"ExchangeSegment":11,"ExchangeInstrumentId":532540,"StartTime":1675760121,"EndTime":1675760241,"CompressionValue":60}
07:Feb:2023 10:47:24.111  Info            REST REQUEST RECEIVED : ID:418 Type:6003, Data:{"ExchangeSegment":11,"ExchangeInstrumentId":532540,"StartTime":1675760001,"EndTime":1675760121,"CompressionValue":60}
07:Feb:2023 10:47:24.286  Info            REST REQUEST RECEIVED : ID:419 Type:6003, Data:{"ExchangeSegment":11,"ExchangeInstrumentId":532540,"StartTime":1675759881,"EndTime":1675760001,"CompressionValue":60}
07:Feb:2023 10:47:24.455  Info            REST REQUEST RECEIVED : ID:420 Type:6003, Data:{"ExchangeSegment":11,"ExchangeInstrumentId":532540,"StartTime":1675759761,"EndTime":1675759881,"CompressionValue":60}
07:Feb:2023 10:47:24.622  Info            REST REQUEST RECEIVED : ID:421 Type:6003, Data:{"ExchangeSegment":11,"ExchangeInstrumentId":532540,"StartTime":1675759641,"EndTime":1675759761,"CompressionValue":60}
07:Feb:2023 10:47:24.782  Info            REST REQUEST RECEIVED : ID:422 Type:6003, Data:{"ExchangeSegment":11,"ExchangeInstrumentId":532540,"StartTime":1675759521,"EndTime":1675759641,"CompressionValue":60}
07:Feb:2023 10:47:24.975  Info            REST REQUEST RECEIVED : ID:423 Type:6003, Data:{"ExchangeSegment":11,"ExchangeInstrumentId":532540,"StartTime":1675759401,"EndTime":1675759521,"CompressionValue":60}
07:Feb:2023 10:47:25.143  Info            REST REQUEST RECEIVED : ID:424 Type:6003, Data:{"ExchangeSegment":11,"ExchangeInstrumentId":532540,"StartTime":1675759281,"EndTime":1675759401,"CompressionValue":60}
07:Feb:2023 10:47:25.314  Info            REST REQUEST RECEIVED : ID:425 Type:6003, Data:{"ExchangeSegment":11,"ExchangeInstrumentId":532540,"StartTime":1675759161,"EndTime":1675759281,"CompressionValue":60}
07:Feb:2023 10:47:25.471  Info            REST REQUEST RECEIVED : ID:426 Type:6003, Data:{"ExchangeSegment":11,"ExchangeInstrumentId":532540,"StartTime":1675759041,"EndTime":1675759161,"CompressionValue":60}
07:Feb:2023 10:47:25.631  Info            REST REQUEST RECEIVED : ID:427 Type:6003, Data:{"ExchangeSegment":11,"ExchangeInstrumentId":532540,"StartTime":1675758921,"EndTime":1675759041,"CompressionValue":60}
07:Feb:2023 10:47:25.788  Info            REST REQUEST RECEIVED : ID:428 Type:6003, Data:{"ExchangeSegment":11,"ExchangeInstrumentId":532540,"StartTime":1675758801,"EndTime":1675758921,"CompressionValue":60}
07:Feb:2023 10:47:25.945  Info            REST REQUEST RECEIVED : ID:429 Type:6003, Data:{"ExchangeSegment":11,"ExchangeInstrumentId":532540,"StartTime":1675758681,"EndTime":1675758801,"CompressionValue":60}
07:Feb:2023 10:47:26.099  Info            REST REQUEST RECEIVED : ID:430 Type:6003, Data:{"ExchangeSegment":11,"ExchangeInstrumentId":532540,"StartTime":1675758561,"EndTime":1675758681,"CompressionValue":60}
07:Feb:2023 10:47:26.274  Info            REST REQUEST RECEIVED : ID:431 Type:6003, Data:{"ExchangeSegment":11,"ExchangeInstrumentId":532540,"StartTime":1675758441,"EndTime":1675758561,"CompressionValue":60}
07:Feb:2023 10:47:26.437  Info            REST REQUEST RECEIVED : ID:432 Type:6003, Data:{"ExchangeSegment":11,"ExchangeInstrumentId":532540,"StartTime":1675758321,"EndTime":1675758441,"CompressionValue":60}
07:Feb:2023 10:47:26.600  Info            REST REQUEST RECEIVED : ID:433 Type:6003, Data:{"ExchangeSegment":11,"ExchangeInstrumentId":532540,"StartTime":1675758201,"EndTime":1675758321,"CompressionValue":60}
07:Feb:2023 10:47:26.772  Info            REST REQUEST RECEIVED : ID:434 Type:6003, Data:{"ExchangeSegment":11,"ExchangeInstrumentId":532540,"StartTime":1675758081,"EndTime":1675758201,"CompressionValue":60}
07:Feb:2023 10:47:26.930  Info            REST REQUEST RECEIVED : ID:435 Type:6003, Data:{"ExchangeSegment":11,"ExchangeInstrumentId":532540,"StartTime":1675757961,"EndTime":1675758081,"CompressionValue":60}
07:Feb:2023 10:47:27.092  Info            REST REQUEST RECEIVED : ID:436 Type:6003, Data:{"ExchangeSegment":11,"ExchangeInstrumentId":532540,"StartTime":1675757841,"EndTime":1675757961,"CompressionValue":60}
07:Feb:2023 10:47:27.261  Info            REST REQUEST RECEIVED : ID:437 Type:6003, Data:{"ExchangeSegment":11,"ExchangeInstrumentId":532540,"StartTime":1675757721,"EndTime":1675757841,"CompressionValue":60}
07:Feb:2023 10:47:27.416  Info            REST REQUEST RECEIVED : ID:438 Type:6003, Data:{"ExchangeSegment":11,"ExchangeInstrumentId":532540,"StartTime":1675757601,"EndTime":1675757721,"CompressionValue":60}
07:Feb:2023 10:47:27.578  Info            REST REQUEST RECEIVED : ID:439 Type:6003, Data:{"ExchangeSegment":11,"ExchangeInstrumentId":532540,"StartTime":1675757481,"EndTime":1675757601,"CompressionValue":60}
07:Feb:2023 10:47:27.733  Info            REST REQUEST RECEIVED : ID:440 Type:6003, Data:{"ExchangeSegment":11,"ExchangeInstrumentId":532540,"StartTime":1675757361,"EndTime":1675757481,"CompressionValue":60}
07:Feb:2023 10:47:27.890  Info            REST REQUEST RECEIVED : ID:441 Type:6003, Data:{"ExchangeSegment":11,"ExchangeInstrumentId":532540,"StartTime":1675757241,"EndTime":1675757361,"CompressionValue":60}
07:Feb:2023 10:47:28.048  Info            REST REQUEST RECEIVED : ID:442 Type:6003, Data:{"ExchangeSegment":11,"ExchangeInstrumentId":532540,"StartTime":1675757121,"EndTime":1675757241,"CompressionValue":60}
07:Feb:2023 10:47:28.207  Info            REST REQUEST RECEIVED : ID:443 Type:6003, Data:{"ExchangeSegment":11,"ExchangeInstrumentId":532540,"StartTime":1675757001,"EndTime":1675757121,"CompressionValue":60}
07:Feb:2023 10:47:28.375  Info            REST REQUEST RECEIVED : ID:444 Type:6003, Data:{"ExchangeSegment":11,"ExchangeInstrumentId":532540,"StartTime":1675756881,"EndTime":1675757001,"CompressionValue":60}
07:Feb:2023 10:47:28.534  Info            REST REQUEST RECEIVED : ID:445 Type:6003, Data:{"ExchangeSegment":11,"ExchangeInstrumentId":532540,"StartTime":1675756761,"EndTime":1675756881,"CompressionValue":60}
07:Feb:2023 10:47:28.700  Info            REST REQUEST RECEIVED : ID:446 Type:6003, Data:{"ExchangeSegment":11,"ExchangeInstrumentId":532540,"StartTime":1675756641,"EndTime":1675756761,"CompressionValue":60}
07:Feb:2023 10:47:28.884  Info            REST REQUEST RECEIVED : ID:447 Type:6003, Data:{"ExchangeSegment":11,"ExchangeInstrumentId":532540,"StartTime":1675756521,"EndTime":1675756641,"CompressionValue":60}
07:Feb:2023 10:47:29.058  Info            REST REQUEST RECEIVED : ID:448 Type:6003, Data:{"ExchangeSegment":11,"ExchangeInstrumentId":532540,"StartTime":1675756401,"EndTime":1675756521,"CompressionValue":60}
07:Feb:2023 10:47:29.217  Info            REST REQUEST RECEIVED : ID:449 Type:6003, Data:{"ExchangeSegment":11,"ExchangeInstrumentId":532540,"StartTime":1675756281,"EndTime":1675756401,"CompressionValue":60}
07:Feb:2023 10:47:29.415  Info            REST REQUEST RECEIVED : ID:450 Type:6003, Data:{"ExchangeSegment":11,"ExchangeInstrumentId":532540,"StartTime":1675756161,"EndTime":1675756281,"CompressionValue":60}
07:Feb:2023 10:47:29.608  Info            REST REQUEST RECEIVED : ID:451 Type:6003, Data:{"ExchangeSegment":11,"ExchangeInstrumentId":532540,"StartTime":1675756041,"EndTime":1675756161,"CompressionValue":60}
07:Feb:2023 10:47:29.769  Info            REST REQUEST RECEIVED : ID:452 Type:6003, Data:{"ExchangeSegment":11,"ExchangeInstrumentId":532540,"StartTime":1675755921,"EndTime":1675756041,"CompressionValue":60}
07:Feb:2023 10:47:29.934  Info            REST REQUEST RECEIVED : ID:453 Type:6003, Data:{"ExchangeSegment":11,"ExchangeInstrumentId":532540,"StartTime":1675755801,"EndTime":1675755921,"CompressionValue":60}
07:Feb:2023 10:47:30.240  Info            REST REQUEST RECEIVED : ID:454 Type:6003, Data:{"ExchangeSegment":11,"ExchangeInstrumentId":532540,"StartTime":1675755681,"EndTime":1675755801,"CompressionValue":60}
07:Feb:2023 10:47:30.682  Info            REST REQUEST RECEIVED : ID:455 Type:6003, Data:{"ExchangeSegment":11,"ExchangeInstrumentId":532540,"StartTime":1675755561,"EndTime":1675755681,"CompressionValue":60}
07:Feb:2023 10:47:30.971  Info            REST REQUEST RECEIVED : ID:456 Type:6003, Data:{"ExchangeSegment":11,"ExchangeInstrumentId":532540,"StartTime":1675755441,"EndTime":1675755561,"CompressionValue":60}
07:Feb:2023 10:47:31.148  Info            REST REQUEST RECEIVED : ID:457 Type:6003, Data:{"ExchangeSegment":11,"ExchangeInstrumentId":532540,"StartTime":1675755321,"EndTime":1675755441,"CompressionValue":60}
07:Feb:2023 10:47:31.313  Info            REST REQUEST RECEIVED : ID:458 Type:6003, Data:{"ExchangeSegment":11,"ExchangeInstrumentId":532540,"StartTime":1675755201,"EndTime":1675755321,"CompressionValue":60}
07:Feb:2023 10:48:01.201  Info            One Minute Candle update called
07:Feb:2023 10:48:01.201  Info            One Minute Candle scrips count: 0
07:Feb:2023 10:48:01.201  Info            One Minute Candle scrips count: 0
07:Feb:2023 10:48:01.201  Info            One Minute Candle scrips count: 0
07:Feb:2023 10:48:01.201  Info            One Minute Candle scrips count: 0
07:Feb:2023 10:48:01.201  Info            One Minute Candle scrips count: 0
07:Feb:2023 10:48:01.201  Info            One Minute Candle scrips count: 0
07:Feb:2023 10:48:01.201  Info            One Minute Candle scrips count: 0
07:Feb:2023 10:48:01.201  Info            One Minute Candle scrips count: 0
07:Feb:2023 10:48:01.201  Info            One Minute Candle scrips count: 0
07:Feb:2023 10:48:01.201  Info            One Minute Candle scrips count: 0
07:Feb:2023 10:49:01.576  Info            One Minute Candle update called
07:Feb:2023 10:49:01.576  Info            One Minute Candle scrips count: 0
07:Feb:2023 10:49:01.576  Info            One Minute Candle scrips count: 0
07:Feb:2023 10:49:01.576  Info            One Minute Candle scrips count: 0
07:Feb:2023 10:49:01.576  Info            One Minute Candle scrips count: 0
07:Feb:2023 10:49:01.576  Info            One Minute Candle scrips count: 0
07:Feb:2023 10:49:01.576  Info            One Minute Candle scrips count: 0
07:Feb:2023 10:49:01.576  Info            One Minute Candle scrips count: 0
07:Feb:2023 10:49:01.576  Info            One Minute Candle scrips count: 0
07:Feb:2023 10:49:01.576  Info            One Minute Candle scrips count: 0
07:Feb:2023 10:49:01.576  Info            One Minute Candle scrips count: 0
07:Feb:2023 10:49:05.051  Info            REST REQUEST RECEIVED : ID:459 Type:6003, Data:{"ExchangeSegment":1,"ExchangeInstrumentId":11536,"StartTime":1675680544,"EndTime":1675939744,"CompressionValue":60}
07:Feb:2023 10:49:05.272  Info            REST REQUEST RECEIVED : ID:460 Type:6003, Data:{"ExchangeSegment":1,"ExchangeInstrumentId":11536,"StartTime":1675734304,"EndTime":1675747804,"CompressionValue":60}
07:Feb:2023 10:49:05.431  Info            REST REQUEST RECEIVED : ID:461 Type:6003, Data:{"ExchangeSegment":1,"ExchangeInstrumentId":11536,"StartTime":1675720804,"EndTime":1675734304,"CompressionValue":60}
07:Feb:2023 10:49:05.589  Info            REST REQUEST RECEIVED : ID:462 Type:6003, Data:{"ExchangeSegment":1,"ExchangeInstrumentId":11536,"StartTime":1675707304,"EndTime":1675720804,"CompressionValue":60}
07:Feb:2023 10:49:05.764  Info            REST REQUEST RECEIVED : ID:463 Type:6003, Data:{"ExchangeSegment":1,"ExchangeInstrumentId":11536,"StartTime":1675693804,"EndTime":1675707304,"CompressionValue":60}
07:Feb:2023 10:49:05.921  Info            REST REQUEST RECEIVED : ID:464 Type:6003, Data:{"ExchangeSegment":1,"ExchangeInstrumentId":11536,"StartTime":1675680304,"EndTime":1675693804,"CompressionValue":60}
07:Feb:2023 10:49:06.082  Info            REST REQUEST RECEIVED : ID:465 Type:6003, Data:{"ExchangeSegment":1,"ExchangeInstrumentId":11536,"StartTime":1675666804,"EndTime":1675680304,"CompressionValue":60}
07:Feb:2023 10:49:06.239  Info            REST REQUEST RECEIVED : ID:466 Type:6003, Data:{"ExchangeSegment":1,"ExchangeInstrumentId":11536,"StartTime":1675653304,"EndTime":1675666804,"CompressionValue":60}
07:Feb:2023 10:49:06.407  Info            REST REQUEST RECEIVED : ID:467 Type:6003, Data:{"ExchangeSegment":1,"ExchangeInstrumentId":11536,"StartTime":1675639804,"EndTime":1675653304,"CompressionValue":60}
07:Feb:2023 10:49:06.571  Info            REST REQUEST RECEIVED : ID:468 Type:6003, Data:{"ExchangeSegment":1,"ExchangeInstrumentId":11536,"StartTime":1675626304,"EndTime":1675639804,"CompressionValue":60}
07:Feb:2023 10:49:06.740  Info            REST REQUEST RECEIVED : ID:469 Type:6003, Data:{"ExchangeSegment":1,"ExchangeInstrumentId":11536,"StartTime":1675612804,"EndTime":1675626304,"CompressionValue":60}
07:Feb:2023 10:49:06.898  Info            REST REQUEST RECEIVED : ID:470 Type:6003, Data:{"ExchangeSegment":1,"ExchangeInstrumentId":11536,"StartTime":1675599304,"EndTime":1675612804,"CompressionValue":60}
07:Feb:2023 10:49:07.063  Info            REST REQUEST RECEIVED : ID:471 Type:6003, Data:{"ExchangeSegment":1,"ExchangeInstrumentId":11536,"StartTime":1675585804,"EndTime":1675599304,"CompressionValue":60}
07:Feb:2023 10:49:07.234  Info            REST REQUEST RECEIVED : ID:472 Type:6003, Data:{"ExchangeSegment":1,"ExchangeInstrumentId":11536,"StartTime":1675572304,"EndTime":1675585804,"CompressionValue":60}
07:Feb:2023 10:49:07.390  Info            REST REQUEST RECEIVED : ID:473 Type:6003, Data:{"ExchangeSegment":1,"ExchangeInstrumentId":11536,"StartTime":1675558804,"EndTime":1675572304,"CompressionValue":60}
07:Feb:2023 10:49:07.550  Info            REST REQUEST RECEIVED : ID:474 Type:6003, Data:{"ExchangeSegment":1,"ExchangeInstrumentId":11536,"StartTime":1675545304,"EndTime":1675558804,"CompressionValue":60}
07:Feb:2023 10:49:07.725  Info            REST REQUEST RECEIVED : ID:475 Type:6003, Data:{"ExchangeSegment":1,"ExchangeInstrumentId":11536,"StartTime":1675531804,"EndTime":1675545304,"CompressionValue":60}
07:Feb:2023 10:49:07.910  Info            REST REQUEST RECEIVED : ID:476 Type:6003, Data:{"ExchangeSegment":1,"ExchangeInstrumentId":11536,"StartTime":1675518304,"EndTime":1675531804,"CompressionValue":60}
07:Feb:2023 10:49:08.074  Info            REST REQUEST RECEIVED : ID:477 Type:6003, Data:{"ExchangeSegment":1,"ExchangeInstrumentId":11536,"StartTime":1675504804,"EndTime":1675518304,"CompressionValue":60}
07:Feb:2023 10:49:08.244  Info            REST REQUEST RECEIVED : ID:478 Type:6003, Data:{"ExchangeSegment":1,"ExchangeInstrumentId":11536,"StartTime":1675491304,"EndTime":1675504804,"CompressionValue":60}
07:Feb:2023 10:49:08.408  Info            REST REQUEST RECEIVED : ID:479 Type:6003, Data:{"ExchangeSegment":1,"ExchangeInstrumentId":11536,"StartTime":1675477804,"EndTime":1675491304,"CompressionValue":60}
07:Feb:2023 10:49:08.577  Info            REST REQUEST RECEIVED : ID:480 Type:6003, Data:{"ExchangeSegment":1,"ExchangeInstrumentId":11536,"StartTime":1675464304,"EndTime":1675477804,"CompressionValue":60}
07:Feb:2023 10:49:08.778  Info            REST REQUEST RECEIVED : ID:481 Type:6003, Data:{"ExchangeSegment":1,"ExchangeInstrumentId":11536,"StartTime":1675450804,"EndTime":1675464304,"CompressionValue":60}
07:Feb:2023 10:49:08.942  Info            REST REQUEST RECEIVED : ID:482 Type:6003, Data:{"ExchangeSegment":1,"ExchangeInstrumentId":11536,"StartTime":1675437304,"EndTime":1675450804,"CompressionValue":60}
07:Feb:2023 10:49:09.117  Info            REST REQUEST RECEIVED : ID:483 Type:6003, Data:{"ExchangeSegment":1,"ExchangeInstrumentId":11536,"StartTime":1675423804,"EndTime":1675437304,"CompressionValue":60}
07:Feb:2023 10:49:09.283  Info            REST REQUEST RECEIVED : ID:484 Type:6003, Data:{"ExchangeSegment":1,"ExchangeInstrumentId":11536,"StartTime":1675410304,"EndTime":1675423804,"CompressionValue":60}
07:Feb:2023 10:49:09.446  Info            REST REQUEST RECEIVED : ID:485 Type:6003, Data:{"ExchangeSegment":1,"ExchangeInstrumentId":11536,"StartTime":1675396804,"EndTime":1675410304,"CompressionValue":60}
07:Feb:2023 10:49:09.605  Info            REST REQUEST RECEIVED : ID:486 Type:6003, Data:{"ExchangeSegment":1,"ExchangeInstrumentId":11536,"StartTime":1675383304,"EndTime":1675396804,"CompressionValue":60}
07:Feb:2023 10:49:09.772  Info            REST REQUEST RECEIVED : ID:487 Type:6003, Data:{"ExchangeSegment":1,"ExchangeInstrumentId":11536,"StartTime":1675369804,"EndTime":1675383304,"CompressionValue":60}
07:Feb:2023 10:49:09.975  Info            REST REQUEST RECEIVED : ID:488 Type:6003, Data:{"ExchangeSegment":1,"ExchangeInstrumentId":11536,"StartTime":1675356304,"EndTime":1675369804,"CompressionValue":60}
07:Feb:2023 10:49:10.136  Info            REST REQUEST RECEIVED : ID:489 Type:6003, Data:{"ExchangeSegment":1,"ExchangeInstrumentId":11536,"StartTime":1675342804,"EndTime":1675356304,"CompressionValue":60}
07:Feb:2023 10:49:10.315  Info            REST REQUEST RECEIVED : ID:490 Type:6003, Data:{"ExchangeSegment":1,"ExchangeInstrumentId":11536,"StartTime":1675329304,"EndTime":1675342804,"CompressionValue":60}
07:Feb:2023 10:49:10.476  Info            REST REQUEST RECEIVED : ID:491 Type:6003, Data:{"ExchangeSegment":1,"ExchangeInstrumentId":11536,"StartTime":1675315804,"EndTime":1675329304,"CompressionValue":60}
07:Feb:2023 10:49:10.642  Info            REST REQUEST RECEIVED : ID:492 Type:6003, Data:{"ExchangeSegment":1,"ExchangeInstrumentId":11536,"StartTime":1675302304,"EndTime":1675315804,"CompressionValue":60}
07:Feb:2023 10:49:10.798  Info            REST REQUEST RECEIVED : ID:493 Type:6003, Data:{"ExchangeSegment":1,"ExchangeInstrumentId":11536,"StartTime":1675288804,"EndTime":1675302304,"CompressionValue":60}
07:Feb:2023 10:49:10.955  Info            REST REQUEST RECEIVED : ID:494 Type:6003, Data:{"ExchangeSegment":1,"ExchangeInstrumentId":11536,"StartTime":1675275304,"EndTime":1675288804,"CompressionValue":60}
07:Feb:2023 10:49:11.110  Info            REST REQUEST RECEIVED : ID:495 Type:6003, Data:{"ExchangeSegment":1,"ExchangeInstrumentId":11536,"StartTime":1675261804,"EndTime":1675275304,"CompressionValue":60}
07:Feb:2023 10:49:11.266  Info            REST REQUEST RECEIVED : ID:496 Type:6003, Data:{"ExchangeSegment":1,"ExchangeInstrumentId":11536,"StartTime":1675248304,"EndTime":1675261804,"CompressionValue":60}
07:Feb:2023 10:49:11.428  Info            REST REQUEST RECEIVED : ID:497 Type:6003, Data:{"ExchangeSegment":1,"ExchangeInstrumentId":11536,"StartTime":1675234804,"EndTime":1675248304,"CompressionValue":60}
07:Feb:2023 10:49:11.586  Info            REST REQUEST RECEIVED : ID:498 Type:6003, Data:{"ExchangeSegment":1,"ExchangeInstrumentId":11536,"StartTime":1675221304,"EndTime":1675234804,"CompressionValue":60}
07:Feb:2023 10:49:11.744  Info            REST REQUEST RECEIVED : ID:499 Type:6003, Data:{"ExchangeSegment":1,"ExchangeInstrumentId":11536,"StartTime":1675207804,"EndTime":1675221304,"CompressionValue":60}
07:Feb:2023 10:49:11.909  Info            REST REQUEST RECEIVED : ID:500 Type:6003, Data:{"ExchangeSegment":1,"ExchangeInstrumentId":11536,"StartTime":1675194304,"EndTime":1675207804,"CompressionValue":60}
07:Feb:2023 10:49:12.100  Info            REST REQUEST RECEIVED : ID:501 Type:6003, Data:{"ExchangeSegment":1,"ExchangeInstrumentId":11536,"StartTime":1675180804,"EndTime":1675194304,"CompressionValue":60}
07:Feb:2023 10:49:12.266  Info            REST REQUEST RECEIVED : ID:502 Type:6003, Data:{"ExchangeSegment":1,"ExchangeInstrumentId":11536,"StartTime":1675167304,"EndTime":1675180804,"CompressionValue":60}
07:Feb:2023 10:49:12.423  Info            REST REQUEST RECEIVED : ID:503 Type:6003, Data:{"ExchangeSegment":1,"ExchangeInstrumentId":11536,"StartTime":1675153804,"EndTime":1675167304,"CompressionValue":60}
07:Feb:2023 10:49:12.588  Info            REST REQUEST RECEIVED : ID:504 Type:6003, Data:{"ExchangeSegment":1,"ExchangeInstrumentId":11536,"StartTime":1675140304,"EndTime":1675153804,"CompressionValue":60}
07:Feb:2023 10:49:12.749  Info            REST REQUEST RECEIVED : ID:505 Type:6003, Data:{"ExchangeSegment":1,"ExchangeInstrumentId":11536,"StartTime":1675126804,"EndTime":1675140304,"CompressionValue":60}
07:Feb:2023 10:49:12.918  Info            REST REQUEST RECEIVED : ID:506 Type:6003, Data:{"ExchangeSegment":1,"ExchangeInstrumentId":11536,"StartTime":1675113304,"EndTime":1675126804,"CompressionValue":60}
07:Feb:2023 10:49:13.080  Info            REST REQUEST RECEIVED : ID:507 Type:6003, Data:{"ExchangeSegment":1,"ExchangeInstrumentId":11536,"StartTime":1675099804,"EndTime":1675113304,"CompressionValue":60}
07:Feb:2023 10:49:13.247  Info            REST REQUEST RECEIVED : ID:508 Type:6003, Data:{"ExchangeSegment":1,"ExchangeInstrumentId":11536,"StartTime":1675086304,"EndTime":1675099804,"CompressionValue":60}
07:Feb:2023 10:49:13.418  Info            REST REQUEST RECEIVED : ID:509 Type:6003, Data:{"ExchangeSegment":1,"ExchangeInstrumentId":11536,"StartTime":1675072804,"EndTime":1675086304,"CompressionValue":60}
07:Feb:2023 10:49:19.487  Info            REST REQUEST RECEIVED : ID:510 Type:6003, Data:{"ExchangeSegment":1,"ExchangeInstrumentId":16249,"StartTime":1675680559,"EndTime":1675939759,"CompressionValue":60}
07:Feb:2023 10:49:19.737  Info            REST REQUEST RECEIVED : ID:511 Type:6003, Data:{"ExchangeSegment":1,"ExchangeInstrumentId":16249,"StartTime":1675758919,"EndTime":1675760119,"CompressionValue":60}
07:Feb:2023 10:49:19.894  Info            REST REQUEST RECEIVED : ID:512 Type:6003, Data:{"ExchangeSegment":1,"ExchangeInstrumentId":16249,"StartTime":1675757719,"EndTime":1675758919,"CompressionValue":60}
07:Feb:2023 10:49:20.054  Info            REST REQUEST RECEIVED : ID:513 Type:6003, Data:{"ExchangeSegment":1,"ExchangeInstrumentId":16249,"StartTime":1675756519,"EndTime":1675757719,"CompressionValue":60}
07:Feb:2023 10:49:20.217  Info            REST REQUEST RECEIVED : ID:514 Type:6003, Data:{"ExchangeSegment":1,"ExchangeInstrumentId":16249,"StartTime":1675755319,"EndTime":1675756519,"CompressionValue":60}
07:Feb:2023 10:49:20.393  Info            REST REQUEST RECEIVED : ID:515 Type:6003, Data:{"ExchangeSegment":1,"ExchangeInstrumentId":16249,"StartTime":1675754119,"EndTime":1675755319,"CompressionValue":60}
07:Feb:2023 10:49:20.554  Info            REST REQUEST RECEIVED : ID:516 Type:6003, Data:{"ExchangeSegment":1,"ExchangeInstrumentId":16249,"StartTime":1675752919,"EndTime":1675754119,"CompressionValue":60}
07:Feb:2023 10:49:20.729  Info            REST REQUEST RECEIVED : ID:517 Type:6003, Data:{"ExchangeSegment":1,"ExchangeInstrumentId":16249,"StartTime":1675751719,"EndTime":1675752919,"CompressionValue":60}
07:Feb:2023 10:49:20.885  Info            REST REQUEST RECEIVED : ID:518 Type:6003, Data:{"ExchangeSegment":1,"ExchangeInstrumentId":16249,"StartTime":1675750519,"EndTime":1675751719,"CompressionValue":60}
07:Feb:2023 10:49:21.043  Info            REST REQUEST RECEIVED : ID:519 Type:6003, Data:{"ExchangeSegment":1,"ExchangeInstrumentId":16249,"StartTime":1675749319,"EndTime":1675750519,"CompressionValue":60}
07:Feb:2023 10:49:21.216  Info            REST REQUEST RECEIVED : ID:520 Type:6003, Data:{"ExchangeSegment":1,"ExchangeInstrumentId":16249,"StartTime":1675748119,"EndTime":1675749319,"CompressionValue":60}
07:Feb:2023 10:49:21.384  Info            REST REQUEST RECEIVED : ID:521 Type:6003, Data:{"ExchangeSegment":1,"ExchangeInstrumentId":16249,"StartTime":1675746919,"EndTime":1675748119,"CompressionValue":60}
07:Feb:2023 10:49:21.552  Info            REST REQUEST RECEIVED : ID:522 Type:6003, Data:{"ExchangeSegment":1,"ExchangeInstrumentId":16249,"StartTime":1675745719,"EndTime":1675746919,"CompressionValue":60}
07:Feb:2023 10:49:21.747  Info            REST REQUEST RECEIVED : ID:523 Type:6003, Data:{"ExchangeSegment":1,"ExchangeInstrumentId":16249,"StartTime":1675744519,"EndTime":1675745719,"CompressionValue":60}
07:Feb:2023 10:49:21.916  Info            REST REQUEST RECEIVED : ID:524 Type:6003, Data:{"ExchangeSegment":1,"ExchangeInstrumentId":16249,"StartTime":1675743319,"EndTime":1675744519,"CompressionValue":60}
07:Feb:2023 10:49:22.082  Info            REST REQUEST RECEIVED : ID:525 Type:6003, Data:{"ExchangeSegment":1,"ExchangeInstrumentId":16249,"StartTime":1675742119,"EndTime":1675743319,"CompressionValue":60}
07:Feb:2023 10:49:22.243  Info            REST REQUEST RECEIVED : ID:526 Type:6003, Data:{"ExchangeSegment":1,"ExchangeInstrumentId":16249,"StartTime":1675740919,"EndTime":1675742119,"CompressionValue":60}
07:Feb:2023 10:49:22.404  Info            REST REQUEST RECEIVED : ID:527 Type:6003, Data:{"ExchangeSegment":1,"ExchangeInstrumentId":16249,"StartTime":1675739719,"EndTime":1675740919,"CompressionValue":60}
07:Feb:2023 10:49:22.560  Info            REST REQUEST RECEIVED : ID:528 Type:6003, Data:{"ExchangeSegment":1,"ExchangeInstrumentId":16249,"StartTime":1675738519,"EndTime":1675739719,"CompressionValue":60}
07:Feb:2023 10:49:22.718  Info            REST REQUEST RECEIVED : ID:529 Type:6003, Data:{"ExchangeSegment":1,"ExchangeInstrumentId":16249,"StartTime":1675737319,"EndTime":1675738519,"CompressionValue":60}
07:Feb:2023 10:49:22.873  Info            REST REQUEST RECEIVED : ID:530 Type:6003, Data:{"ExchangeSegment":1,"ExchangeInstrumentId":16249,"StartTime":1675736119,"EndTime":1675737319,"CompressionValue":60}
07:Feb:2023 10:49:23.033  Info            REST REQUEST RECEIVED : ID:531 Type:6003, Data:{"ExchangeSegment":1,"ExchangeInstrumentId":16249,"StartTime":1675734919,"EndTime":1675736119,"CompressionValue":60}
07:Feb:2023 10:49:23.203  Info            REST REQUEST RECEIVED : ID:532 Type:6003, Data:{"ExchangeSegment":1,"ExchangeInstrumentId":16249,"StartTime":1675733719,"EndTime":1675734919,"CompressionValue":60}
07:Feb:2023 10:49:23.368  Info            REST REQUEST RECEIVED : ID:533 Type:6003, Data:{"ExchangeSegment":1,"ExchangeInstrumentId":16249,"StartTime":1675732519,"EndTime":1675733719,"CompressionValue":60}
07:Feb:2023 10:49:23.541  Info            REST REQUEST RECEIVED : ID:534 Type:6003, Data:{"ExchangeSegment":1,"ExchangeInstrumentId":16249,"StartTime":1675731319,"EndTime":1675732519,"CompressionValue":60}
07:Feb:2023 10:49:23.700  Info            REST REQUEST RECEIVED : ID:535 Type:6003, Data:{"ExchangeSegment":1,"ExchangeInstrumentId":16249,"StartTime":1675730119,"EndTime":1675731319,"CompressionValue":60}
07:Feb:2023 10:49:25.850  Info            REST REQUEST RECEIVED : ID:536 Type:6003, Data:{"ExchangeSegment":1,"ExchangeInstrumentId":16249,"StartTime":1675728919,"EndTime":1675730119,"CompressionValue":60}
07:Feb:2023 10:49:26.009  Info            REST REQUEST RECEIVED : ID:537 Type:6003, Data:{"ExchangeSegment":1,"ExchangeInstrumentId":16249,"StartTime":1675727719,"EndTime":1675728919,"CompressionValue":60}
07:Feb:2023 10:49:26.165  Info            REST REQUEST RECEIVED : ID:538 Type:6003, Data:{"ExchangeSegment":1,"ExchangeInstrumentId":16249,"StartTime":1675726519,"EndTime":1675727719,"CompressionValue":60}
07:Feb:2023 10:49:26.321  Info            REST REQUEST RECEIVED : ID:539 Type:6003, Data:{"ExchangeSegment":1,"ExchangeInstrumentId":16249,"StartTime":1675725319,"EndTime":1675726519,"CompressionValue":60}
07:Feb:2023 10:49:26.476  Info            REST REQUEST RECEIVED : ID:540 Type:6003, Data:{"ExchangeSegment":1,"ExchangeInstrumentId":16249,"StartTime":1675724119,"EndTime":1675725319,"CompressionValue":60}
07:Feb:2023 10:49:26.637  Info            REST REQUEST RECEIVED : ID:541 Type:6003, Data:{"ExchangeSegment":1,"ExchangeInstrumentId":16249,"StartTime":1675722919,"EndTime":1675724119,"CompressionValue":60}
07:Feb:2023 10:49:26.801  Info            REST REQUEST RECEIVED : ID:542 Type:6003, Data:{"ExchangeSegment":1,"ExchangeInstrumentId":16249,"StartTime":1675721719,"EndTime":1675722919,"CompressionValue":60}
07:Feb:2023 10:49:26.969  Info            REST REQUEST RECEIVED : ID:543 Type:6003, Data:{"ExchangeSegment":1,"ExchangeInstrumentId":16249,"StartTime":1675720519,"EndTime":1675721719,"CompressionValue":60}
07:Feb:2023 10:49:27.127  Info            REST REQUEST RECEIVED : ID:544 Type:6003, Data:{"ExchangeSegment":1,"ExchangeInstrumentId":16249,"StartTime":1675719319,"EndTime":1675720519,"CompressionValue":60}
07:Feb:2023 10:49:27.285  Info            REST REQUEST RECEIVED : ID:545 Type:6003, Data:{"ExchangeSegment":1,"ExchangeInstrumentId":16249,"StartTime":1675718119,"EndTime":1675719319,"CompressionValue":60}
07:Feb:2023 10:49:27.467  Info            REST REQUEST RECEIVED : ID:546 Type:6003, Data:{"ExchangeSegment":1,"ExchangeInstrumentId":16249,"StartTime":1675716919,"EndTime":1675718119,"CompressionValue":60}
07:Feb:2023 10:49:27.617  Info            REST REQUEST RECEIVED : ID:547 Type:6003, Data:{"ExchangeSegment":1,"ExchangeInstrumentId":16249,"StartTime":1675715719,"EndTime":1675716919,"CompressionValue":60}
07:Feb:2023 10:49:27.767  Info            REST REQUEST RECEIVED : ID:548 Type:6003, Data:{"ExchangeSegment":1,"ExchangeInstrumentId":16249,"StartTime":1675714519,"EndTime":1675715719,"CompressionValue":60}
07:Feb:2023 10:49:27.923  Info            REST REQUEST RECEIVED : ID:549 Type:6003, Data:{"ExchangeSegment":1,"ExchangeInstrumentId":16249,"StartTime":1675713319,"EndTime":1675714519,"CompressionValue":60}
07:Feb:2023 10:49:28.075  Info            REST REQUEST RECEIVED : ID:550 Type:6003, Data:{"ExchangeSegment":1,"ExchangeInstrumentId":16249,"StartTime":1675712119,"EndTime":1675713319,"CompressionValue":60}
07:Feb:2023 10:49:28.230  Info            REST REQUEST RECEIVED : ID:551 Type:6003, Data:{"ExchangeSegment":1,"ExchangeInstrumentId":16249,"StartTime":1675710919,"EndTime":1675712119,"CompressionValue":60}
07:Feb:2023 10:49:28.383  Info            REST REQUEST RECEIVED : ID:552 Type:6003, Data:{"ExchangeSegment":1,"ExchangeInstrumentId":16249,"StartTime":1675709719,"EndTime":1675710919,"CompressionValue":60}
07:Feb:2023 10:49:28.533  Info            REST REQUEST RECEIVED : ID:553 Type:6003, Data:{"ExchangeSegment":1,"ExchangeInstrumentId":16249,"StartTime":1675708519,"EndTime":1675709719,"CompressionValue":60}
07:Feb:2023 10:49:28.682  Info            REST REQUEST RECEIVED : ID:554 Type:6003, Data:{"ExchangeSegment":1,"ExchangeInstrumentId":16249,"StartTime":1675707319,"EndTime":1675708519,"CompressionValue":60}
07:Feb:2023 10:49:28.840  Info            REST REQUEST RECEIVED : ID:555 Type:6003, Data:{"ExchangeSegment":1,"ExchangeInstrumentId":16249,"StartTime":1675706119,"EndTime":1675707319,"CompressionValue":60}
07:Feb:2023 10:49:28.994  Info            REST REQUEST RECEIVED : ID:556 Type:6003, Data:{"ExchangeSegment":1,"ExchangeInstrumentId":16249,"StartTime":1675704919,"EndTime":1675706119,"CompressionValue":60}
07:Feb:2023 10:49:29.160  Info            REST REQUEST RECEIVED : ID:557 Type:6003, Data:{"ExchangeSegment":1,"ExchangeInstrumentId":16249,"StartTime":1675703719,"EndTime":1675704919,"CompressionValue":60}
07:Feb:2023 10:49:29.320  Info            REST REQUEST RECEIVED : ID:558 Type:6003, Data:{"ExchangeSegment":1,"ExchangeInstrumentId":16249,"StartTime":1675702519,"EndTime":1675703719,"CompressionValue":60}
07:Feb:2023 10:49:29.474  Info            REST REQUEST RECEIVED : ID:559 Type:6003, Data:{"ExchangeSegment":1,"ExchangeInstrumentId":16249,"StartTime":1675701319,"EndTime":1675702519,"CompressionValue":60}
07:Feb:2023 10:49:29.625  Info            REST REQUEST RECEIVED : ID:560 Type:6003, Data:{"ExchangeSegment":1,"ExchangeInstrumentId":16249,"StartTime":1675700119,"EndTime":1675701319,"CompressionValue":60}
07:Feb:2023 10:50:01.997  Info            One Minute Candle update called
07:Feb:2023 10:50:01.997  Info            One Minute Candle scrips count: 0
07:Feb:2023 10:50:01.997  Info            One Minute Candle scrips count: 0
07:Feb:2023 10:50:01.997  Info            One Minute Candle scrips count: 0
07:Feb:2023 10:50:01.997  Info            One Minute Candle scrips count: 0
07:Feb:2023 10:50:01.997  Info            One Minute Candle scrips count: 0
07:Feb:2023 10:50:01.997  Info            One Minute Candle scrips count: 0
07:Feb:2023 10:50:01.997  Info            One Minute Candle scrips count: 0
07:Feb:2023 10:50:01.997  Info            One Minute Candle scrips count: 0
07:Feb:2023 10:50:01.997  Info            One Minute Candle scrips count: 0
07:Feb:2023 10:50:01.997  Info            One Minute Candle scrips count: 0
07:Feb:2023 10:51:01.310  Info            One Minute Candle update called
07:Feb:2023 10:51:01.310  Info            One Minute Candle scrips count: 0
07:Feb:2023 10:51:01.310  Info            One Minute Candle scrips count: 0
07:Feb:2023 10:51:01.310  Info            One Minute Candle scrips count: 0
07:Feb:2023 10:51:01.310  Info            One Minute Candle scrips count: 0
07:Feb:2023 10:51:01.310  Info            One Minute Candle scrips count: 0
07:Feb:2023 10:51:01.310  Info            One Minute Candle scrips count: 0
07:Feb:2023 10:51:01.310  Info            One Minute Candle scrips count: 0
07:Feb:2023 10:51:01.310  Info            One Minute Candle scrips count: 0
07:Feb:2023 10:51:01.310  Info            One Minute Candle scrips count: 0
07:Feb:2023 10:51:01.310  Info            One Minute Candle scrips count: 0
07:Feb:2023 10:52:01.607  Info            One Minute Candle update called
07:Feb:2023 10:52:01.607  Info            One Minute Candle scrips count: 0
07:Feb:2023 10:52:01.608  Info            One Minute Candle scrips count: 0
07:Feb:2023 10:52:01.608  Info            One Minute Candle scrips count: 0
07:Feb:2023 10:52:01.608  Info            One Minute Candle scrips count: 0
07:Feb:2023 10:52:01.608  Info            One Minute Candle scrips count: 0
07:Feb:2023 10:52:01.608  Info            One Minute Candle scrips count: 0
07:Feb:2023 10:52:01.608  Info            One Minute Candle scrips count: 0
07:Feb:2023 10:52:01.608  Info            One Minute Candle scrips count: 0
07:Feb:2023 10:52:01.608  Info            One Minute Candle scrips count: 0
07:Feb:2023 10:52:01.608  Info            One Minute Candle scrips count: 0
07:Feb:2023 10:53:01.920  Info            One Minute Candle update called
07:Feb:2023 10:53:01.920  Info            One Minute Candle scrips count: 0
07:Feb:2023 10:53:01.920  Info            One Minute Candle scrips count: 0
07:Feb:2023 10:53:01.920  Info            One Minute Candle scrips count: 0
07:Feb:2023 10:53:01.920  Info            One Minute Candle scrips count: 0
07:Feb:2023 10:53:01.920  Info            One Minute Candle scrips count: 0
07:Feb:2023 10:53:01.920  Info            One Minute Candle scrips count: 0
07:Feb:2023 10:53:01.920  Info            One Minute Candle scrips count: 0
07:Feb:2023 10:53:01.920  Info            One Minute Candle scrips count: 0
07:Feb:2023 10:53:01.920  Info            One Minute Candle scrips count: 0
07:Feb:2023 10:53:01.920  Info            One Minute Candle scrips count: 0
07:Feb:2023 10:53:28.191  Info            REST REQUEST RECEIVED : ID:561 Type:6003, Data:{"ExchangeSegment":1,"ExchangeInstrumentId":11536,"StartTime":1675680807,"EndTime":1675940007,"CompressionValue":60}
07:Feb:2023 10:53:28.392  Info            REST REQUEST RECEIVED : ID:562 Type:6003, Data:{"ExchangeSegment":1,"ExchangeInstrumentId":11536,"StartTime":1675734807,"EndTime":1675748067,"CompressionValue":60}
07:Feb:2023 10:53:28.548  Info            REST REQUEST RECEIVED : ID:563 Type:6003, Data:{"ExchangeSegment":1,"ExchangeInstrumentId":11536,"StartTime":1675721547,"EndTime":1675734807,"CompressionValue":60}
07:Feb:2023 10:53:28.708  Info            REST REQUEST RECEIVED : ID:564 Type:6003, Data:{"ExchangeSegment":1,"ExchangeInstrumentId":11536,"StartTime":1675708287,"EndTime":1675721547,"CompressionValue":60}
07:Feb:2023 10:53:28.923  Info            REST REQUEST RECEIVED : ID:565 Type:6003, Data:{"ExchangeSegment":1,"ExchangeInstrumentId":11536,"StartTime":1675695027,"EndTime":1675708287,"CompressionValue":60}
07:Feb:2023 10:53:29.085  Info            REST REQUEST RECEIVED : ID:566 Type:6003, Data:{"ExchangeSegment":1,"ExchangeInstrumentId":11536,"StartTime":1675681767,"EndTime":1675695027,"CompressionValue":60}
07:Feb:2023 10:53:29.254  Info            REST REQUEST RECEIVED : ID:567 Type:6003, Data:{"ExchangeSegment":1,"ExchangeInstrumentId":11536,"StartTime":1675668507,"EndTime":1675681767,"CompressionValue":60}
07:Feb:2023 10:53:29.412  Info            REST REQUEST RECEIVED : ID:568 Type:6003, Data:{"ExchangeSegment":1,"ExchangeInstrumentId":11536,"StartTime":1675655247,"EndTime":1675668507,"CompressionValue":60}
07:Feb:2023 10:53:29.569  Info            REST REQUEST RECEIVED : ID:569 Type:6003, Data:{"ExchangeSegment":1,"ExchangeInstrumentId":11536,"StartTime":1675641987,"EndTime":1675655247,"CompressionValue":60}
07:Feb:2023 10:53:29.724  Info            REST REQUEST RECEIVED : ID:570 Type:6003, Data:{"ExchangeSegment":1,"ExchangeInstrumentId":11536,"StartTime":1675628727,"EndTime":1675641987,"CompressionValue":60}
07:Feb:2023 10:53:29.907  Info            REST REQUEST RECEIVED : ID:571 Type:6003, Data:{"ExchangeSegment":1,"ExchangeInstrumentId":11536,"StartTime":1675615467,"EndTime":1675628727,"CompressionValue":60}
07:Feb:2023 10:53:30.100  Info            REST REQUEST RECEIVED : ID:572 Type:6003, Data:{"ExchangeSegment":1,"ExchangeInstrumentId":11536,"StartTime":1675602207,"EndTime":1675615467,"CompressionValue":60}
07:Feb:2023 10:53:30.308  Info            REST REQUEST RECEIVED : ID:573 Type:6003, Data:{"ExchangeSegment":1,"ExchangeInstrumentId":11536,"StartTime":1675588947,"EndTime":1675602207,"CompressionValue":60}
07:Feb:2023 10:53:30.464  Info            REST REQUEST RECEIVED : ID:574 Type:6003, Data:{"ExchangeSegment":1,"ExchangeInstrumentId":11536,"StartTime":1675575687,"EndTime":1675588947,"CompressionValue":60}
07:Feb:2023 10:53:30.622  Info            REST REQUEST RECEIVED : ID:575 Type:6003, Data:{"ExchangeSegment":1,"ExchangeInstrumentId":11536,"StartTime":1675562427,"EndTime":1675575687,"CompressionValue":60}
07:Feb:2023 10:53:30.775  Info            REST REQUEST RECEIVED : ID:576 Type:6003, Data:{"ExchangeSegment":1,"ExchangeInstrumentId":11536,"StartTime":1675549167,"EndTime":1675562427,"CompressionValue":60}
07:Feb:2023 10:53:30.929  Info            REST REQUEST RECEIVED : ID:577 Type:6003, Data:{"ExchangeSegment":1,"ExchangeInstrumentId":11536,"StartTime":1675535907,"EndTime":1675549167,"CompressionValue":60}
07:Feb:2023 10:53:31.098  Info            REST REQUEST RECEIVED : ID:578 Type:6003, Data:{"ExchangeSegment":1,"ExchangeInstrumentId":11536,"StartTime":1675522647,"EndTime":1675535907,"CompressionValue":60}
07:Feb:2023 10:53:31.260  Info            REST REQUEST RECEIVED : ID:579 Type:6003, Data:{"ExchangeSegment":1,"ExchangeInstrumentId":11536,"StartTime":1675509387,"EndTime":1675522647,"CompressionValue":60}
07:Feb:2023 10:53:31.415  Info            REST REQUEST RECEIVED : ID:580 Type:6003, Data:{"ExchangeSegment":1,"ExchangeInstrumentId":11536,"StartTime":1675496127,"EndTime":1675509387,"CompressionValue":60}
07:Feb:2023 10:53:31.609  Info            REST REQUEST RECEIVED : ID:581 Type:6003, Data:{"ExchangeSegment":1,"ExchangeInstrumentId":11536,"StartTime":1675482867,"EndTime":1675496127,"CompressionValue":60}
07:Feb:2023 10:53:31.776  Info            REST REQUEST RECEIVED : ID:582 Type:6003, Data:{"ExchangeSegment":1,"ExchangeInstrumentId":11536,"StartTime":1675469607,"EndTime":1675482867,"CompressionValue":60}
07:Feb:2023 10:53:31.932  Info            REST REQUEST RECEIVED : ID:583 Type:6003, Data:{"ExchangeSegment":1,"ExchangeInstrumentId":11536,"StartTime":1675456347,"EndTime":1675469607,"CompressionValue":60}
07:Feb:2023 10:53:32.083  Info            REST REQUEST RECEIVED : ID:584 Type:6003, Data:{"ExchangeSegment":1,"ExchangeInstrumentId":11536,"StartTime":1675443087,"EndTime":1675456347,"CompressionValue":60}
07:Feb:2023 10:53:32.237  Info            REST REQUEST RECEIVED : ID:585 Type:6003, Data:{"ExchangeSegment":1,"ExchangeInstrumentId":11536,"StartTime":1675429827,"EndTime":1675443087,"CompressionValue":60}
07:Feb:2023 10:53:32.392  Info            REST REQUEST RECEIVED : ID:586 Type:6003, Data:{"ExchangeSegment":1,"ExchangeInstrumentId":11536,"StartTime":1675416567,"EndTime":1675429827,"CompressionValue":60}
07:Feb:2023 10:53:32.589  Info            REST REQUEST RECEIVED : ID:587 Type:6003, Data:{"ExchangeSegment":1,"ExchangeInstrumentId":11536,"StartTime":1675403307,"EndTime":1675416567,"CompressionValue":60}
07:Feb:2023 10:53:32.748  Info            REST REQUEST RECEIVED : ID:588 Type:6003, Data:{"ExchangeSegment":1,"ExchangeInstrumentId":11536,"StartTime":1675390047,"EndTime":1675403307,"CompressionValue":60}
07:Feb:2023 10:53:32.904  Info            REST REQUEST RECEIVED : ID:589 Type:6003, Data:{"ExchangeSegment":1,"ExchangeInstrumentId":11536,"StartTime":1675376787,"EndTime":1675390047,"CompressionValue":60}
07:Feb:2023 10:53:33.058  Info            REST REQUEST RECEIVED : ID:590 Type:6003, Data:{"ExchangeSegment":1,"ExchangeInstrumentId":11536,"StartTime":1675363527,"EndTime":1675376787,"CompressionValue":60}
07:Feb:2023 10:53:33.216  Info            REST REQUEST RECEIVED : ID:591 Type:6003, Data:{"ExchangeSegment":1,"ExchangeInstrumentId":11536,"StartTime":1675350267,"EndTime":1675363527,"CompressionValue":60}
07:Feb:2023 10:53:33.370  Info            REST REQUEST RECEIVED : ID:592 Type:6003, Data:{"ExchangeSegment":1,"ExchangeInstrumentId":11536,"StartTime":1675337007,"EndTime":1675350267,"CompressionValue":60}
07:Feb:2023 10:53:33.525  Info            REST REQUEST RECEIVED : ID:593 Type:6003, Data:{"ExchangeSegment":1,"ExchangeInstrumentId":11536,"StartTime":1675323747,"EndTime":1675337007,"CompressionValue":60}
07:Feb:2023 10:53:33.679  Info            REST REQUEST RECEIVED : ID:594 Type:6003, Data:{"ExchangeSegment":1,"ExchangeInstrumentId":11536,"StartTime":1675310487,"EndTime":1675323747,"CompressionValue":60}
07:Feb:2023 10:53:33.832  Info            REST REQUEST RECEIVED : ID:595 Type:6003, Data:{"ExchangeSegment":1,"ExchangeInstrumentId":11536,"StartTime":1675297227,"EndTime":1675310487,"CompressionValue":60}
07:Feb:2023 10:53:33.992  Info            REST REQUEST RECEIVED : ID:596 Type:6003, Data:{"ExchangeSegment":1,"ExchangeInstrumentId":11536,"StartTime":1675283967,"EndTime":1675297227,"CompressionValue":60}
07:Feb:2023 10:53:34.152  Info            REST REQUEST RECEIVED : ID:597 Type:6003, Data:{"ExchangeSegment":1,"ExchangeInstrumentId":11536,"StartTime":1675270707,"EndTime":1675283967,"CompressionValue":60}
07:Feb:2023 10:53:34.339  Info            REST REQUEST RECEIVED : ID:598 Type:6003, Data:{"ExchangeSegment":1,"ExchangeInstrumentId":11536,"StartTime":1675257447,"EndTime":1675270707,"CompressionValue":60}
07:Feb:2023 10:53:34.495  Info            REST REQUEST RECEIVED : ID:599 Type:6003, Data:{"ExchangeSegment":1,"ExchangeInstrumentId":11536,"StartTime":1675244187,"EndTime":1675257447,"CompressionValue":60}
07:Feb:2023 10:53:34.645  Info            REST REQUEST RECEIVED : ID:600 Type:6003, Data:{"ExchangeSegment":1,"ExchangeInstrumentId":11536,"StartTime":1675230927,"EndTime":1675244187,"CompressionValue":60}
07:Feb:2023 10:53:34.800  Info            REST REQUEST RECEIVED : ID:601 Type:6003, Data:{"ExchangeSegment":1,"ExchangeInstrumentId":11536,"StartTime":1675217667,"EndTime":1675230927,"CompressionValue":60}
07:Feb:2023 10:53:35.036  Info            REST REQUEST RECEIVED : ID:602 Type:6003, Data:{"ExchangeSegment":1,"ExchangeInstrumentId":11536,"StartTime":1675204407,"EndTime":1675217667,"CompressionValue":60}
07:Feb:2023 10:53:35.204  Info            REST REQUEST RECEIVED : ID:603 Type:6003, Data:{"ExchangeSegment":1,"ExchangeInstrumentId":11536,"StartTime":1675191147,"EndTime":1675204407,"CompressionValue":60}
07:Feb:2023 10:53:35.385  Info            REST REQUEST RECEIVED : ID:604 Type:6003, Data:{"ExchangeSegment":1,"ExchangeInstrumentId":11536,"StartTime":1675177887,"EndTime":1675191147,"CompressionValue":60}
07:Feb:2023 10:53:35.539  Info            REST REQUEST RECEIVED : ID:605 Type:6003, Data:{"ExchangeSegment":1,"ExchangeInstrumentId":11536,"StartTime":1675164627,"EndTime":1675177887,"CompressionValue":60}
07:Feb:2023 10:53:35.700  Info            REST REQUEST RECEIVED : ID:606 Type:6003, Data:{"ExchangeSegment":1,"ExchangeInstrumentId":11536,"StartTime":1675151367,"EndTime":1675164627,"CompressionValue":60}
07:Feb:2023 10:53:35.853  Info            REST REQUEST RECEIVED : ID:607 Type:6003, Data:{"ExchangeSegment":1,"ExchangeInstrumentId":11536,"StartTime":1675138107,"EndTime":1675151367,"CompressionValue":60}
07:Feb:2023 10:53:36.006  Info            REST REQUEST RECEIVED : ID:608 Type:6003, Data:{"ExchangeSegment":1,"ExchangeInstrumentId":11536,"StartTime":1675124847,"EndTime":1675138107,"CompressionValue":60}
07:Feb:2023 10:53:36.184  Info            REST REQUEST RECEIVED : ID:609 Type:6003, Data:{"ExchangeSegment":1,"ExchangeInstrumentId":11536,"StartTime":1675111587,"EndTime":1675124847,"CompressionValue":60}
07:Feb:2023 10:53:36.337  Info            REST REQUEST RECEIVED : ID:610 Type:6003, Data:{"ExchangeSegment":1,"ExchangeInstrumentId":11536,"StartTime":1675098327,"EndTime":1675111587,"CompressionValue":60}
07:Feb:2023 10:53:36.497  Info            REST REQUEST RECEIVED : ID:611 Type:6003, Data:{"ExchangeSegment":1,"ExchangeInstrumentId":11536,"StartTime":1675085067,"EndTime":1675098327,"CompressionValue":60}
07:Feb:2023 10:54:01.513  Info            One Minute Candle update called
07:Feb:2023 10:54:01.513  Info            One Minute Candle scrips count: 0
07:Feb:2023 10:54:01.513  Info            One Minute Candle scrips count: 0
07:Feb:2023 10:54:01.513  Info            One Minute Candle scrips count: 0
07:Feb:2023 10:54:01.513  Info            One Minute Candle scrips count: 0
07:Feb:2023 10:54:01.513  Info            One Minute Candle scrips count: 0
07:Feb:2023 10:54:01.513  Info            One Minute Candle scrips count: 0
07:Feb:2023 10:54:01.513  Info            One Minute Candle scrips count: 0
07:Feb:2023 10:54:01.513  Info            One Minute Candle scrips count: 0
07:Feb:2023 10:54:01.513  Info            One Minute Candle scrips count: 0
07:Feb:2023 10:54:01.513  Info            One Minute Candle scrips count: 0
07:Feb:2023 10:55:01.920  Info            One Minute Candle update called
07:Feb:2023 10:55:01.920  Info            One Minute Candle scrips count: 0
07:Feb:2023 10:55:01.920  Info            One Minute Candle scrips count: 0
07:Feb:2023 10:55:01.920  Info            One Minute Candle scrips count: 0
07:Feb:2023 10:55:01.920  Info            One Minute Candle scrips count: 0
07:Feb:2023 10:55:01.920  Info            One Minute Candle scrips count: 0
07:Feb:2023 10:55:01.920  Info            One Minute Candle scrips count: 0
07:Feb:2023 10:55:01.920  Info            One Minute Candle scrips count: 0
07:Feb:2023 10:55:01.920  Info            One Minute Candle scrips count: 0
07:Feb:2023 10:55:01.920  Info            One Minute Candle scrips count: 0
07:Feb:2023 10:55:01.920  Info            One Minute Candle scrips count: 0
07:Feb:2023 10:56:01.294  Info            One Minute Candle update called
07:Feb:2023 10:56:01.294  Info            One Minute Candle scrips count: 0
07:Feb:2023 10:56:01.294  Info            One Minute Candle scrips count: 0
07:Feb:2023 10:56:01.294  Info            One Minute Candle scrips count: 0
07:Feb:2023 10:56:01.294  Info            One Minute Candle scrips count: 0
07:Feb:2023 10:56:01.294  Info            One Minute Candle scrips count: 0
07:Feb:2023 10:56:01.294  Info            One Minute Candle scrips count: 0
07:Feb:2023 10:56:01.294  Info            One Minute Candle scrips count: 0
07:Feb:2023 10:56:01.294  Info            One Minute Candle scrips count: 0
07:Feb:2023 10:56:01.294  Info            One Minute Candle scrips count: 0
07:Feb:2023 10:56:01.294  Info            One Minute Candle scrips count: 0
07:Feb:2023 10:57:01.608  Info            One Minute Candle update called
07:Feb:2023 10:57:01.608  Info            One Minute Candle scrips count: 0
07:Feb:2023 10:57:01.608  Info            One Minute Candle scrips count: 0
07:Feb:2023 10:57:01.608  Info            One Minute Candle scrips count: 0
07:Feb:2023 10:57:01.608  Info            One Minute Candle scrips count: 0
07:Feb:2023 10:57:01.608  Info            One Minute Candle scrips count: 0
07:Feb:2023 10:57:01.608  Info            One Minute Candle scrips count: 0
07:Feb:2023 10:57:01.608  Info            One Minute Candle scrips count: 0
07:Feb:2023 10:57:01.608  Info            One Minute Candle scrips count: 0
07:Feb:2023 10:57:01.608  Info            One Minute Candle scrips count: 0
07:Feb:2023 10:57:01.608  Info            One Minute Candle scrips count: 0
07:Feb:2023 10:58:02.965  Info            One Minute Candle update called
07:Feb:2023 10:58:02.965  Info            One Minute Candle scrips count: 0
07:Feb:2023 10:58:02.965  Info            One Minute Candle scrips count: 0
07:Feb:2023 10:58:02.965  Info            One Minute Candle scrips count: 0
07:Feb:2023 10:58:02.965  Info            One Minute Candle scrips count: 0
07:Feb:2023 10:58:02.965  Info            One Minute Candle scrips count: 0
07:Feb:2023 10:58:02.965  Info            One Minute Candle scrips count: 0
07:Feb:2023 10:58:02.965  Info            One Minute Candle scrips count: 0
07:Feb:2023 10:58:02.965  Info            One Minute Candle scrips count: 0
07:Feb:2023 10:58:02.965  Info            One Minute Candle scrips count: 0
07:Feb:2023 10:58:02.965  Info            One Minute Candle scrips count: 0
07:Feb:2023 10:58:08.466  Info            REST REQUEST RECEIVED : ID:612 Type:6003, Data:{"ExchangeSegment":1,"ExchangeInstrumentId":11536,"StartTime":1675681088,"EndTime":1675940288,"CompressionValue":60}
07:Feb:2023 10:58:08.628  Info            REST REQUEST RECEIVED : ID:613 Type:6003, Data:{"ExchangeSegment":1,"ExchangeInstrumentId":11536,"StartTime":1675735388,"EndTime":1675748348,"CompressionValue":60}
07:Feb:2023 10:58:08.782  Info            REST REQUEST RECEIVED : ID:614 Type:6003, Data:{"ExchangeSegment":1,"ExchangeInstrumentId":11536,"StartTime":1675722428,"EndTime":1675735388,"CompressionValue":60}
07:Feb:2023 10:58:08.972  Info            REST REQUEST RECEIVED : ID:615 Type:6003, Data:{"ExchangeSegment":1,"ExchangeInstrumentId":11536,"StartTime":1675709468,"EndTime":1675722428,"CompressionValue":60}
07:Feb:2023 10:58:09.122  Info            REST REQUEST RECEIVED : ID:616 Type:6003, Data:{"ExchangeSegment":1,"ExchangeInstrumentId":11536,"StartTime":1675696508,"EndTime":1675709468,"CompressionValue":60}
07:Feb:2023 10:58:09.276  Info            REST REQUEST RECEIVED : ID:617 Type:6003, Data:{"ExchangeSegment":1,"ExchangeInstrumentId":11536,"StartTime":1675683548,"EndTime":1675696508,"CompressionValue":60}
07:Feb:2023 10:58:09.436  Info            REST REQUEST RECEIVED : ID:618 Type:6003, Data:{"ExchangeSegment":1,"ExchangeInstrumentId":11536,"StartTime":1675670588,"EndTime":1675683548,"CompressionValue":60}
07:Feb:2023 10:58:09.593  Info            REST REQUEST RECEIVED : ID:619 Type:6003, Data:{"ExchangeSegment":1,"ExchangeInstrumentId":11536,"StartTime":1675657628,"EndTime":1675670588,"CompressionValue":60}
07:Feb:2023 10:58:09.745  Info            REST REQUEST RECEIVED : ID:620 Type:6003, Data:{"ExchangeSegment":1,"ExchangeInstrumentId":11536,"StartTime":1675644668,"EndTime":1675657628,"CompressionValue":60}
07:Feb:2023 10:58:09.905  Info            REST REQUEST RECEIVED : ID:621 Type:6003, Data:{"ExchangeSegment":1,"ExchangeInstrumentId":11536,"StartTime":1675631708,"EndTime":1675644668,"CompressionValue":60}
07:Feb:2023 10:58:10.070  Info            REST REQUEST RECEIVED : ID:622 Type:6003, Data:{"ExchangeSegment":1,"ExchangeInstrumentId":11536,"StartTime":1675618748,"EndTime":1675631708,"CompressionValue":60}
07:Feb:2023 10:58:10.220  Info            REST REQUEST RECEIVED : ID:623 Type:6003, Data:{"ExchangeSegment":1,"ExchangeInstrumentId":11536,"StartTime":1675605788,"EndTime":1675618748,"CompressionValue":60}
07:Feb:2023 10:58:10.382  Info            REST REQUEST RECEIVED : ID:624 Type:6003, Data:{"ExchangeSegment":1,"ExchangeInstrumentId":11536,"StartTime":1675592828,"EndTime":1675605788,"CompressionValue":60}
07:Feb:2023 10:58:10.535  Info            REST REQUEST RECEIVED : ID:625 Type:6003, Data:{"ExchangeSegment":1,"ExchangeInstrumentId":11536,"StartTime":1675579868,"EndTime":1675592828,"CompressionValue":60}
07:Feb:2023 10:58:10.689  Info            REST REQUEST RECEIVED : ID:626 Type:6003, Data:{"ExchangeSegment":1,"ExchangeInstrumentId":11536,"StartTime":1675566908,"EndTime":1675579868,"CompressionValue":60}
07:Feb:2023 10:58:10.850  Info            REST REQUEST RECEIVED : ID:627 Type:6003, Data:{"ExchangeSegment":1,"ExchangeInstrumentId":11536,"StartTime":1675553948,"EndTime":1675566908,"CompressionValue":60}
07:Feb:2023 10:58:10.998  Info            REST REQUEST RECEIVED : ID:628 Type:6003, Data:{"ExchangeSegment":1,"ExchangeInstrumentId":11536,"StartTime":1675540988,"EndTime":1675553948,"CompressionValue":60}
07:Feb:2023 10:58:11.153  Info            REST REQUEST RECEIVED : ID:629 Type:6003, Data:{"ExchangeSegment":1,"ExchangeInstrumentId":11536,"StartTime":1675528028,"EndTime":1675540988,"CompressionValue":60}
07:Feb:2023 10:58:11.302  Info            REST REQUEST RECEIVED : ID:630 Type:6003, Data:{"ExchangeSegment":1,"ExchangeInstrumentId":11536,"StartTime":1675515068,"EndTime":1675528028,"CompressionValue":60}
07:Feb:2023 10:58:11.452  Info            REST REQUEST RECEIVED : ID:631 Type:6003, Data:{"ExchangeSegment":1,"ExchangeInstrumentId":11536,"StartTime":1675502108,"EndTime":1675515068,"CompressionValue":60}
07:Feb:2023 10:58:11.603  Info            REST REQUEST RECEIVED : ID:632 Type:6003, Data:{"ExchangeSegment":1,"ExchangeInstrumentId":11536,"StartTime":1675489148,"EndTime":1675502108,"CompressionValue":60}
07:Feb:2023 10:58:11.760  Info            REST REQUEST RECEIVED : ID:633 Type:6003, Data:{"ExchangeSegment":1,"ExchangeInstrumentId":11536,"StartTime":1675476188,"EndTime":1675489148,"CompressionValue":60}
07:Feb:2023 10:58:11.922  Info            REST REQUEST RECEIVED : ID:634 Type:6003, Data:{"ExchangeSegment":1,"ExchangeInstrumentId":11536,"StartTime":1675463228,"EndTime":1675476188,"CompressionValue":60}
07:Feb:2023 10:58:12.076  Info            REST REQUEST RECEIVED : ID:635 Type:6003, Data:{"ExchangeSegment":1,"ExchangeInstrumentId":11536,"StartTime":1675450268,"EndTime":1675463228,"CompressionValue":60}
07:Feb:2023 10:58:12.235  Info            REST REQUEST RECEIVED : ID:636 Type:6003, Data:{"ExchangeSegment":1,"ExchangeInstrumentId":11536,"StartTime":1675437308,"EndTime":1675450268,"CompressionValue":60}
07:Feb:2023 10:58:12.383  Info            REST REQUEST RECEIVED : ID:637 Type:6003, Data:{"ExchangeSegment":1,"ExchangeInstrumentId":11536,"StartTime":1675424348,"EndTime":1675437308,"CompressionValue":60}
07:Feb:2023 10:58:12.542  Info            REST REQUEST RECEIVED : ID:638 Type:6003, Data:{"ExchangeSegment":1,"ExchangeInstrumentId":11536,"StartTime":1675411388,"EndTime":1675424348,"CompressionValue":60}
07:Feb:2023 10:58:12.694  Info            REST REQUEST RECEIVED : ID:639 Type:6003, Data:{"ExchangeSegment":1,"ExchangeInstrumentId":11536,"StartTime":1675398428,"EndTime":1675411388,"CompressionValue":60}
07:Feb:2023 10:58:12.846  Info            REST REQUEST RECEIVED : ID:640 Type:6003, Data:{"ExchangeSegment":1,"ExchangeInstrumentId":11536,"StartTime":1675385468,"EndTime":1675398428,"CompressionValue":60}
07:Feb:2023 10:58:13.000  Info            REST REQUEST RECEIVED : ID:641 Type:6003, Data:{"ExchangeSegment":1,"ExchangeInstrumentId":11536,"StartTime":1675372508,"EndTime":1675385468,"CompressionValue":60}
07:Feb:2023 10:58:13.158  Info            REST REQUEST RECEIVED : ID:642 Type:6003, Data:{"ExchangeSegment":1,"ExchangeInstrumentId":11536,"StartTime":1675359548,"EndTime":1675372508,"CompressionValue":60}
07:Feb:2023 10:58:13.313  Info            REST REQUEST RECEIVED : ID:643 Type:6003, Data:{"ExchangeSegment":1,"ExchangeInstrumentId":11536,"StartTime":1675346588,"EndTime":1675359548,"CompressionValue":60}
07:Feb:2023 10:58:13.755  Info            REST REQUEST RECEIVED : ID:644 Type:6003, Data:{"ExchangeSegment":1,"ExchangeInstrumentId":16249,"StartTime":1675681093,"EndTime":1675940293,"CompressionValue":60}
07:Feb:2023 10:58:13.974  Info            REST REQUEST RECEIVED : ID:645 Type:6003, Data:{"ExchangeSegment":1,"ExchangeInstrumentId":16249,"StartTime":1675759393,"EndTime":1675760353,"CompressionValue":60}
07:Feb:2023 10:58:14.126  Info            REST REQUEST RECEIVED : ID:646 Type:6003, Data:{"ExchangeSegment":1,"ExchangeInstrumentId":16249,"StartTime":1675758433,"EndTime":1675759393,"CompressionValue":60}
07:Feb:2023 10:58:14.283  Info            REST REQUEST RECEIVED : ID:647 Type:6003, Data:{"ExchangeSegment":1,"ExchangeInstrumentId":16249,"StartTime":1675757473,"EndTime":1675758433,"CompressionValue":60}
07:Feb:2023 10:58:14.438  Info            REST REQUEST RECEIVED : ID:648 Type:6003, Data:{"ExchangeSegment":1,"ExchangeInstrumentId":16249,"StartTime":1675756513,"EndTime":1675757473,"CompressionValue":60}
07:Feb:2023 10:58:14.599  Info            REST REQUEST RECEIVED : ID:649 Type:6003, Data:{"ExchangeSegment":1,"ExchangeInstrumentId":16249,"StartTime":1675755553,"EndTime":1675756513,"CompressionValue":60}
07:Feb:2023 10:58:14.751  Info            REST REQUEST RECEIVED : ID:650 Type:6003, Data:{"ExchangeSegment":1,"ExchangeInstrumentId":16249,"StartTime":1675754593,"EndTime":1675755553,"CompressionValue":60}
07:Feb:2023 10:58:14.924  Info            REST REQUEST RECEIVED : ID:651 Type:6003, Data:{"ExchangeSegment":1,"ExchangeInstrumentId":16249,"StartTime":1675753633,"EndTime":1675754593,"CompressionValue":60}
07:Feb:2023 10:58:15.076  Info            REST REQUEST RECEIVED : ID:652 Type:6003, Data:{"ExchangeSegment":1,"ExchangeInstrumentId":16249,"StartTime":1675752673,"EndTime":1675753633,"CompressionValue":60}
07:Feb:2023 10:58:15.226  Info            REST REQUEST RECEIVED : ID:653 Type:6003, Data:{"ExchangeSegment":1,"ExchangeInstrumentId":16249,"StartTime":1675751713,"EndTime":1675752673,"CompressionValue":60}
07:Feb:2023 10:58:15.380  Info            REST REQUEST RECEIVED : ID:654 Type:6003, Data:{"ExchangeSegment":1,"ExchangeInstrumentId":16249,"StartTime":1675750753,"EndTime":1675751713,"CompressionValue":60}
07:Feb:2023 10:58:15.529  Info            REST REQUEST RECEIVED : ID:655 Type:6003, Data:{"ExchangeSegment":1,"ExchangeInstrumentId":16249,"StartTime":1675749793,"EndTime":1675750753,"CompressionValue":60}
07:Feb:2023 10:58:15.685  Info            REST REQUEST RECEIVED : ID:656 Type:6003, Data:{"ExchangeSegment":1,"ExchangeInstrumentId":16249,"StartTime":1675748833,"EndTime":1675749793,"CompressionValue":60}
07:Feb:2023 10:58:15.844  Info            REST REQUEST RECEIVED : ID:657 Type:6003, Data:{"ExchangeSegment":1,"ExchangeInstrumentId":16249,"StartTime":1675747873,"EndTime":1675748833,"CompressionValue":60}
07:Feb:2023 10:58:15.999  Info            REST REQUEST RECEIVED : ID:658 Type:6003, Data:{"ExchangeSegment":1,"ExchangeInstrumentId":16249,"StartTime":1675746913,"EndTime":1675747873,"CompressionValue":60}
07:Feb:2023 10:58:16.161  Info            REST REQUEST RECEIVED : ID:659 Type:6003, Data:{"ExchangeSegment":1,"ExchangeInstrumentId":16249,"StartTime":1675745953,"EndTime":1675746913,"CompressionValue":60}
07:Feb:2023 10:58:16.314  Info            REST REQUEST RECEIVED : ID:660 Type:6003, Data:{"ExchangeSegment":1,"ExchangeInstrumentId":16249,"StartTime":1675744993,"EndTime":1675745953,"CompressionValue":60}
07:Feb:2023 10:58:16.469  Info            REST REQUEST RECEIVED : ID:661 Type:6003, Data:{"ExchangeSegment":1,"ExchangeInstrumentId":16249,"StartTime":1675744033,"EndTime":1675744993,"CompressionValue":60}
07:Feb:2023 10:58:16.719  Info            REST REQUEST RECEIVED : ID:662 Type:6003, Data:{"ExchangeSegment":1,"ExchangeInstrumentId":16249,"StartTime":1675743073,"EndTime":1675744033,"CompressionValue":60}
07:Feb:2023 10:58:16.878  Info            REST REQUEST RECEIVED : ID:663 Type:6003, Data:{"ExchangeSegment":1,"ExchangeInstrumentId":16249,"StartTime":1675742113,"EndTime":1675743073,"CompressionValue":60}
07:Feb:2023 10:58:17.041  Info            REST REQUEST RECEIVED : ID:664 Type:6003, Data:{"ExchangeSegment":1,"ExchangeInstrumentId":16249,"StartTime":1675741153,"EndTime":1675742113,"CompressionValue":60}
07:Feb:2023 10:58:17.192  Info            REST REQUEST RECEIVED : ID:665 Type:6003, Data:{"ExchangeSegment":1,"ExchangeInstrumentId":16249,"StartTime":1675740193,"EndTime":1675741153,"CompressionValue":60}
07:Feb:2023 10:58:17.340  Info            REST REQUEST RECEIVED : ID:666 Type:6003, Data:{"ExchangeSegment":1,"ExchangeInstrumentId":16249,"StartTime":1675739233,"EndTime":1675740193,"CompressionValue":60}
07:Feb:2023 10:58:17.495  Info            REST REQUEST RECEIVED : ID:667 Type:6003, Data:{"ExchangeSegment":1,"ExchangeInstrumentId":16249,"StartTime":1675738273,"EndTime":1675739233,"CompressionValue":60}
07:Feb:2023 10:58:17.663  Info            REST REQUEST RECEIVED : ID:668 Type:6003, Data:{"ExchangeSegment":1,"ExchangeInstrumentId":16249,"StartTime":1675737313,"EndTime":1675738273,"CompressionValue":60}
07:Feb:2023 10:58:17.815  Info            REST REQUEST RECEIVED : ID:669 Type:6003, Data:{"ExchangeSegment":1,"ExchangeInstrumentId":16249,"StartTime":1675736353,"EndTime":1675737313,"CompressionValue":60}
07:Feb:2023 10:58:17.968  Info            REST REQUEST RECEIVED : ID:670 Type:6003, Data:{"ExchangeSegment":1,"ExchangeInstrumentId":16249,"StartTime":1675735393,"EndTime":1675736353,"CompressionValue":60}
07:Feb:2023 10:58:18.120  Info            REST REQUEST RECEIVED : ID:671 Type:6003, Data:{"ExchangeSegment":1,"ExchangeInstrumentId":16249,"StartTime":1675734433,"EndTime":1675735393,"CompressionValue":60}
07:Feb:2023 10:58:18.278  Info            REST REQUEST RECEIVED : ID:672 Type:6003, Data:{"ExchangeSegment":1,"ExchangeInstrumentId":16249,"StartTime":1675733473,"EndTime":1675734433,"CompressionValue":60}
07:Feb:2023 10:58:18.434  Info            REST REQUEST RECEIVED : ID:673 Type:6003, Data:{"ExchangeSegment":1,"ExchangeInstrumentId":16249,"StartTime":1675732513,"EndTime":1675733473,"CompressionValue":60}
07:Feb:2023 10:58:18.588  Info            REST REQUEST RECEIVED : ID:674 Type:6003, Data:{"ExchangeSegment":1,"ExchangeInstrumentId":16249,"StartTime":1675731553,"EndTime":1675732513,"CompressionValue":60}
07:Feb:2023 10:58:18.741  Info            REST REQUEST RECEIVED : ID:675 Type:6003, Data:{"ExchangeSegment":1,"ExchangeInstrumentId":16249,"StartTime":1675730593,"EndTime":1675731553,"CompressionValue":60}
07:Feb:2023 10:58:18.890  Info            REST REQUEST RECEIVED : ID:676 Type:6003, Data:{"ExchangeSegment":1,"ExchangeInstrumentId":16249,"StartTime":1675729633,"EndTime":1675730593,"CompressionValue":60}
07:Feb:2023 10:58:19.084  Info            REST REQUEST RECEIVED : ID:677 Type:6003, Data:{"ExchangeSegment":1,"ExchangeInstrumentId":16249,"StartTime":1675728673,"EndTime":1675729633,"CompressionValue":60}
07:Feb:2023 10:58:19.234  Info            REST REQUEST RECEIVED : ID:678 Type:6003, Data:{"ExchangeSegment":1,"ExchangeInstrumentId":16249,"StartTime":1675727713,"EndTime":1675728673,"CompressionValue":60}
07:Feb:2023 10:58:19.386  Info            REST REQUEST RECEIVED : ID:679 Type:6003, Data:{"ExchangeSegment":1,"ExchangeInstrumentId":16249,"StartTime":1675726753,"EndTime":1675727713,"CompressionValue":60}
07:Feb:2023 10:58:19.538  Info            REST REQUEST RECEIVED : ID:680 Type:6003, Data:{"ExchangeSegment":1,"ExchangeInstrumentId":16249,"StartTime":1675725793,"EndTime":1675726753,"CompressionValue":60}
07:Feb:2023 10:58:19.702  Info            REST REQUEST RECEIVED : ID:681 Type:6003, Data:{"ExchangeSegment":1,"ExchangeInstrumentId":16249,"StartTime":1675724833,"EndTime":1675725793,"CompressionValue":60}
07:Feb:2023 10:58:19.855  Info            REST REQUEST RECEIVED : ID:682 Type:6003, Data:{"ExchangeSegment":1,"ExchangeInstrumentId":16249,"StartTime":1675723873,"EndTime":1675724833,"CompressionValue":60}
07:Feb:2023 10:58:20.005  Info            REST REQUEST RECEIVED : ID:683 Type:6003, Data:{"ExchangeSegment":1,"ExchangeInstrumentId":16249,"StartTime":1675722913,"EndTime":1675723873,"CompressionValue":60}
07:Feb:2023 10:58:20.158  Info            REST REQUEST RECEIVED : ID:684 Type:6003, Data:{"ExchangeSegment":1,"ExchangeInstrumentId":16249,"StartTime":1675721953,"EndTime":1675722913,"CompressionValue":60}
07:Feb:2023 10:58:20.309  Info            REST REQUEST RECEIVED : ID:685 Type:6003, Data:{"ExchangeSegment":1,"ExchangeInstrumentId":16249,"StartTime":1675720993,"EndTime":1675721953,"CompressionValue":60}
07:Feb:2023 10:58:20.467  Info            REST REQUEST RECEIVED : ID:686 Type:6003, Data:{"ExchangeSegment":1,"ExchangeInstrumentId":16249,"StartTime":1675720033,"EndTime":1675720993,"CompressionValue":60}
07:Feb:2023 10:58:20.627  Info            REST REQUEST RECEIVED : ID:687 Type:6003, Data:{"ExchangeSegment":1,"ExchangeInstrumentId":16249,"StartTime":1675719073,"EndTime":1675720033,"CompressionValue":60}
07:Feb:2023 10:58:20.792  Info            REST REQUEST RECEIVED : ID:688 Type:6003, Data:{"ExchangeSegment":1,"ExchangeInstrumentId":16249,"StartTime":1675718113,"EndTime":1675719073,"CompressionValue":60}
07:Feb:2023 10:58:20.948  Info            REST REQUEST RECEIVED : ID:689 Type:6003, Data:{"ExchangeSegment":1,"ExchangeInstrumentId":16249,"StartTime":1675717153,"EndTime":1675718113,"CompressionValue":60}
07:Feb:2023 10:58:21.125  Info            REST REQUEST RECEIVED : ID:690 Type:6003, Data:{"ExchangeSegment":1,"ExchangeInstrumentId":16249,"StartTime":1675716193,"EndTime":1675717153,"CompressionValue":60}
07:Feb:2023 10:58:21.278  Info            REST REQUEST RECEIVED : ID:691 Type:6003, Data:{"ExchangeSegment":1,"ExchangeInstrumentId":16249,"StartTime":1675715233,"EndTime":1675716193,"CompressionValue":60}
07:Feb:2023 10:58:21.437  Info            REST REQUEST RECEIVED : ID:692 Type:6003, Data:{"ExchangeSegment":1,"ExchangeInstrumentId":16249,"StartTime":1675714273,"EndTime":1675715233,"CompressionValue":60}
07:Feb:2023 10:58:21.637  Info            REST REQUEST RECEIVED : ID:693 Type:6003, Data:{"ExchangeSegment":1,"ExchangeInstrumentId":16249,"StartTime":1675713313,"EndTime":1675714273,"CompressionValue":60}
07:Feb:2023 10:58:21.784  Info            REST REQUEST RECEIVED : ID:694 Type:6003, Data:{"ExchangeSegment":1,"ExchangeInstrumentId":16249,"StartTime":1675712353,"EndTime":1675713313,"CompressionValue":60}
07:Feb:2023 10:59:01.281  Info            One Minute Candle update called
07:Feb:2023 10:59:01.281  Info            One Minute Candle scrips count: 0
07:Feb:2023 10:59:01.281  Info            One Minute Candle scrips count: 0
07:Feb:2023 10:59:01.281  Info            One Minute Candle scrips count: 0
07:Feb:2023 10:59:01.281  Info            One Minute Candle scrips count: 0
07:Feb:2023 10:59:01.281  Info            One Minute Candle scrips count: 0
07:Feb:2023 10:59:01.281  Info            One Minute Candle scrips count: 0
07:Feb:2023 10:59:01.281  Info            One Minute Candle scrips count: 0
07:Feb:2023 10:59:01.281  Info            One Minute Candle scrips count: 0
07:Feb:2023 10:59:01.281  Info            One Minute Candle scrips count: 0
07:Feb:2023 10:59:01.281  Info            One Minute Candle scrips count: 0
07:Feb:2023 11:00:01.576  Info            One Minute Candle update called
07:Feb:2023 11:00:01.576  Info            One Minute Candle scrips count: 0
07:Feb:2023 11:00:01.576  Info            One Minute Candle scrips count: 0
07:Feb:2023 11:00:01.576  Info            One Minute Candle scrips count: 0
07:Feb:2023 11:00:01.576  Info            One Minute Candle scrips count: 0
07:Feb:2023 11:00:01.576  Info            One Minute Candle scrips count: 0
07:Feb:2023 11:00:01.576  Info            One Minute Candle scrips count: 0
07:Feb:2023 11:00:01.576  Info            One Minute Candle scrips count: 0
07:Feb:2023 11:00:01.576  Info            One Minute Candle scrips count: 0
07:Feb:2023 11:00:01.576  Info            One Minute Candle scrips count: 0
07:Feb:2023 11:00:01.576  Info            One Minute Candle scrips count: 0
07:Feb:2023 11:01:01.935  Info            One Minute Candle update called
07:Feb:2023 11:01:01.935  Info            One Minute Candle scrips count: 0
07:Feb:2023 11:01:01.935  Info            One Minute Candle scrips count: 0
07:Feb:2023 11:01:01.935  Info            One Minute Candle scrips count: 0
07:Feb:2023 11:01:01.935  Info            One Minute Candle scrips count: 0
07:Feb:2023 11:01:01.935  Info            One Minute Candle scrips count: 0
07:Feb:2023 11:01:01.935  Info            One Minute Candle scrips count: 0
07:Feb:2023 11:01:01.935  Info            One Minute Candle scrips count: 0
07:Feb:2023 11:01:01.935  Info            One Minute Candle scrips count: 0
07:Feb:2023 11:01:01.935  Info            One Minute Candle scrips count: 0
07:Feb:2023 11:01:01.935  Info            One Minute Candle scrips count: 0
07:Feb:2023 11:02:01.216  Info            One Minute Candle update called
07:Feb:2023 11:02:01.216  Info            One Minute Candle scrips count: 0
07:Feb:2023 11:02:01.216  Info            One Minute Candle scrips count: 0
07:Feb:2023 11:02:01.216  Info            One Minute Candle scrips count: 0
07:Feb:2023 11:02:01.216  Info            One Minute Candle scrips count: 0
07:Feb:2023 11:02:01.216  Info            One Minute Candle scrips count: 0
07:Feb:2023 11:02:01.216  Info            One Minute Candle scrips count: 0
07:Feb:2023 11:02:01.216  Info            One Minute Candle scrips count: 0
07:Feb:2023 11:02:01.216  Info            One Minute Candle scrips count: 0
07:Feb:2023 11:02:01.216  Info            One Minute Candle scrips count: 0
07:Feb:2023 11:02:01.216  Info            One Minute Candle scrips count: 0
07:Feb:2023 11:03:01.560  Info            One Minute Candle update called
07:Feb:2023 11:03:01.560  Info            One Minute Candle scrips count: 0
07:Feb:2023 11:03:01.560  Info            One Minute Candle scrips count: 0
07:Feb:2023 11:03:01.560  Info            One Minute Candle scrips count: 0
07:Feb:2023 11:03:01.560  Info            One Minute Candle scrips count: 0
07:Feb:2023 11:03:01.560  Info            One Minute Candle scrips count: 0
07:Feb:2023 11:03:01.560  Info            One Minute Candle scrips count: 0
07:Feb:2023 11:03:01.560  Info            One Minute Candle scrips count: 0
07:Feb:2023 11:03:01.560  Info            One Minute Candle scrips count: 0
07:Feb:2023 11:03:01.560  Info            One Minute Candle scrips count: 0
07:Feb:2023 11:03:01.560  Info            One Minute Candle scrips count: 0
07:Feb:2023 11:04:01.921  Info            One Minute Candle update called
07:Feb:2023 11:04:01.921  Info            One Minute Candle scrips count: 0
07:Feb:2023 11:04:01.921  Info            One Minute Candle scrips count: 0
07:Feb:2023 11:04:01.921  Info            One Minute Candle scrips count: 0
07:Feb:2023 11:04:01.921  Info            One Minute Candle scrips count: 0
07:Feb:2023 11:04:01.921  Info            One Minute Candle scrips count: 0
07:Feb:2023 11:04:01.921  Info            One Minute Candle scrips count: 0
07:Feb:2023 11:04:01.921  Info            One Minute Candle scrips count: 0
07:Feb:2023 11:04:01.921  Info            One Minute Candle scrips count: 0
07:Feb:2023 11:04:01.921  Info            One Minute Candle scrips count: 0
07:Feb:2023 11:04:01.921  Info            One Minute Candle scrips count: 0
07:Feb:2023 11:05:01.186  Info            One Minute Candle update called
07:Feb:2023 11:05:01.186  Info            One Minute Candle scrips count: 0
07:Feb:2023 11:05:01.186  Info            One Minute Candle scrips count: 0
07:Feb:2023 11:05:01.186  Info            One Minute Candle scrips count: 0
07:Feb:2023 11:05:01.186  Info            One Minute Candle scrips count: 0
07:Feb:2023 11:05:01.186  Info            One Minute Candle scrips count: 0
07:Feb:2023 11:05:01.186  Info            One Minute Candle scrips count: 0
07:Feb:2023 11:05:01.186  Info            One Minute Candle scrips count: 0
07:Feb:2023 11:05:01.186  Info            One Minute Candle scrips count: 0
07:Feb:2023 11:05:01.186  Info            One Minute Candle scrips count: 0
07:Feb:2023 11:05:01.186  Info            One Minute Candle scrips count: 0
07:Feb:2023 11:06:01.497  Info            One Minute Candle update called
07:Feb:2023 11:06:01.497  Info            One Minute Candle scrips count: 0
07:Feb:2023 11:06:01.497  Info            One Minute Candle scrips count: 0
07:Feb:2023 11:06:01.497  Info            One Minute Candle scrips count: 0
07:Feb:2023 11:06:01.497  Info            One Minute Candle scrips count: 0
07:Feb:2023 11:06:01.497  Info            One Minute Candle scrips count: 0
07:Feb:2023 11:06:01.497  Info            One Minute Candle scrips count: 0
07:Feb:2023 11:06:01.497  Info            One Minute Candle scrips count: 0
07:Feb:2023 11:06:01.497  Info            One Minute Candle scrips count: 0
07:Feb:2023 11:06:01.497  Info            One Minute Candle scrips count: 0
07:Feb:2023 11:06:01.497  Info            One Minute Candle scrips count: 0
07:Feb:2023 11:07:01.716  Info            One Minute Candle update called
07:Feb:2023 11:07:01.716  Info            One Minute Candle scrips count: 0
07:Feb:2023 11:07:01.716  Info            One Minute Candle scrips count: 0
07:Feb:2023 11:07:01.716  Info            One Minute Candle scrips count: 0
07:Feb:2023 11:07:01.716  Info            One Minute Candle scrips count: 0
07:Feb:2023 11:07:01.716  Info            One Minute Candle scrips count: 0
07:Feb:2023 11:07:01.716  Info            One Minute Candle scrips count: 0
07:Feb:2023 11:07:01.716  Info            One Minute Candle scrips count: 0
07:Feb:2023 11:07:01.716  Info            One Minute Candle scrips count: 0
07:Feb:2023 11:07:01.716  Info            One Minute Candle scrips count: 0
07:Feb:2023 11:07:01.716  Info            One Minute Candle scrips count: 0
07:Feb:2023 11:08:01.107  Info            One Minute Candle update called
07:Feb:2023 11:08:01.107  Info            One Minute Candle scrips count: 0
07:Feb:2023 11:08:01.107  Info            One Minute Candle scrips count: 0
07:Feb:2023 11:08:01.107  Info            One Minute Candle scrips count: 0
07:Feb:2023 11:08:01.107  Info            One Minute Candle scrips count: 0
07:Feb:2023 11:08:01.107  Info            One Minute Candle scrips count: 0
07:Feb:2023 11:08:01.107  Info            One Minute Candle scrips count: 0
07:Feb:2023 11:08:01.107  Info            One Minute Candle scrips count: 0
07:Feb:2023 11:08:01.107  Info            One Minute Candle scrips count: 0
07:Feb:2023 11:08:01.107  Info            One Minute Candle scrips count: 0
07:Feb:2023 11:08:01.107  Info            One Minute Candle scrips count: 0
07:Feb:2023 11:09:01.497  Info            One Minute Candle update called
07:Feb:2023 11:09:01.497  Info            One Minute Candle scrips count: 0
07:Feb:2023 11:09:01.497  Info            One Minute Candle scrips count: 0
07:Feb:2023 11:09:01.497  Info            One Minute Candle scrips count: 0
07:Feb:2023 11:09:01.497  Info            One Minute Candle scrips count: 0
07:Feb:2023 11:09:01.497  Info            One Minute Candle scrips count: 0
07:Feb:2023 11:09:01.497  Info            One Minute Candle scrips count: 0
07:Feb:2023 11:09:01.497  Info            One Minute Candle scrips count: 0
07:Feb:2023 11:09:01.497  Info            One Minute Candle scrips count: 0
07:Feb:2023 11:09:01.497  Info            One Minute Candle scrips count: 0
07:Feb:2023 11:09:01.497  Info            One Minute Candle scrips count: 0
07:Feb:2023 11:09:02.941  Info            REST REQUEST RECEIVED : ID:695 Type:6003, Data:{"ExchangeSegment":1,"ExchangeInstrumentId":11536,"StartTime":1675345388,"EndTime":1675346588,"CompressionValue":60}
07:Feb:2023 11:09:03.093  Info            REST REQUEST RECEIVED : ID:696 Type:6003, Data:{"ExchangeSegment":1,"ExchangeInstrumentId":11536,"StartTime":1675344188,"EndTime":1675345388,"CompressionValue":60}
07:Feb:2023 11:09:03.243  Info            REST REQUEST RECEIVED : ID:697 Type:6003, Data:{"ExchangeSegment":1,"ExchangeInstrumentId":11536,"StartTime":1675342988,"EndTime":1675344188,"CompressionValue":60}
07:Feb:2023 11:09:03.396  Info            REST REQUEST RECEIVED : ID:698 Type:6003, Data:{"ExchangeSegment":1,"ExchangeInstrumentId":11536,"StartTime":1675341788,"EndTime":1675342988,"CompressionValue":60}
07:Feb:2023 11:09:03.545  Info            REST REQUEST RECEIVED : ID:699 Type:6003, Data:{"ExchangeSegment":1,"ExchangeInstrumentId":11536,"StartTime":1675340588,"EndTime":1675341788,"CompressionValue":60}
07:Feb:2023 11:09:03.703  Info            REST REQUEST RECEIVED : ID:700 Type:6003, Data:{"ExchangeSegment":1,"ExchangeInstrumentId":11536,"StartTime":1675339388,"EndTime":1675340588,"CompressionValue":60}
07:Feb:2023 11:09:03.853  Info            REST REQUEST RECEIVED : ID:701 Type:6003, Data:{"ExchangeSegment":1,"ExchangeInstrumentId":11536,"StartTime":1675338188,"EndTime":1675339388,"CompressionValue":60}
07:Feb:2023 11:09:04.013  Info            REST REQUEST RECEIVED : ID:702 Type:6003, Data:{"ExchangeSegment":1,"ExchangeInstrumentId":11536,"StartTime":1675336988,"EndTime":1675338188,"CompressionValue":60}
07:Feb:2023 11:09:04.161  Info            REST REQUEST RECEIVED : ID:703 Type:6003, Data:{"ExchangeSegment":1,"ExchangeInstrumentId":11536,"StartTime":1675335788,"EndTime":1675336988,"CompressionValue":60}
07:Feb:2023 11:09:04.316  Info            REST REQUEST RECEIVED : ID:704 Type:6003, Data:{"ExchangeSegment":1,"ExchangeInstrumentId":11536,"StartTime":1675334588,"EndTime":1675335788,"CompressionValue":60}
07:Feb:2023 11:09:04.468  Info            REST REQUEST RECEIVED : ID:705 Type:6003, Data:{"ExchangeSegment":1,"ExchangeInstrumentId":11536,"StartTime":1675333388,"EndTime":1675334588,"CompressionValue":60}
07:Feb:2023 11:09:04.633  Info            REST REQUEST RECEIVED : ID:706 Type:6003, Data:{"ExchangeSegment":1,"ExchangeInstrumentId":11536,"StartTime":1675332188,"EndTime":1675333388,"CompressionValue":60}
07:Feb:2023 11:09:04.790  Info            REST REQUEST RECEIVED : ID:707 Type:6003, Data:{"ExchangeSegment":1,"ExchangeInstrumentId":11536,"StartTime":1675330988,"EndTime":1675332188,"CompressionValue":60}
07:Feb:2023 11:09:04.938  Info            REST REQUEST RECEIVED : ID:708 Type:6003, Data:{"ExchangeSegment":1,"ExchangeInstrumentId":11536,"StartTime":1675329788,"EndTime":1675330988,"CompressionValue":60}
07:Feb:2023 11:09:05.095  Info            REST REQUEST RECEIVED : ID:709 Type:6003, Data:{"ExchangeSegment":1,"ExchangeInstrumentId":11536,"StartTime":1675328588,"EndTime":1675329788,"CompressionValue":60}
07:Feb:2023 11:09:05.245  Info            REST REQUEST RECEIVED : ID:710 Type:6003, Data:{"ExchangeSegment":1,"ExchangeInstrumentId":11536,"StartTime":1675327388,"EndTime":1675328588,"CompressionValue":60}
07:Feb:2023 11:09:05.397  Info            REST REQUEST RECEIVED : ID:711 Type:6003, Data:{"ExchangeSegment":1,"ExchangeInstrumentId":11536,"StartTime":1675326188,"EndTime":1675327388,"CompressionValue":60}
07:Feb:2023 11:09:05.555  Info            REST REQUEST RECEIVED : ID:712 Type:6003, Data:{"ExchangeSegment":1,"ExchangeInstrumentId":11536,"StartTime":1675324988,"EndTime":1675326188,"CompressionValue":60}
07:Feb:2023 11:09:05.702  Info            REST REQUEST RECEIVED : ID:713 Type:6003, Data:{"ExchangeSegment":1,"ExchangeInstrumentId":11536,"StartTime":1675323788,"EndTime":1675324988,"CompressionValue":60}
07:Feb:2023 11:10:01.748  Info            One Minute Candle update called
07:Feb:2023 11:10:01.748  Info            One Minute Candle scrips count: 0
07:Feb:2023 11:10:01.748  Info            One Minute Candle scrips count: 0
07:Feb:2023 11:10:01.748  Info            One Minute Candle scrips count: 0
07:Feb:2023 11:10:01.748  Info            One Minute Candle scrips count: 0
07:Feb:2023 11:10:01.748  Info            One Minute Candle scrips count: 0
07:Feb:2023 11:10:01.748  Info            One Minute Candle scrips count: 0
07:Feb:2023 11:10:01.748  Info            One Minute Candle scrips count: 0
07:Feb:2023 11:10:01.748  Info            One Minute Candle scrips count: 0
07:Feb:2023 11:10:01.748  Info            One Minute Candle scrips count: 0
07:Feb:2023 11:10:01.748  Info            One Minute Candle scrips count: 0
07:Feb:2023 11:11:00.998  Info            One Minute Candle update called
07:Feb:2023 11:11:00.998  Info            One Minute Candle scrips count: 0
07:Feb:2023 11:11:00.998  Info            One Minute Candle scrips count: 0
07:Feb:2023 11:11:00.998  Info            One Minute Candle scrips count: 0
07:Feb:2023 11:11:00.998  Info            One Minute Candle scrips count: 0
07:Feb:2023 11:11:00.998  Info            One Minute Candle scrips count: 0
07:Feb:2023 11:11:00.998  Info            One Minute Candle scrips count: 0
07:Feb:2023 11:11:00.998  Info            One Minute Candle scrips count: 0
07:Feb:2023 11:11:00.998  Info            One Minute Candle scrips count: 0
07:Feb:2023 11:11:00.998  Info            One Minute Candle scrips count: 0
07:Feb:2023 11:11:00.998  Info            One Minute Candle scrips count: 0
07:Feb:2023 11:12:01.497  Info            One Minute Candle update called
07:Feb:2023 11:12:01.497  Info            One Minute Candle scrips count: 0
07:Feb:2023 11:12:01.497  Info            One Minute Candle scrips count: 0
07:Feb:2023 11:12:01.497  Info            One Minute Candle scrips count: 0
07:Feb:2023 11:12:01.497  Info            One Minute Candle scrips count: 0
07:Feb:2023 11:12:01.497  Info            One Minute Candle scrips count: 0
07:Feb:2023 11:12:01.497  Info            One Minute Candle scrips count: 0
07:Feb:2023 11:12:01.497  Info            One Minute Candle scrips count: 0
07:Feb:2023 11:12:01.497  Info            One Minute Candle scrips count: 0
07:Feb:2023 11:12:01.497  Info            One Minute Candle scrips count: 0
07:Feb:2023 11:12:01.497  Info            One Minute Candle scrips count: 0
07:Feb:2023 11:13:01.858  Info            One Minute Candle update called
07:Feb:2023 11:13:01.858  Info            One Minute Candle scrips count: 0
07:Feb:2023 11:13:01.858  Info            One Minute Candle scrips count: 0
07:Feb:2023 11:13:01.858  Info            One Minute Candle scrips count: 0
07:Feb:2023 11:13:01.858  Info            One Minute Candle scrips count: 0
07:Feb:2023 11:13:01.858  Info            One Minute Candle scrips count: 0
07:Feb:2023 11:13:01.858  Info            One Minute Candle scrips count: 0
07:Feb:2023 11:13:01.858  Info            One Minute Candle scrips count: 0
07:Feb:2023 11:13:01.858  Info            One Minute Candle scrips count: 0
07:Feb:2023 11:13:01.858  Info            One Minute Candle scrips count: 0
07:Feb:2023 11:13:01.858  Info            One Minute Candle scrips count: 0
07:Feb:2023 11:14:01.200  Info            One Minute Candle update called
07:Feb:2023 11:14:01.200  Info            One Minute Candle scrips count: 0
07:Feb:2023 11:14:01.200  Info            One Minute Candle scrips count: 0
07:Feb:2023 11:14:01.200  Info            One Minute Candle scrips count: 0
07:Feb:2023 11:14:01.200  Info            One Minute Candle scrips count: 0
07:Feb:2023 11:14:01.200  Info            One Minute Candle scrips count: 0
07:Feb:2023 11:14:01.200  Info            One Minute Candle scrips count: 0
07:Feb:2023 11:14:01.200  Info            One Minute Candle scrips count: 0
07:Feb:2023 11:14:01.200  Info            One Minute Candle scrips count: 0
07:Feb:2023 11:14:01.200  Info            One Minute Candle scrips count: 0
07:Feb:2023 11:14:01.200  Info            One Minute Candle scrips count: 0
07:Feb:2023 11:15:01.591  Info            One Minute Candle update called
07:Feb:2023 11:15:01.591  Info            One Minute Candle scrips count: 0
07:Feb:2023 11:15:01.591  Info            One Minute Candle scrips count: 0
07:Feb:2023 11:15:01.591  Info            One Minute Candle scrips count: 0
07:Feb:2023 11:15:01.591  Info            One Minute Candle scrips count: 0
07:Feb:2023 11:15:01.591  Info            One Minute Candle scrips count: 0
07:Feb:2023 11:15:01.591  Info            One Minute Candle scrips count: 0
07:Feb:2023 11:15:01.591  Info            One Minute Candle scrips count: 0
07:Feb:2023 11:15:01.591  Info            One Minute Candle scrips count: 0
07:Feb:2023 11:15:01.591  Info            One Minute Candle scrips count: 0
07:Feb:2023 11:15:01.591  Info            One Minute Candle scrips count: 0
07:Feb:2023 11:16:01.200  Info            One Minute Candle update called
07:Feb:2023 11:16:01.200  Info            One Minute Candle scrips count: 0
07:Feb:2023 11:16:01.200  Info            One Minute Candle scrips count: 0
07:Feb:2023 11:16:01.200  Info            One Minute Candle scrips count: 0
07:Feb:2023 11:16:01.200  Info            One Minute Candle scrips count: 0
07:Feb:2023 11:16:01.200  Info            One Minute Candle scrips count: 0
07:Feb:2023 11:16:01.200  Info            One Minute Candle scrips count: 0
07:Feb:2023 11:16:01.200  Info            One Minute Candle scrips count: 0
07:Feb:2023 11:16:01.200  Info            One Minute Candle scrips count: 0
07:Feb:2023 11:16:01.200  Info            One Minute Candle scrips count: 0
07:Feb:2023 11:16:01.200  Info            One Minute Candle scrips count: 0
07:Feb:2023 11:17:01.482  Info            One Minute Candle update called
07:Feb:2023 11:17:01.482  Info            One Minute Candle scrips count: 0
07:Feb:2023 11:17:01.482  Info            One Minute Candle scrips count: 0
07:Feb:2023 11:17:01.482  Info            One Minute Candle scrips count: 0
07:Feb:2023 11:17:01.482  Info            One Minute Candle scrips count: 0
07:Feb:2023 11:17:01.482  Info            One Minute Candle scrips count: 0
07:Feb:2023 11:17:01.482  Info            One Minute Candle scrips count: 0
07:Feb:2023 11:17:01.482  Info            One Minute Candle scrips count: 0
07:Feb:2023 11:17:01.482  Info            One Minute Candle scrips count: 0
07:Feb:2023 11:17:01.482  Info            One Minute Candle scrips count: 0
07:Feb:2023 11:17:01.482  Info            One Minute Candle scrips count: 0
07:Feb:2023 11:18:01.795  Info            One Minute Candle update called
07:Feb:2023 11:18:01.795  Info            One Minute Candle scrips count: 0
07:Feb:2023 11:18:01.795  Info            One Minute Candle scrips count: 0
07:Feb:2023 11:18:01.795  Info            One Minute Candle scrips count: 0
07:Feb:2023 11:18:01.795  Info            One Minute Candle scrips count: 0
07:Feb:2023 11:18:01.795  Info            One Minute Candle scrips count: 0
07:Feb:2023 11:18:01.795  Info            One Minute Candle scrips count: 0
07:Feb:2023 11:18:01.795  Info            One Minute Candle scrips count: 0
07:Feb:2023 11:18:01.795  Info            One Minute Candle scrips count: 0
07:Feb:2023 11:18:01.795  Info            One Minute Candle scrips count: 0
07:Feb:2023 11:18:01.795  Info            One Minute Candle scrips count: 0
07:Feb:2023 11:19:01.107  Info            One Minute Candle update called
07:Feb:2023 11:19:01.107  Info            One Minute Candle scrips count: 0
07:Feb:2023 11:19:01.107  Info            One Minute Candle scrips count: 0
07:Feb:2023 11:19:01.107  Info            One Minute Candle scrips count: 0
07:Feb:2023 11:19:01.107  Info            One Minute Candle scrips count: 0
07:Feb:2023 11:19:01.107  Info            One Minute Candle scrips count: 0
07:Feb:2023 11:19:01.107  Info            One Minute Candle scrips count: 0
07:Feb:2023 11:19:01.107  Info            One Minute Candle scrips count: 0
07:Feb:2023 11:19:01.107  Info            One Minute Candle scrips count: 0
07:Feb:2023 11:19:01.107  Info            One Minute Candle scrips count: 0
07:Feb:2023 11:19:01.107  Info            One Minute Candle scrips count: 0
07:Feb:2023 11:20:01.451  Info            One Minute Candle update called
07:Feb:2023 11:20:01.451  Info            One Minute Candle scrips count: 0
07:Feb:2023 11:20:01.451  Info            One Minute Candle scrips count: 0
07:Feb:2023 11:20:01.451  Info            One Minute Candle scrips count: 0
07:Feb:2023 11:20:01.451  Info            One Minute Candle scrips count: 0
07:Feb:2023 11:20:01.451  Info            One Minute Candle scrips count: 0
07:Feb:2023 11:20:01.451  Info            One Minute Candle scrips count: 0
07:Feb:2023 11:20:01.451  Info            One Minute Candle scrips count: 0
07:Feb:2023 11:20:01.451  Info            One Minute Candle scrips count: 0
07:Feb:2023 11:20:01.451  Info            One Minute Candle scrips count: 0
07:Feb:2023 11:20:01.451  Info            One Minute Candle scrips count: 0
07:Feb:2023 11:21:01.716  Info            One Minute Candle update called
07:Feb:2023 11:21:01.716  Info            One Minute Candle scrips count: 0
07:Feb:2023 11:21:01.716  Info            One Minute Candle scrips count: 0
07:Feb:2023 11:21:01.716  Info            One Minute Candle scrips count: 0
07:Feb:2023 11:21:01.716  Info            One Minute Candle scrips count: 0
07:Feb:2023 11:21:01.716  Info            One Minute Candle scrips count: 0
07:Feb:2023 11:21:01.716  Info            One Minute Candle scrips count: 0
07:Feb:2023 11:21:01.716  Info            One Minute Candle scrips count: 0
07:Feb:2023 11:21:01.716  Info            One Minute Candle scrips count: 0
07:Feb:2023 11:21:01.716  Info            One Minute Candle scrips count: 0
07:Feb:2023 11:21:01.716  Info            One Minute Candle scrips count: 0
07:Feb:2023 11:22:01.997  Info            One Minute Candle update called
07:Feb:2023 11:22:01.997  Info            One Minute Candle scrips count: 0
07:Feb:2023 11:22:01.997  Info            One Minute Candle scrips count: 0
07:Feb:2023 11:22:01.997  Info            One Minute Candle scrips count: 0
07:Feb:2023 11:22:01.997  Info            One Minute Candle scrips count: 0
07:Feb:2023 11:22:01.997  Info            One Minute Candle scrips count: 0
07:Feb:2023 11:22:01.997  Info            One Minute Candle scrips count: 0
07:Feb:2023 11:22:01.997  Info            One Minute Candle scrips count: 0
07:Feb:2023 11:22:01.997  Info            One Minute Candle scrips count: 0
07:Feb:2023 11:22:01.997  Info            One Minute Candle scrips count: 0
07:Feb:2023 11:22:01.997  Info            One Minute Candle scrips count: 0
07:Feb:2023 11:23:02.325  Info            One Minute Candle update called
07:Feb:2023 11:23:02.325  Info            One Minute Candle scrips count: 0
07:Feb:2023 11:23:02.325  Info            One Minute Candle scrips count: 0
07:Feb:2023 11:23:02.325  Info            One Minute Candle scrips count: 0
07:Feb:2023 11:23:02.325  Info            One Minute Candle scrips count: 0
07:Feb:2023 11:23:02.325  Info            One Minute Candle scrips count: 0
07:Feb:2023 11:23:02.325  Info            One Minute Candle scrips count: 0
07:Feb:2023 11:23:02.325  Info            One Minute Candle scrips count: 0
07:Feb:2023 11:23:02.325  Info            One Minute Candle scrips count: 0
07:Feb:2023 11:23:02.325  Info            One Minute Candle scrips count: 0
07:Feb:2023 11:23:02.325  Info            One Minute Candle scrips count: 0
07:Feb:2023 11:23:35.231  Info            REST REQUEST RECEIVED : ID:714 Type:6003, Data:{"ExchangeSegment":1,"ExchangeInstrumentId":26000,"StartTime":1675682601,"EndTime":1675941801,"CompressionValue":60}
07:Feb:2023 11:23:35.411  Info            REST REQUEST RECEIVED : ID:715 Type:6003, Data:{"ExchangeSegment":1,"ExchangeInstrumentId":26000,"StartTime":1675738401,"EndTime":1675749861,"CompressionValue":60}
07:Feb:2023 11:23:35.569  Info            REST REQUEST RECEIVED : ID:716 Type:6003, Data:{"ExchangeSegment":1,"ExchangeInstrumentId":26000,"StartTime":1675726941,"EndTime":1675738401,"CompressionValue":60}
07:Feb:2023 11:23:35.735  Info            REST REQUEST RECEIVED : ID:717 Type:6003, Data:{"ExchangeSegment":1,"ExchangeInstrumentId":26000,"StartTime":1675715481,"EndTime":1675726941,"CompressionValue":60}
07:Feb:2023 11:23:35.919  Info            REST REQUEST RECEIVED : ID:718 Type:6003, Data:{"ExchangeSegment":1,"ExchangeInstrumentId":26000,"StartTime":1675704021,"EndTime":1675715481,"CompressionValue":60}
07:Feb:2023 11:23:36.088  Info            REST REQUEST RECEIVED : ID:719 Type:6003, Data:{"ExchangeSegment":1,"ExchangeInstrumentId":26000,"StartTime":1675692561,"EndTime":1675704021,"CompressionValue":60}
07:Feb:2023 11:23:36.253  Info            REST REQUEST RECEIVED : ID:720 Type:6003, Data:{"ExchangeSegment":1,"ExchangeInstrumentId":26000,"StartTime":1675681101,"EndTime":1675692561,"CompressionValue":60}
07:Feb:2023 11:23:36.436  Info            REST REQUEST RECEIVED : ID:721 Type:6003, Data:{"ExchangeSegment":1,"ExchangeInstrumentId":26000,"StartTime":1675669641,"EndTime":1675681101,"CompressionValue":60}
07:Feb:2023 11:23:36.584  Info            REST REQUEST RECEIVED : ID:722 Type:6003, Data:{"ExchangeSegment":1,"ExchangeInstrumentId":26000,"StartTime":1675658181,"EndTime":1675669641,"CompressionValue":60}
07:Feb:2023 11:23:36.735  Info            REST REQUEST RECEIVED : ID:723 Type:6003, Data:{"ExchangeSegment":1,"ExchangeInstrumentId":26000,"StartTime":1675646721,"EndTime":1675658181,"CompressionValue":60}
07:Feb:2023 11:23:36.889  Info            REST REQUEST RECEIVED : ID:724 Type:6003, Data:{"ExchangeSegment":1,"ExchangeInstrumentId":26000,"StartTime":1675635261,"EndTime":1675646721,"CompressionValue":60}
07:Feb:2023 11:23:37.040  Info            REST REQUEST RECEIVED : ID:725 Type:6003, Data:{"ExchangeSegment":1,"ExchangeInstrumentId":26000,"StartTime":1675623801,"EndTime":1675635261,"CompressionValue":60}
07:Feb:2023 11:23:37.193  Info            REST REQUEST RECEIVED : ID:726 Type:6003, Data:{"ExchangeSegment":1,"ExchangeInstrumentId":26000,"StartTime":1675612341,"EndTime":1675623801,"CompressionValue":60}
07:Feb:2023 11:23:37.352  Info            REST REQUEST RECEIVED : ID:727 Type:6003, Data:{"ExchangeSegment":1,"ExchangeInstrumentId":26000,"StartTime":1675600881,"EndTime":1675612341,"CompressionValue":60}
07:Feb:2023 11:23:37.507  Info            REST REQUEST RECEIVED : ID:728 Type:6003, Data:{"ExchangeSegment":1,"ExchangeInstrumentId":26000,"StartTime":1675589421,"EndTime":1675600881,"CompressionValue":60}
07:Feb:2023 11:23:37.665  Info            REST REQUEST RECEIVED : ID:729 Type:6003, Data:{"ExchangeSegment":1,"ExchangeInstrumentId":26000,"StartTime":1675577961,"EndTime":1675589421,"CompressionValue":60}
07:Feb:2023 11:23:37.819  Info            REST REQUEST RECEIVED : ID:730 Type:6003, Data:{"ExchangeSegment":1,"ExchangeInstrumentId":26000,"StartTime":1675566501,"EndTime":1675577961,"CompressionValue":60}
07:Feb:2023 11:23:37.982  Info            REST REQUEST RECEIVED : ID:731 Type:6003, Data:{"ExchangeSegment":1,"ExchangeInstrumentId":26000,"StartTime":1675555041,"EndTime":1675566501,"CompressionValue":60}
07:Feb:2023 11:23:38.135  Info            REST REQUEST RECEIVED : ID:732 Type:6003, Data:{"ExchangeSegment":1,"ExchangeInstrumentId":26000,"StartTime":1675543581,"EndTime":1675555041,"CompressionValue":60}
07:Feb:2023 11:23:38.286  Info            REST REQUEST RECEIVED : ID:733 Type:6003, Data:{"ExchangeSegment":1,"ExchangeInstrumentId":26000,"StartTime":1675532121,"EndTime":1675543581,"CompressionValue":60}
07:Feb:2023 11:23:38.449  Info            REST REQUEST RECEIVED : ID:734 Type:6003, Data:{"ExchangeSegment":1,"ExchangeInstrumentId":26000,"StartTime":1675520661,"EndTime":1675532121,"CompressionValue":60}
07:Feb:2023 11:23:38.606  Info            REST REQUEST RECEIVED : ID:735 Type:6003, Data:{"ExchangeSegment":1,"ExchangeInstrumentId":26000,"StartTime":1675509201,"EndTime":1675520661,"CompressionValue":60}
07:Feb:2023 11:23:38.772  Info            REST REQUEST RECEIVED : ID:736 Type:6003, Data:{"ExchangeSegment":1,"ExchangeInstrumentId":26000,"StartTime":1675497741,"EndTime":1675509201,"CompressionValue":60}
07:Feb:2023 11:23:38.926  Info            REST REQUEST RECEIVED : ID:737 Type:6003, Data:{"ExchangeSegment":1,"ExchangeInstrumentId":26000,"StartTime":1675486281,"EndTime":1675497741,"CompressionValue":60}
07:Feb:2023 11:23:39.078  Info            REST REQUEST RECEIVED : ID:738 Type:6003, Data:{"ExchangeSegment":1,"ExchangeInstrumentId":26000,"StartTime":1675474821,"EndTime":1675486281,"CompressionValue":60}
07:Feb:2023 11:23:39.227  Info            REST REQUEST RECEIVED : ID:739 Type:6003, Data:{"ExchangeSegment":1,"ExchangeInstrumentId":26000,"StartTime":1675463361,"EndTime":1675474821,"CompressionValue":60}
07:Feb:2023 11:23:39.374  Info            REST REQUEST RECEIVED : ID:740 Type:6003, Data:{"ExchangeSegment":1,"ExchangeInstrumentId":26000,"StartTime":1675451901,"EndTime":1675463361,"CompressionValue":60}
07:Feb:2023 11:23:39.524  Info            REST REQUEST RECEIVED : ID:741 Type:6003, Data:{"ExchangeSegment":1,"ExchangeInstrumentId":26000,"StartTime":1675440441,"EndTime":1675451901,"CompressionValue":60}
07:Feb:2023 11:23:39.702  Info            REST REQUEST RECEIVED : ID:742 Type:6003, Data:{"ExchangeSegment":1,"ExchangeInstrumentId":26000,"StartTime":1675428981,"EndTime":1675440441,"CompressionValue":60}
07:Feb:2023 11:23:39.877  Info            REST REQUEST RECEIVED : ID:743 Type:6003, Data:{"ExchangeSegment":1,"ExchangeInstrumentId":26000,"StartTime":1675417521,"EndTime":1675428981,"CompressionValue":60}
07:Feb:2023 11:23:40.024  Info            REST REQUEST RECEIVED : ID:744 Type:6003, Data:{"ExchangeSegment":1,"ExchangeInstrumentId":26000,"StartTime":1675406061,"EndTime":1675417521,"CompressionValue":60}
07:Feb:2023 11:23:40.213  Info            REST REQUEST RECEIVED : ID:745 Type:6003, Data:{"ExchangeSegment":1,"ExchangeInstrumentId":26000,"StartTime":1675394601,"EndTime":1675406061,"CompressionValue":60}
07:Feb:2023 11:23:40.364  Info            REST REQUEST RECEIVED : ID:746 Type:6003, Data:{"ExchangeSegment":1,"ExchangeInstrumentId":26000,"StartTime":1675383141,"EndTime":1675394601,"CompressionValue":60}
07:Feb:2023 11:23:40.515  Info            REST REQUEST RECEIVED : ID:747 Type:6003, Data:{"ExchangeSegment":1,"ExchangeInstrumentId":26000,"StartTime":1675371681,"EndTime":1675383141,"CompressionValue":60}
07:Feb:2023 11:23:40.669  Info            REST REQUEST RECEIVED : ID:748 Type:6003, Data:{"ExchangeSegment":1,"ExchangeInstrumentId":26000,"StartTime":1675360221,"EndTime":1675371681,"CompressionValue":60}
07:Feb:2023 11:23:40.827  Info            REST REQUEST RECEIVED : ID:749 Type:6003, Data:{"ExchangeSegment":1,"ExchangeInstrumentId":26000,"StartTime":1675348761,"EndTime":1675360221,"CompressionValue":60}
07:Feb:2023 11:23:40.979  Info            REST REQUEST RECEIVED : ID:750 Type:6003, Data:{"ExchangeSegment":1,"ExchangeInstrumentId":26000,"StartTime":1675337301,"EndTime":1675348761,"CompressionValue":60}
07:Feb:2023 11:23:41.129  Info            REST REQUEST RECEIVED : ID:751 Type:6003, Data:{"ExchangeSegment":1,"ExchangeInstrumentId":26000,"StartTime":1675325841,"EndTime":1675337301,"CompressionValue":60}
07:Feb:2023 11:23:41.282  Info            REST REQUEST RECEIVED : ID:752 Type:6003, Data:{"ExchangeSegment":1,"ExchangeInstrumentId":26000,"StartTime":1675314381,"EndTime":1675325841,"CompressionValue":60}
07:Feb:2023 11:23:41.437  Info            REST REQUEST RECEIVED : ID:753 Type:6003, Data:{"ExchangeSegment":1,"ExchangeInstrumentId":26000,"StartTime":1675302921,"EndTime":1675314381,"CompressionValue":60}
07:Feb:2023 11:23:41.584  Info            REST REQUEST RECEIVED : ID:754 Type:6003, Data:{"ExchangeSegment":1,"ExchangeInstrumentId":26000,"StartTime":1675291461,"EndTime":1675302921,"CompressionValue":60}
07:Feb:2023 11:23:41.734  Info            REST REQUEST RECEIVED : ID:755 Type:6003, Data:{"ExchangeSegment":1,"ExchangeInstrumentId":26000,"StartTime":1675280001,"EndTime":1675291461,"CompressionValue":60}
07:Feb:2023 11:23:41.886  Info            REST REQUEST RECEIVED : ID:756 Type:6003, Data:{"ExchangeSegment":1,"ExchangeInstrumentId":26000,"StartTime":1675268541,"EndTime":1675280001,"CompressionValue":60}
07:Feb:2023 11:23:42.049  Info            REST REQUEST RECEIVED : ID:757 Type:6003, Data:{"ExchangeSegment":1,"ExchangeInstrumentId":26000,"StartTime":1675257081,"EndTime":1675268541,"CompressionValue":60}
07:Feb:2023 11:23:42.197  Info            REST REQUEST RECEIVED : ID:758 Type:6003, Data:{"ExchangeSegment":1,"ExchangeInstrumentId":26000,"StartTime":1675245621,"EndTime":1675257081,"CompressionValue":60}
07:Feb:2023 11:23:42.348  Info            REST REQUEST RECEIVED : ID:759 Type:6003, Data:{"ExchangeSegment":1,"ExchangeInstrumentId":26000,"StartTime":1675234161,"EndTime":1675245621,"CompressionValue":60}
07:Feb:2023 11:23:42.501  Info            REST REQUEST RECEIVED : ID:760 Type:6003, Data:{"ExchangeSegment":1,"ExchangeInstrumentId":26000,"StartTime":1675222701,"EndTime":1675234161,"CompressionValue":60}
07:Feb:2023 11:23:42.735  Info            REST REQUEST RECEIVED : ID:761 Type:6003, Data:{"ExchangeSegment":1,"ExchangeInstrumentId":26000,"StartTime":1675211241,"EndTime":1675222701,"CompressionValue":60}
07:Feb:2023 11:23:42.917  Info            REST REQUEST RECEIVED : ID:762 Type:6003, Data:{"ExchangeSegment":1,"ExchangeInstrumentId":26000,"StartTime":1675199781,"EndTime":1675211241,"CompressionValue":60}
07:Feb:2023 11:23:43.082  Info            REST REQUEST RECEIVED : ID:763 Type:6003, Data:{"ExchangeSegment":1,"ExchangeInstrumentId":26000,"StartTime":1675188321,"EndTime":1675199781,"CompressionValue":60}
07:Feb:2023 11:23:43.231  Info            REST REQUEST RECEIVED : ID:764 Type:6003, Data:{"ExchangeSegment":1,"ExchangeInstrumentId":26000,"StartTime":1675176861,"EndTime":1675188321,"CompressionValue":60}
07:Feb:2023 11:24:01.200  Info            One Minute Candle update called
07:Feb:2023 11:24:01.200  Info            One Minute Candle scrips count: 0
07:Feb:2023 11:24:01.200  Info            One Minute Candle scrips count: 0
07:Feb:2023 11:24:01.200  Info            One Minute Candle scrips count: 0
07:Feb:2023 11:24:01.200  Info            One Minute Candle scrips count: 0
07:Feb:2023 11:24:01.200  Info            One Minute Candle scrips count: 0
07:Feb:2023 11:24:01.200  Info            One Minute Candle scrips count: 0
07:Feb:2023 11:24:01.200  Info            One Minute Candle scrips count: 0
07:Feb:2023 11:24:01.200  Info            One Minute Candle scrips count: 0
07:Feb:2023 11:24:01.200  Info            One Minute Candle scrips count: 0
07:Feb:2023 11:24:01.200  Info            One Minute Candle scrips count: 0
07:Feb:2023 11:25:01.653  Info            One Minute Candle update called
07:Feb:2023 11:25:01.653  Info            One Minute Candle scrips count: 0
07:Feb:2023 11:25:01.653  Info            One Minute Candle scrips count: 0
07:Feb:2023 11:25:01.653  Info            One Minute Candle scrips count: 0
07:Feb:2023 11:25:01.653  Info            One Minute Candle scrips count: 0
07:Feb:2023 11:25:01.653  Info            One Minute Candle scrips count: 0
07:Feb:2023 11:25:01.653  Info            One Minute Candle scrips count: 0
07:Feb:2023 11:25:01.653  Info            One Minute Candle scrips count: 0
07:Feb:2023 11:25:01.653  Info            One Minute Candle scrips count: 0
07:Feb:2023 11:25:01.653  Info            One Minute Candle scrips count: 0
07:Feb:2023 11:25:01.653  Info            One Minute Candle scrips count: 0
07:Feb:2023 11:26:01.013  Info            One Minute Candle update called
07:Feb:2023 11:26:01.013  Info            One Minute Candle scrips count: 0
07:Feb:2023 11:26:01.013  Info            One Minute Candle scrips count: 0
07:Feb:2023 11:26:01.013  Info            One Minute Candle scrips count: 0
07:Feb:2023 11:26:01.013  Info            One Minute Candle scrips count: 0
07:Feb:2023 11:26:01.013  Info            One Minute Candle scrips count: 0
07:Feb:2023 11:26:01.013  Info            One Minute Candle scrips count: 0
07:Feb:2023 11:26:01.013  Info            One Minute Candle scrips count: 0
07:Feb:2023 11:26:01.013  Info            One Minute Candle scrips count: 0
07:Feb:2023 11:26:01.013  Info            One Minute Candle scrips count: 0
07:Feb:2023 11:26:01.013  Info            One Minute Candle scrips count: 0
07:Feb:2023 11:26:11.724  Info            REST REQUEST RECEIVED : ID:765 Type:6003, Data:{"ExchangeSegment":11,"ExchangeInstrumentId":532540,"StartTime":1675682771,"EndTime":1675941971,"CompressionValue":60}
07:Feb:2023 11:26:11.967  Info            REST REQUEST RECEIVED : ID:766 Type:6003, Data:{"ExchangeSegment":11,"ExchangeInstrumentId":532540,"StartTime":1675760219,"EndTime":1675761359,"CompressionValue":60}
07:Feb:2023 11:26:12.114  Info            REST REQUEST RECEIVED : ID:767 Type:6003, Data:{"ExchangeSegment":11,"ExchangeInstrumentId":532540,"StartTime":1675759079,"EndTime":1675760219,"CompressionValue":60}
07:Feb:2023 11:26:12.265  Info            REST REQUEST RECEIVED : ID:768 Type:6003, Data:{"ExchangeSegment":11,"ExchangeInstrumentId":532540,"StartTime":1675757939,"EndTime":1675759079,"CompressionValue":60}
07:Feb:2023 11:26:12.406  Info            REST REQUEST RECEIVED : ID:769 Type:6003, Data:{"ExchangeSegment":11,"ExchangeInstrumentId":532540,"StartTime":1675756799,"EndTime":1675757939,"CompressionValue":60}
07:Feb:2023 11:26:12.559  Info            REST REQUEST RECEIVED : ID:770 Type:6003, Data:{"ExchangeSegment":11,"ExchangeInstrumentId":532540,"StartTime":1675755659,"EndTime":1675756799,"CompressionValue":60}
07:Feb:2023 11:26:12.707  Info            REST REQUEST RECEIVED : ID:771 Type:6003, Data:{"ExchangeSegment":11,"ExchangeInstrumentId":532540,"StartTime":1675754519,"EndTime":1675755659,"CompressionValue":60}
07:Feb:2023 11:26:12.860  Info            REST REQUEST RECEIVED : ID:772 Type:6003, Data:{"ExchangeSegment":11,"ExchangeInstrumentId":532540,"StartTime":1675753379,"EndTime":1675754519,"CompressionValue":60}
07:Feb:2023 11:26:13.008  Info            REST REQUEST RECEIVED : ID:773 Type:6003, Data:{"ExchangeSegment":11,"ExchangeInstrumentId":532540,"StartTime":1675752239,"EndTime":1675753379,"CompressionValue":60}
07:Feb:2023 11:26:13.156  Info            REST REQUEST RECEIVED : ID:774 Type:6003, Data:{"ExchangeSegment":11,"ExchangeInstrumentId":532540,"StartTime":1675751099,"EndTime":1675752239,"CompressionValue":60}
07:Feb:2023 11:26:13.301  Info            REST REQUEST RECEIVED : ID:775 Type:6003, Data:{"ExchangeSegment":11,"ExchangeInstrumentId":532540,"StartTime":1675749959,"EndTime":1675751099,"CompressionValue":60}
07:Feb:2023 11:26:13.447  Info            REST REQUEST RECEIVED : ID:776 Type:6003, Data:{"ExchangeSegment":11,"ExchangeInstrumentId":532540,"StartTime":1675748819,"EndTime":1675749959,"CompressionValue":60}
07:Feb:2023 11:26:13.590  Info            REST REQUEST RECEIVED : ID:777 Type:6003, Data:{"ExchangeSegment":11,"ExchangeInstrumentId":532540,"StartTime":1675747679,"EndTime":1675748819,"CompressionValue":60}
07:Feb:2023 11:26:13.747  Info            REST REQUEST RECEIVED : ID:778 Type:6003, Data:{"ExchangeSegment":11,"ExchangeInstrumentId":532540,"StartTime":1675746539,"EndTime":1675747679,"CompressionValue":60}
07:Feb:2023 11:26:13.919  Info            REST REQUEST RECEIVED : ID:779 Type:6003, Data:{"ExchangeSegment":11,"ExchangeInstrumentId":532540,"StartTime":1675745399,"EndTime":1675746539,"CompressionValue":60}
07:Feb:2023 11:26:14.074  Info            REST REQUEST RECEIVED : ID:780 Type:6003, Data:{"ExchangeSegment":11,"ExchangeInstrumentId":532540,"StartTime":1675744259,"EndTime":1675745399,"CompressionValue":60}
07:Feb:2023 11:26:14.221  Info            REST REQUEST RECEIVED : ID:781 Type:6003, Data:{"ExchangeSegment":11,"ExchangeInstrumentId":532540,"StartTime":1675743119,"EndTime":1675744259,"CompressionValue":60}
07:Feb:2023 11:26:14.368  Info            REST REQUEST RECEIVED : ID:782 Type:6003, Data:{"ExchangeSegment":11,"ExchangeInstrumentId":532540,"StartTime":1675741979,"EndTime":1675743119,"CompressionValue":60}
07:Feb:2023 11:26:14.514  Info            REST REQUEST RECEIVED : ID:783 Type:6003, Data:{"ExchangeSegment":11,"ExchangeInstrumentId":532540,"StartTime":1675740839,"EndTime":1675741979,"CompressionValue":60}
07:Feb:2023 11:26:14.660  Info            REST REQUEST RECEIVED : ID:784 Type:6003, Data:{"ExchangeSegment":11,"ExchangeInstrumentId":532540,"StartTime":1675739699,"EndTime":1675740839,"CompressionValue":60}
07:Feb:2023 11:26:14.856  Info            REST REQUEST RECEIVED : ID:785 Type:6003, Data:{"ExchangeSegment":11,"ExchangeInstrumentId":532540,"StartTime":1675738559,"EndTime":1675739699,"CompressionValue":60}
07:Feb:2023 11:26:14.999  Info            REST REQUEST RECEIVED : ID:786 Type:6003, Data:{"ExchangeSegment":11,"ExchangeInstrumentId":532540,"StartTime":1675737419,"EndTime":1675738559,"CompressionValue":60}
07:Feb:2023 11:26:15.146  Info            REST REQUEST RECEIVED : ID:787 Type:6003, Data:{"ExchangeSegment":11,"ExchangeInstrumentId":532540,"StartTime":1675736279,"EndTime":1675737419,"CompressionValue":60}
07:Feb:2023 11:26:15.297  Info            REST REQUEST RECEIVED : ID:788 Type:6003, Data:{"ExchangeSegment":11,"ExchangeInstrumentId":532540,"StartTime":1675735139,"EndTime":1675736279,"CompressionValue":60}
07:Feb:2023 11:26:15.443  Info            REST REQUEST RECEIVED : ID:789 Type:6003, Data:{"ExchangeSegment":11,"ExchangeInstrumentId":532540,"StartTime":1675733999,"EndTime":1675735139,"CompressionValue":60}
07:Feb:2023 11:26:15.588  Info            REST REQUEST RECEIVED : ID:790 Type:6003, Data:{"ExchangeSegment":11,"ExchangeInstrumentId":532540,"StartTime":1675732859,"EndTime":1675733999,"CompressionValue":60}
07:Feb:2023 11:26:15.741  Info            REST REQUEST RECEIVED : ID:791 Type:6003, Data:{"ExchangeSegment":11,"ExchangeInstrumentId":532540,"StartTime":1675731719,"EndTime":1675732859,"CompressionValue":60}
07:Feb:2023 11:26:15.907  Info            REST REQUEST RECEIVED : ID:792 Type:6003, Data:{"ExchangeSegment":11,"ExchangeInstrumentId":532540,"StartTime":1675730579,"EndTime":1675731719,"CompressionValue":60}
07:Feb:2023 11:26:16.070  Info            REST REQUEST RECEIVED : ID:793 Type:6003, Data:{"ExchangeSegment":11,"ExchangeInstrumentId":532540,"StartTime":1675729439,"EndTime":1675730579,"CompressionValue":60}
07:Feb:2023 11:26:16.237  Info            REST REQUEST RECEIVED : ID:794 Type:6003, Data:{"ExchangeSegment":11,"ExchangeInstrumentId":532540,"StartTime":1675728299,"EndTime":1675729439,"CompressionValue":60}
07:Feb:2023 11:26:16.386  Info            REST REQUEST RECEIVED : ID:795 Type:6003, Data:{"ExchangeSegment":11,"ExchangeInstrumentId":532540,"StartTime":1675727159,"EndTime":1675728299,"CompressionValue":60}
07:Feb:2023 11:26:16.531  Info            REST REQUEST RECEIVED : ID:796 Type:6003, Data:{"ExchangeSegment":11,"ExchangeInstrumentId":532540,"StartTime":1675726019,"EndTime":1675727159,"CompressionValue":60}
07:Feb:2023 11:26:16.682  Info            REST REQUEST RECEIVED : ID:797 Type:6003, Data:{"ExchangeSegment":11,"ExchangeInstrumentId":532540,"StartTime":1675724879,"EndTime":1675726019,"CompressionValue":60}
07:Feb:2023 11:26:16.835  Info            REST REQUEST RECEIVED : ID:798 Type:6003, Data:{"ExchangeSegment":11,"ExchangeInstrumentId":532540,"StartTime":1675723739,"EndTime":1675724879,"CompressionValue":60}
07:Feb:2023 11:26:16.988  Info            REST REQUEST RECEIVED : ID:799 Type:6003, Data:{"ExchangeSegment":11,"ExchangeInstrumentId":532540,"StartTime":1675722599,"EndTime":1675723739,"CompressionValue":60}
07:Feb:2023 11:26:17.136  Info            REST REQUEST RECEIVED : ID:800 Type:6003, Data:{"ExchangeSegment":11,"ExchangeInstrumentId":532540,"StartTime":1675721459,"EndTime":1675722599,"CompressionValue":60}
07:Feb:2023 11:26:17.286  Info            REST REQUEST RECEIVED : ID:801 Type:6003, Data:{"ExchangeSegment":11,"ExchangeInstrumentId":532540,"StartTime":1675720319,"EndTime":1675721459,"CompressionValue":60}
07:Feb:2023 11:26:17.430  Info            REST REQUEST RECEIVED : ID:802 Type:6003, Data:{"ExchangeSegment":11,"ExchangeInstrumentId":532540,"StartTime":1675719179,"EndTime":1675720319,"CompressionValue":60}
07:Feb:2023 11:26:17.575  Info            REST REQUEST RECEIVED : ID:803 Type:6003, Data:{"ExchangeSegment":11,"ExchangeInstrumentId":532540,"StartTime":1675718039,"EndTime":1675719179,"CompressionValue":60}
07:Feb:2023 11:26:17.725  Info            REST REQUEST RECEIVED : ID:804 Type:6003, Data:{"ExchangeSegment":11,"ExchangeInstrumentId":532540,"StartTime":1675716899,"EndTime":1675718039,"CompressionValue":60}
07:Feb:2023 11:26:17.890  Info            REST REQUEST RECEIVED : ID:805 Type:6003, Data:{"ExchangeSegment":11,"ExchangeInstrumentId":532540,"StartTime":1675715759,"EndTime":1675716899,"CompressionValue":60}
07:Feb:2023 11:26:18.038  Info            REST REQUEST RECEIVED : ID:806 Type:6003, Data:{"ExchangeSegment":11,"ExchangeInstrumentId":532540,"StartTime":1675714619,"EndTime":1675715759,"CompressionValue":60}
07:Feb:2023 11:26:18.189  Info            REST REQUEST RECEIVED : ID:807 Type:6003, Data:{"ExchangeSegment":11,"ExchangeInstrumentId":532540,"StartTime":1675713479,"EndTime":1675714619,"CompressionValue":60}
07:Feb:2023 11:26:18.335  Info            REST REQUEST RECEIVED : ID:808 Type:6003, Data:{"ExchangeSegment":11,"ExchangeInstrumentId":532540,"StartTime":1675712339,"EndTime":1675713479,"CompressionValue":60}
07:Feb:2023 11:26:18.479  Info            REST REQUEST RECEIVED : ID:809 Type:6003, Data:{"ExchangeSegment":11,"ExchangeInstrumentId":532540,"StartTime":1675711199,"EndTime":1675712339,"CompressionValue":60}
07:Feb:2023 11:26:18.625  Info            REST REQUEST RECEIVED : ID:810 Type:6003, Data:{"ExchangeSegment":11,"ExchangeInstrumentId":532540,"StartTime":1675710059,"EndTime":1675711199,"CompressionValue":60}
07:Feb:2023 11:26:18.779  Info            REST REQUEST RECEIVED : ID:811 Type:6003, Data:{"ExchangeSegment":11,"ExchangeInstrumentId":532540,"StartTime":1675708919,"EndTime":1675710059,"CompressionValue":60}
07:Feb:2023 11:26:18.933  Info            REST REQUEST RECEIVED : ID:812 Type:6003, Data:{"ExchangeSegment":11,"ExchangeInstrumentId":532540,"StartTime":1675707779,"EndTime":1675708919,"CompressionValue":60}
07:Feb:2023 11:26:19.078  Info            REST REQUEST RECEIVED : ID:813 Type:6003, Data:{"ExchangeSegment":11,"ExchangeInstrumentId":532540,"StartTime":1675706639,"EndTime":1675707779,"CompressionValue":60}
07:Feb:2023 11:26:19.227  Info            REST REQUEST RECEIVED : ID:814 Type:6003, Data:{"ExchangeSegment":11,"ExchangeInstrumentId":532540,"StartTime":1675705499,"EndTime":1675706639,"CompressionValue":60}
07:Feb:2023 11:26:19.376  Info            REST REQUEST RECEIVED : ID:815 Type:6003, Data:{"ExchangeSegment":11,"ExchangeInstrumentId":532540,"StartTime":1675704359,"EndTime":1675705499,"CompressionValue":60}
07:Feb:2023 11:26:19.527  Info            REST REQUEST RECEIVED : ID:816 Type:6003, Data:{"ExchangeSegment":11,"ExchangeInstrumentId":532540,"StartTime":1675703219,"EndTime":1675704359,"CompressionValue":60}
07:Feb:2023 11:27:01.372  Info            One Minute Candle update called
07:Feb:2023 11:27:01.372  Info            One Minute Candle scrips count: 0
07:Feb:2023 11:27:01.372  Info            One Minute Candle scrips count: 0
07:Feb:2023 11:27:01.372  Info            One Minute Candle scrips count: 0
07:Feb:2023 11:27:01.372  Info            One Minute Candle scrips count: 0
07:Feb:2023 11:27:01.372  Info            One Minute Candle scrips count: 0
07:Feb:2023 11:27:01.372  Info            One Minute Candle scrips count: 0
07:Feb:2023 11:27:01.372  Info            One Minute Candle scrips count: 0
07:Feb:2023 11:27:01.372  Info            One Minute Candle scrips count: 0
07:Feb:2023 11:27:01.372  Info            One Minute Candle scrips count: 0
07:Feb:2023 11:27:01.372  Info            One Minute Candle scrips count: 0
07:Feb:2023 11:28:01.700  Info            One Minute Candle update called
07:Feb:2023 11:28:01.700  Info            One Minute Candle scrips count: 0
07:Feb:2023 11:28:01.700  Info            One Minute Candle scrips count: 0
07:Feb:2023 11:28:01.700  Info            One Minute Candle scrips count: 0
07:Feb:2023 11:28:01.700  Info            One Minute Candle scrips count: 0
07:Feb:2023 11:28:01.700  Info            One Minute Candle scrips count: 0
07:Feb:2023 11:28:01.700  Info            One Minute Candle scrips count: 0
07:Feb:2023 11:28:01.700  Info            One Minute Candle scrips count: 0
07:Feb:2023 11:28:01.700  Info            One Minute Candle scrips count: 0
07:Feb:2023 11:28:01.700  Info            One Minute Candle scrips count: 0
07:Feb:2023 11:28:01.700  Info            One Minute Candle scrips count: 0
07:Feb:2023 11:29:01.059  Info            One Minute Candle update called
07:Feb:2023 11:29:01.059  Info            One Minute Candle scrips count: 0
07:Feb:2023 11:29:01.059  Info            One Minute Candle scrips count: 0
07:Feb:2023 11:29:01.059  Info            One Minute Candle scrips count: 0
07:Feb:2023 11:29:01.059  Info            One Minute Candle scrips count: 0
07:Feb:2023 11:29:01.059  Info            One Minute Candle scrips count: 0
07:Feb:2023 11:29:01.059  Info            One Minute Candle scrips count: 0
07:Feb:2023 11:29:01.059  Info            One Minute Candle scrips count: 0
07:Feb:2023 11:29:01.059  Info            One Minute Candle scrips count: 0
07:Feb:2023 11:29:01.059  Info            One Minute Candle scrips count: 0
07:Feb:2023 11:29:01.059  Info            One Minute Candle scrips count: 0
07:Feb:2023 11:30:01.356  Info            One Minute Candle update called
07:Feb:2023 11:30:01.356  Info            One Minute Candle scrips count: 0
07:Feb:2023 11:30:01.356  Info            One Minute Candle scrips count: 0
07:Feb:2023 11:30:01.356  Info            One Minute Candle scrips count: 0
07:Feb:2023 11:30:01.356  Info            One Minute Candle scrips count: 0
07:Feb:2023 11:30:01.356  Info            One Minute Candle scrips count: 0
07:Feb:2023 11:30:01.356  Info            One Minute Candle scrips count: 0
07:Feb:2023 11:30:01.356  Info            One Minute Candle scrips count: 0
07:Feb:2023 11:30:01.356  Info            One Minute Candle scrips count: 0
07:Feb:2023 11:30:01.356  Info            One Minute Candle scrips count: 0
07:Feb:2023 11:30:01.356  Info            One Minute Candle scrips count: 0
07:Feb:2023 11:31:01.669  Info            One Minute Candle update called
07:Feb:2023 11:31:01.669  Info            One Minute Candle scrips count: 0
07:Feb:2023 11:31:01.669  Info            One Minute Candle scrips count: 0
07:Feb:2023 11:31:01.669  Info            One Minute Candle scrips count: 0
07:Feb:2023 11:31:01.669  Info            One Minute Candle scrips count: 0
07:Feb:2023 11:31:01.669  Info            One Minute Candle scrips count: 0
07:Feb:2023 11:31:01.669  Info            One Minute Candle scrips count: 0
07:Feb:2023 11:31:01.669  Info            One Minute Candle scrips count: 0
07:Feb:2023 11:31:01.669  Info            One Minute Candle scrips count: 0
07:Feb:2023 11:31:01.669  Info            One Minute Candle scrips count: 0
07:Feb:2023 11:31:01.669  Info            One Minute Candle scrips count: 0
07:Feb:2023 11:32:00.934  Info            One Minute Candle update called
07:Feb:2023 11:32:00.934  Info            One Minute Candle scrips count: 0
07:Feb:2023 11:32:00.934  Info            One Minute Candle scrips count: 0
07:Feb:2023 11:32:00.934  Info            One Minute Candle scrips count: 0
07:Feb:2023 11:32:00.934  Info            One Minute Candle scrips count: 0
07:Feb:2023 11:32:00.934  Info            One Minute Candle scrips count: 0
07:Feb:2023 11:32:00.934  Info            One Minute Candle scrips count: 0
07:Feb:2023 11:32:00.934  Info            One Minute Candle scrips count: 0
07:Feb:2023 11:32:00.934  Info            One Minute Candle scrips count: 0
07:Feb:2023 11:32:00.934  Info            One Minute Candle scrips count: 0
07:Feb:2023 11:32:00.934  Info            One Minute Candle scrips count: 0
07:Feb:2023 11:33:01.185  Info            One Minute Candle update called
07:Feb:2023 11:33:01.185  Info            One Minute Candle scrips count: 0
07:Feb:2023 11:33:01.185  Info            One Minute Candle scrips count: 0
07:Feb:2023 11:33:01.185  Info            One Minute Candle scrips count: 0
07:Feb:2023 11:33:01.185  Info            One Minute Candle scrips count: 0
07:Feb:2023 11:33:01.185  Info            One Minute Candle scrips count: 0
07:Feb:2023 11:33:01.185  Info            One Minute Candle scrips count: 0
07:Feb:2023 11:33:01.185  Info            One Minute Candle scrips count: 0
07:Feb:2023 11:33:01.185  Info            One Minute Candle scrips count: 0
07:Feb:2023 11:33:01.185  Info            One Minute Candle scrips count: 0
07:Feb:2023 11:33:01.185  Info            One Minute Candle scrips count: 0
07:Feb:2023 11:34:02.044  Info            One Minute Candle update called
07:Feb:2023 11:34:02.044  Info            One Minute Candle scrips count: 0
07:Feb:2023 11:34:02.044  Info            One Minute Candle scrips count: 0
07:Feb:2023 11:34:02.044  Info            One Minute Candle scrips count: 0
07:Feb:2023 11:34:02.044  Info            One Minute Candle scrips count: 0
07:Feb:2023 11:34:02.044  Info            One Minute Candle scrips count: 0
07:Feb:2023 11:34:02.044  Info            One Minute Candle scrips count: 0
07:Feb:2023 11:34:02.044  Info            One Minute Candle scrips count: 0
07:Feb:2023 11:34:02.044  Info            One Minute Candle scrips count: 0
07:Feb:2023 11:34:02.044  Info            One Minute Candle scrips count: 0
07:Feb:2023 11:34:02.044  Info            One Minute Candle scrips count: 0
07:Feb:2023 11:35:01.372  Info            One Minute Candle update called
07:Feb:2023 11:35:01.372  Info            One Minute Candle scrips count: 0
07:Feb:2023 11:35:01.372  Info            One Minute Candle scrips count: 0
07:Feb:2023 11:35:01.372  Info            One Minute Candle scrips count: 0
07:Feb:2023 11:35:01.372  Info            One Minute Candle scrips count: 0
07:Feb:2023 11:35:01.372  Info            One Minute Candle scrips count: 0
07:Feb:2023 11:35:01.372  Info            One Minute Candle scrips count: 0
07:Feb:2023 11:35:01.372  Info            One Minute Candle scrips count: 0
07:Feb:2023 11:35:01.372  Info            One Minute Candle scrips count: 0
07:Feb:2023 11:35:01.372  Info            One Minute Candle scrips count: 0
07:Feb:2023 11:35:01.372  Info            One Minute Candle scrips count: 0
07:Feb:2023 11:36:01.699  Info            One Minute Candle update called
07:Feb:2023 11:36:01.699  Info            One Minute Candle scrips count: 0
07:Feb:2023 11:36:01.699  Info            One Minute Candle scrips count: 0
07:Feb:2023 11:36:01.699  Info            One Minute Candle scrips count: 0
07:Feb:2023 11:36:01.699  Info            One Minute Candle scrips count: 0
07:Feb:2023 11:36:01.699  Info            One Minute Candle scrips count: 0
07:Feb:2023 11:36:01.699  Info            One Minute Candle scrips count: 0
07:Feb:2023 11:36:01.699  Info            One Minute Candle scrips count: 0
07:Feb:2023 11:36:01.699  Info            One Minute Candle scrips count: 0
07:Feb:2023 11:36:01.699  Info            One Minute Candle scrips count: 0
07:Feb:2023 11:36:01.699  Info            One Minute Candle scrips count: 0
07:Feb:2023 11:37:00.886  Info            One Minute Candle update called
07:Feb:2023 11:37:00.886  Info            One Minute Candle scrips count: 0
07:Feb:2023 11:37:00.886  Info            One Minute Candle scrips count: 0
07:Feb:2023 11:37:00.886  Info            One Minute Candle scrips count: 0
07:Feb:2023 11:37:00.886  Info            One Minute Candle scrips count: 0
07:Feb:2023 11:37:00.886  Info            One Minute Candle scrips count: 0
07:Feb:2023 11:37:00.886  Info            One Minute Candle scrips count: 0
07:Feb:2023 11:37:00.886  Info            One Minute Candle scrips count: 0
07:Feb:2023 11:37:00.886  Info            One Minute Candle scrips count: 0
07:Feb:2023 11:37:00.886  Info            One Minute Candle scrips count: 0
07:Feb:2023 11:37:00.886  Info            One Minute Candle scrips count: 0
07:Feb:2023 11:38:01.325  Info            One Minute Candle update called
07:Feb:2023 11:38:01.325  Info            One Minute Candle scrips count: 0
07:Feb:2023 11:38:01.325  Info            One Minute Candle scrips count: 0
07:Feb:2023 11:38:01.325  Info            One Minute Candle scrips count: 0
07:Feb:2023 11:38:01.325  Info            One Minute Candle scrips count: 0
07:Feb:2023 11:38:01.325  Info            One Minute Candle scrips count: 0
07:Feb:2023 11:38:01.325  Info            One Minute Candle scrips count: 0
07:Feb:2023 11:38:01.325  Info            One Minute Candle scrips count: 0
07:Feb:2023 11:38:01.325  Info            One Minute Candle scrips count: 0
07:Feb:2023 11:38:01.325  Info            One Minute Candle scrips count: 0
07:Feb:2023 11:38:01.325  Info            One Minute Candle scrips count: 0
07:Feb:2023 11:39:01.074  Info            One Minute Candle update called
07:Feb:2023 11:39:01.074  Info            One Minute Candle scrips count: 0
07:Feb:2023 11:39:01.074  Info            One Minute Candle scrips count: 0
07:Feb:2023 11:39:01.074  Info            One Minute Candle scrips count: 0
07:Feb:2023 11:39:01.074  Info            One Minute Candle scrips count: 0
07:Feb:2023 11:39:01.074  Info            One Minute Candle scrips count: 0
07:Feb:2023 11:39:01.074  Info            One Minute Candle scrips count: 0
07:Feb:2023 11:39:01.074  Info            One Minute Candle scrips count: 0
07:Feb:2023 11:39:01.074  Info            One Minute Candle scrips count: 0
07:Feb:2023 11:39:01.074  Info            One Minute Candle scrips count: 0
07:Feb:2023 11:39:01.074  Info            One Minute Candle scrips count: 0
07:Feb:2023 11:40:01.387  Info            One Minute Candle update called
07:Feb:2023 11:40:01.387  Info            One Minute Candle scrips count: 0
07:Feb:2023 11:40:01.387  Info            One Minute Candle scrips count: 0
07:Feb:2023 11:40:01.387  Info            One Minute Candle scrips count: 0
07:Feb:2023 11:40:01.387  Info            One Minute Candle scrips count: 0
07:Feb:2023 11:40:01.387  Info            One Minute Candle scrips count: 0
07:Feb:2023 11:40:01.387  Info            One Minute Candle scrips count: 0
07:Feb:2023 11:40:01.387  Info            One Minute Candle scrips count: 0
07:Feb:2023 11:40:01.387  Info            One Minute Candle scrips count: 0
07:Feb:2023 11:40:01.387  Info            One Minute Candle scrips count: 0
07:Feb:2023 11:40:01.387  Info            One Minute Candle scrips count: 0
07:Feb:2023 11:41:00.841  Info            One Minute Candle update called
07:Feb:2023 11:41:00.841  Info            One Minute Candle scrips count: 0
07:Feb:2023 11:41:00.841  Info            One Minute Candle scrips count: 0
07:Feb:2023 11:41:00.841  Info            One Minute Candle scrips count: 0
07:Feb:2023 11:41:00.841  Info            One Minute Candle scrips count: 0
07:Feb:2023 11:41:00.841  Info            One Minute Candle scrips count: 0
07:Feb:2023 11:41:00.841  Info            One Minute Candle scrips count: 0
07:Feb:2023 11:41:00.841  Info            One Minute Candle scrips count: 0
07:Feb:2023 11:41:00.841  Info            One Minute Candle scrips count: 0
07:Feb:2023 11:41:00.841  Info            One Minute Candle scrips count: 0
07:Feb:2023 11:41:00.841  Info            One Minute Candle scrips count: 0
07:Feb:2023 11:42:01.153  Info            One Minute Candle update called
07:Feb:2023 11:42:01.153  Info            One Minute Candle scrips count: 0
07:Feb:2023 11:42:01.153  Info            One Minute Candle scrips count: 0
07:Feb:2023 11:42:01.153  Info            One Minute Candle scrips count: 0
07:Feb:2023 11:42:01.153  Info            One Minute Candle scrips count: 0
07:Feb:2023 11:42:01.153  Info            One Minute Candle scrips count: 0
07:Feb:2023 11:42:01.153  Info            One Minute Candle scrips count: 0
07:Feb:2023 11:42:01.153  Info            One Minute Candle scrips count: 0
07:Feb:2023 11:42:01.153  Info            One Minute Candle scrips count: 0
07:Feb:2023 11:42:01.153  Info            One Minute Candle scrips count: 0
07:Feb:2023 11:42:01.153  Info            One Minute Candle scrips count: 0
07:Feb:2023 11:43:00.920  Info            One Minute Candle update called
07:Feb:2023 11:43:00.920  Info            One Minute Candle scrips count: 0
07:Feb:2023 11:43:00.920  Info            One Minute Candle scrips count: 0
07:Feb:2023 11:43:00.920  Info            One Minute Candle scrips count: 0
07:Feb:2023 11:43:00.920  Info            One Minute Candle scrips count: 0
07:Feb:2023 11:43:00.920  Info            One Minute Candle scrips count: 0
07:Feb:2023 11:43:00.920  Info            One Minute Candle scrips count: 0
07:Feb:2023 11:43:00.920  Info            One Minute Candle scrips count: 0
07:Feb:2023 11:43:00.920  Info            One Minute Candle scrips count: 0
07:Feb:2023 11:43:00.920  Info            One Minute Candle scrips count: 0
07:Feb:2023 11:43:00.920  Info            One Minute Candle scrips count: 0
07:Feb:2023 11:44:01.231  Info            One Minute Candle update called
07:Feb:2023 11:44:01.231  Info            One Minute Candle scrips count: 0
07:Feb:2023 11:44:01.231  Info            One Minute Candle scrips count: 0
07:Feb:2023 11:44:01.231  Info            One Minute Candle scrips count: 0
07:Feb:2023 11:44:01.231  Info            One Minute Candle scrips count: 0
07:Feb:2023 11:44:01.231  Info            One Minute Candle scrips count: 0
07:Feb:2023 11:44:01.231  Info            One Minute Candle scrips count: 0
07:Feb:2023 11:44:01.231  Info            One Minute Candle scrips count: 0
07:Feb:2023 11:44:01.231  Info            One Minute Candle scrips count: 0
07:Feb:2023 11:44:01.231  Info            One Minute Candle scrips count: 0
07:Feb:2023 11:44:01.231  Info            One Minute Candle scrips count: 0
07:Feb:2023 11:45:00.872  Info            One Minute Candle update called
07:Feb:2023 11:45:00.872  Info            One Minute Candle scrips count: 0
07:Feb:2023 11:45:00.872  Info            One Minute Candle scrips count: 0
07:Feb:2023 11:45:00.872  Info            One Minute Candle scrips count: 0
07:Feb:2023 11:45:00.872  Info            One Minute Candle scrips count: 0
07:Feb:2023 11:45:00.872  Info            One Minute Candle scrips count: 0
07:Feb:2023 11:45:00.872  Info            One Minute Candle scrips count: 0
07:Feb:2023 11:45:00.872  Info            One Minute Candle scrips count: 0
07:Feb:2023 11:45:00.872  Info            One Minute Candle scrips count: 0
07:Feb:2023 11:45:00.872  Info            One Minute Candle scrips count: 0
07:Feb:2023 11:45:00.872  Info            One Minute Candle scrips count: 0
07:Feb:2023 11:46:01.137  Info            One Minute Candle update called
07:Feb:2023 11:46:01.137  Info            One Minute Candle scrips count: 0
07:Feb:2023 11:46:01.137  Info            One Minute Candle scrips count: 0
07:Feb:2023 11:46:01.137  Info            One Minute Candle scrips count: 0
07:Feb:2023 11:46:01.137  Info            One Minute Candle scrips count: 0
07:Feb:2023 11:46:01.137  Info            One Minute Candle scrips count: 0
07:Feb:2023 11:46:01.137  Info            One Minute Candle scrips count: 0
07:Feb:2023 11:46:01.137  Info            One Minute Candle scrips count: 0
07:Feb:2023 11:46:01.137  Info            One Minute Candle scrips count: 0
07:Feb:2023 11:46:01.137  Info            One Minute Candle scrips count: 0
07:Feb:2023 11:46:01.137  Info            One Minute Candle scrips count: 0
07:Feb:2023 11:47:01.481  Info            One Minute Candle update called
07:Feb:2023 11:47:01.481  Info            One Minute Candle scrips count: 0
07:Feb:2023 11:47:01.481  Info            One Minute Candle scrips count: 0
07:Feb:2023 11:47:01.481  Info            One Minute Candle scrips count: 0
07:Feb:2023 11:47:01.481  Info            One Minute Candle scrips count: 0
07:Feb:2023 11:47:01.481  Info            One Minute Candle scrips count: 0
07:Feb:2023 11:47:01.481  Info            One Minute Candle scrips count: 0
07:Feb:2023 11:47:01.481  Info            One Minute Candle scrips count: 0
07:Feb:2023 11:47:01.481  Info            One Minute Candle scrips count: 0
07:Feb:2023 11:47:01.481  Info            One Minute Candle scrips count: 0
07:Feb:2023 11:47:01.481  Info            One Minute Candle scrips count: 0
07:Feb:2023 11:48:00.779  Info            One Minute Candle update called
07:Feb:2023 11:48:00.779  Info            One Minute Candle scrips count: 0
07:Feb:2023 11:48:00.779  Info            One Minute Candle scrips count: 0
07:Feb:2023 11:48:00.779  Info            One Minute Candle scrips count: 0
07:Feb:2023 11:48:00.779  Info            One Minute Candle scrips count: 0
07:Feb:2023 11:48:00.779  Info            One Minute Candle scrips count: 0
07:Feb:2023 11:48:00.779  Info            One Minute Candle scrips count: 0
07:Feb:2023 11:48:00.779  Info            One Minute Candle scrips count: 0
07:Feb:2023 11:48:00.779  Info            One Minute Candle scrips count: 0
07:Feb:2023 11:48:00.779  Info            One Minute Candle scrips count: 0
07:Feb:2023 11:48:00.779  Info            One Minute Candle scrips count: 0
07:Feb:2023 11:49:01.108  Info            One Minute Candle update called
07:Feb:2023 11:49:01.108  Info            One Minute Candle scrips count: 0
07:Feb:2023 11:49:01.108  Info            One Minute Candle scrips count: 0
07:Feb:2023 11:49:01.108  Info            One Minute Candle scrips count: 0
07:Feb:2023 11:49:01.108  Info            One Minute Candle scrips count: 0
07:Feb:2023 11:49:01.108  Info            One Minute Candle scrips count: 0
07:Feb:2023 11:49:01.108  Info            One Minute Candle scrips count: 0
07:Feb:2023 11:49:01.108  Info            One Minute Candle scrips count: 0
07:Feb:2023 11:49:01.108  Info            One Minute Candle scrips count: 0
07:Feb:2023 11:49:01.108  Info            One Minute Candle scrips count: 0
07:Feb:2023 11:49:01.108  Info            One Minute Candle scrips count: 0
07:Feb:2023 11:50:01.419  Info            One Minute Candle update called
07:Feb:2023 11:50:01.419  Info            One Minute Candle scrips count: 0
07:Feb:2023 11:50:01.419  Info            One Minute Candle scrips count: 0
07:Feb:2023 11:50:01.419  Info            One Minute Candle scrips count: 0
07:Feb:2023 11:50:01.419  Info            One Minute Candle scrips count: 0
07:Feb:2023 11:50:01.419  Info            One Minute Candle scrips count: 0
07:Feb:2023 11:50:01.419  Info            One Minute Candle scrips count: 0
07:Feb:2023 11:50:01.419  Info            One Minute Candle scrips count: 0
07:Feb:2023 11:50:01.419  Info            One Minute Candle scrips count: 0
07:Feb:2023 11:50:01.419  Info            One Minute Candle scrips count: 0
07:Feb:2023 11:50:01.419  Info            One Minute Candle scrips count: 0
07:Feb:2023 11:51:01.685  Info            One Minute Candle update called
07:Feb:2023 11:51:01.685  Info            One Minute Candle scrips count: 0
07:Feb:2023 11:51:01.685  Info            One Minute Candle scrips count: 0
07:Feb:2023 11:51:01.685  Info            One Minute Candle scrips count: 0
07:Feb:2023 11:51:01.685  Info            One Minute Candle scrips count: 0
07:Feb:2023 11:51:01.685  Info            One Minute Candle scrips count: 0
07:Feb:2023 11:51:01.685  Info            One Minute Candle scrips count: 0
07:Feb:2023 11:51:01.685  Info            One Minute Candle scrips count: 0
07:Feb:2023 11:51:01.685  Info            One Minute Candle scrips count: 0
07:Feb:2023 11:51:01.685  Info            One Minute Candle scrips count: 0
07:Feb:2023 11:51:01.685  Info            One Minute Candle scrips count: 0
07:Feb:2023 11:52:01.090  Info            One Minute Candle update called
07:Feb:2023 11:52:01.090  Info            One Minute Candle scrips count: 0
07:Feb:2023 11:52:01.090  Info            One Minute Candle scrips count: 0
07:Feb:2023 11:52:01.090  Info            One Minute Candle scrips count: 0
07:Feb:2023 11:52:01.090  Info            One Minute Candle scrips count: 0
07:Feb:2023 11:52:01.090  Info            One Minute Candle scrips count: 0
07:Feb:2023 11:52:01.090  Info            One Minute Candle scrips count: 0
07:Feb:2023 11:52:01.090  Info            One Minute Candle scrips count: 0
07:Feb:2023 11:52:01.090  Info            One Minute Candle scrips count: 0
07:Feb:2023 11:52:01.090  Info            One Minute Candle scrips count: 0
07:Feb:2023 11:52:01.090  Info            One Minute Candle scrips count: 0
07:Feb:2023 11:53:01.372  Info            One Minute Candle update called
07:Feb:2023 11:53:01.372  Info            One Minute Candle scrips count: 0
07:Feb:2023 11:53:01.372  Info            One Minute Candle scrips count: 0
07:Feb:2023 11:53:01.372  Info            One Minute Candle scrips count: 0
07:Feb:2023 11:53:01.372  Info            One Minute Candle scrips count: 0
07:Feb:2023 11:53:01.372  Info            One Minute Candle scrips count: 0
07:Feb:2023 11:53:01.372  Info            One Minute Candle scrips count: 0
07:Feb:2023 11:53:01.372  Info            One Minute Candle scrips count: 0
07:Feb:2023 11:53:01.372  Info            One Minute Candle scrips count: 0
07:Feb:2023 11:53:01.372  Info            One Minute Candle scrips count: 0
07:Feb:2023 11:53:01.372  Info            One Minute Candle scrips count: 0
07:Feb:2023 11:54:01.716  Info            One Minute Candle update called
07:Feb:2023 11:54:01.716  Info            One Minute Candle scrips count: 0
07:Feb:2023 11:54:01.716  Info            One Minute Candle scrips count: 0
07:Feb:2023 11:54:01.716  Info            One Minute Candle scrips count: 0
07:Feb:2023 11:54:01.716  Info            One Minute Candle scrips count: 0
07:Feb:2023 11:54:01.716  Info            One Minute Candle scrips count: 0
07:Feb:2023 11:54:01.716  Info            One Minute Candle scrips count: 0
07:Feb:2023 11:54:01.716  Info            One Minute Candle scrips count: 0
07:Feb:2023 11:54:01.716  Info            One Minute Candle scrips count: 0
07:Feb:2023 11:54:01.716  Info            One Minute Candle scrips count: 0
07:Feb:2023 11:54:01.716  Info            One Minute Candle scrips count: 0
07:Feb:2023 11:55:01.013  Info            One Minute Candle update called
07:Feb:2023 11:55:01.013  Info            One Minute Candle scrips count: 0
07:Feb:2023 11:55:01.013  Info            One Minute Candle scrips count: 0
07:Feb:2023 11:55:01.013  Info            One Minute Candle scrips count: 0
07:Feb:2023 11:55:01.013  Info            One Minute Candle scrips count: 0
07:Feb:2023 11:55:01.013  Info            One Minute Candle scrips count: 0
07:Feb:2023 11:55:01.013  Info            One Minute Candle scrips count: 0
07:Feb:2023 11:55:01.013  Info            One Minute Candle scrips count: 0
07:Feb:2023 11:55:01.013  Info            One Minute Candle scrips count: 0
07:Feb:2023 11:55:01.013  Info            One Minute Candle scrips count: 0
07:Feb:2023 11:55:01.013  Info            One Minute Candle scrips count: 0
07:Feb:2023 11:56:02.324  Info            One Minute Candle update called
07:Feb:2023 11:56:02.324  Info            One Minute Candle scrips count: 0
07:Feb:2023 11:56:02.324  Info            One Minute Candle scrips count: 0
07:Feb:2023 11:56:02.324  Info            One Minute Candle scrips count: 0
07:Feb:2023 11:56:02.324  Info            One Minute Candle scrips count: 0
07:Feb:2023 11:56:02.324  Info            One Minute Candle scrips count: 0
07:Feb:2023 11:56:02.324  Info            One Minute Candle scrips count: 0
07:Feb:2023 11:56:02.324  Info            One Minute Candle scrips count: 0
07:Feb:2023 11:56:02.324  Info            One Minute Candle scrips count: 0
07:Feb:2023 11:56:02.324  Info            One Minute Candle scrips count: 0
07:Feb:2023 11:56:02.324  Info            One Minute Candle scrips count: 0
07:Feb:2023 11:57:01.638  Info            One Minute Candle update called
07:Feb:2023 11:57:01.638  Info            One Minute Candle scrips count: 0
07:Feb:2023 11:57:01.638  Info            One Minute Candle scrips count: 0
07:Feb:2023 11:57:01.638  Info            One Minute Candle scrips count: 0
07:Feb:2023 11:57:01.638  Info            One Minute Candle scrips count: 0
07:Feb:2023 11:57:01.638  Info            One Minute Candle scrips count: 0
07:Feb:2023 11:57:01.638  Info            One Minute Candle scrips count: 0
07:Feb:2023 11:57:01.638  Info            One Minute Candle scrips count: 0
07:Feb:2023 11:57:01.638  Info            One Minute Candle scrips count: 0
07:Feb:2023 11:57:01.638  Info            One Minute Candle scrips count: 0
07:Feb:2023 11:57:01.638  Info            One Minute Candle scrips count: 0
07:Feb:2023 11:58:01.373  Info            One Minute Candle update called
07:Feb:2023 11:58:01.373  Info            One Minute Candle scrips count: 0
07:Feb:2023 11:58:01.373  Info            One Minute Candle scrips count: 0
07:Feb:2023 11:58:01.373  Info            One Minute Candle scrips count: 0
07:Feb:2023 11:58:01.373  Info            One Minute Candle scrips count: 0
07:Feb:2023 11:58:01.373  Info            One Minute Candle scrips count: 0
07:Feb:2023 11:58:01.373  Info            One Minute Candle scrips count: 0
07:Feb:2023 11:58:01.373  Info            One Minute Candle scrips count: 0
07:Feb:2023 11:58:01.373  Info            One Minute Candle scrips count: 0
07:Feb:2023 11:58:01.373  Info            One Minute Candle scrips count: 0
07:Feb:2023 11:58:01.373  Info            One Minute Candle scrips count: 0
07:Feb:2023 11:59:01.262  Info            One Minute Candle update called
07:Feb:2023 11:59:01.262  Info            One Minute Candle scrips count: 0
07:Feb:2023 11:59:01.262  Info            One Minute Candle scrips count: 0
07:Feb:2023 11:59:01.262  Info            One Minute Candle scrips count: 0
07:Feb:2023 11:59:01.262  Info            One Minute Candle scrips count: 0
07:Feb:2023 11:59:01.262  Info            One Minute Candle scrips count: 0
07:Feb:2023 11:59:01.262  Info            One Minute Candle scrips count: 0
07:Feb:2023 11:59:01.262  Info            One Minute Candle scrips count: 0
07:Feb:2023 11:59:01.262  Info            One Minute Candle scrips count: 0
07:Feb:2023 11:59:01.262  Info            One Minute Candle scrips count: 0
07:Feb:2023 11:59:01.262  Info            One Minute Candle scrips count: 0
07:Feb:2023 12:00:02.746  Info            One Minute Candle update called
07:Feb:2023 12:00:02.746  Info            One Minute Candle scrips count: 0
07:Feb:2023 12:00:02.746  Info            One Minute Candle scrips count: 0
07:Feb:2023 12:00:02.746  Info            One Minute Candle scrips count: 0
07:Feb:2023 12:00:02.746  Info            One Minute Candle scrips count: 0
07:Feb:2023 12:00:02.746  Info            One Minute Candle scrips count: 0
07:Feb:2023 12:00:02.746  Info            One Minute Candle scrips count: 0
07:Feb:2023 12:00:02.746  Info            One Minute Candle scrips count: 0
07:Feb:2023 12:00:02.746  Info            One Minute Candle scrips count: 0
07:Feb:2023 12:00:02.746  Info            One Minute Candle scrips count: 0
07:Feb:2023 12:00:02.746  Info            One Minute Candle scrips count: 0
07:Feb:2023 12:01:01.137  Info            One Minute Candle update called
07:Feb:2023 12:01:01.137  Info            One Minute Candle scrips count: 0
07:Feb:2023 12:01:01.137  Info            One Minute Candle scrips count: 0
07:Feb:2023 12:01:01.137  Info            One Minute Candle scrips count: 0
07:Feb:2023 12:01:01.137  Info            One Minute Candle scrips count: 0
07:Feb:2023 12:01:01.137  Info            One Minute Candle scrips count: 0
07:Feb:2023 12:01:01.137  Info            One Minute Candle scrips count: 0
07:Feb:2023 12:01:01.137  Info            One Minute Candle scrips count: 0
07:Feb:2023 12:01:01.137  Info            One Minute Candle scrips count: 0
07:Feb:2023 12:01:01.137  Info            One Minute Candle scrips count: 0
07:Feb:2023 12:01:01.137  Info            One Minute Candle scrips count: 0
07:Feb:2023 12:02:01.450  Info            One Minute Candle update called
07:Feb:2023 12:02:01.450  Info            One Minute Candle scrips count: 0
07:Feb:2023 12:02:01.450  Info            One Minute Candle scrips count: 0
07:Feb:2023 12:02:01.450  Info            One Minute Candle scrips count: 0
07:Feb:2023 12:02:01.450  Info            One Minute Candle scrips count: 0
07:Feb:2023 12:02:01.450  Info            One Minute Candle scrips count: 0
07:Feb:2023 12:02:01.450  Info            One Minute Candle scrips count: 0
07:Feb:2023 12:02:01.450  Info            One Minute Candle scrips count: 0
07:Feb:2023 12:02:01.450  Info            One Minute Candle scrips count: 0
07:Feb:2023 12:02:01.450  Info            One Minute Candle scrips count: 0
07:Feb:2023 12:02:01.450  Info            One Minute Candle scrips count: 0
07:Feb:2023 12:03:00.763  Info            One Minute Candle update called
07:Feb:2023 12:03:00.763  Info            One Minute Candle scrips count: 0
07:Feb:2023 12:03:00.763  Info            One Minute Candle scrips count: 0
07:Feb:2023 12:03:00.763  Info            One Minute Candle scrips count: 0
07:Feb:2023 12:03:00.763  Info            One Minute Candle scrips count: 0
07:Feb:2023 12:03:00.763  Info            One Minute Candle scrips count: 0
07:Feb:2023 12:03:00.763  Info            One Minute Candle scrips count: 0
07:Feb:2023 12:03:00.763  Info            One Minute Candle scrips count: 0
07:Feb:2023 12:03:00.763  Info            One Minute Candle scrips count: 0
07:Feb:2023 12:03:00.763  Info            One Minute Candle scrips count: 0
07:Feb:2023 12:03:00.763  Info            One Minute Candle scrips count: 0
07:Feb:2023 12:04:01.138  Info            One Minute Candle update called
07:Feb:2023 12:04:01.138  Info            One Minute Candle scrips count: 0
07:Feb:2023 12:04:01.138  Info            One Minute Candle scrips count: 0
07:Feb:2023 12:04:01.138  Info            One Minute Candle scrips count: 0
07:Feb:2023 12:04:01.138  Info            One Minute Candle scrips count: 0
07:Feb:2023 12:04:01.138  Info            One Minute Candle scrips count: 0
07:Feb:2023 12:04:01.138  Info            One Minute Candle scrips count: 0
07:Feb:2023 12:04:01.138  Info            One Minute Candle scrips count: 0
07:Feb:2023 12:04:01.138  Info            One Minute Candle scrips count: 0
07:Feb:2023 12:04:01.138  Info            One Minute Candle scrips count: 0
07:Feb:2023 12:04:01.138  Info            One Minute Candle scrips count: 0
07:Feb:2023 12:05:01.465  Info            One Minute Candle update called
07:Feb:2023 12:05:01.465  Info            One Minute Candle scrips count: 0
07:Feb:2023 12:05:01.465  Info            One Minute Candle scrips count: 0
07:Feb:2023 12:05:01.465  Info            One Minute Candle scrips count: 0
07:Feb:2023 12:05:01.465  Info            One Minute Candle scrips count: 0
07:Feb:2023 12:05:01.465  Info            One Minute Candle scrips count: 0
07:Feb:2023 12:05:01.465  Info            One Minute Candle scrips count: 0
07:Feb:2023 12:05:01.465  Info            One Minute Candle scrips count: 0
07:Feb:2023 12:05:01.465  Info            One Minute Candle scrips count: 0
07:Feb:2023 12:05:01.465  Info            One Minute Candle scrips count: 0
07:Feb:2023 12:05:01.465  Info            One Minute Candle scrips count: 0
07:Feb:2023 12:06:00.748  Info            One Minute Candle update called
07:Feb:2023 12:06:00.748  Info            One Minute Candle scrips count: 0
07:Feb:2023 12:06:00.748  Info            One Minute Candle scrips count: 0
07:Feb:2023 12:06:00.748  Info            One Minute Candle scrips count: 0
07:Feb:2023 12:06:00.748  Info            One Minute Candle scrips count: 0
07:Feb:2023 12:06:00.748  Info            One Minute Candle scrips count: 0
07:Feb:2023 12:06:00.748  Info            One Minute Candle scrips count: 0
07:Feb:2023 12:06:00.748  Info            One Minute Candle scrips count: 0
07:Feb:2023 12:06:00.748  Info            One Minute Candle scrips count: 0
07:Feb:2023 12:06:00.748  Info            One Minute Candle scrips count: 0
07:Feb:2023 12:06:00.748  Info            One Minute Candle scrips count: 0
07:Feb:2023 12:07:00.982  Info            One Minute Candle update called
07:Feb:2023 12:07:00.982  Info            One Minute Candle scrips count: 0
07:Feb:2023 12:07:00.982  Info            One Minute Candle scrips count: 0
07:Feb:2023 12:07:00.982  Info            One Minute Candle scrips count: 0
07:Feb:2023 12:07:00.982  Info            One Minute Candle scrips count: 0
07:Feb:2023 12:07:00.982  Info            One Minute Candle scrips count: 0
07:Feb:2023 12:07:00.982  Info            One Minute Candle scrips count: 0
07:Feb:2023 12:07:00.982  Info            One Minute Candle scrips count: 0
07:Feb:2023 12:07:00.982  Info            One Minute Candle scrips count: 0
07:Feb:2023 12:07:00.982  Info            One Minute Candle scrips count: 0
07:Feb:2023 12:07:00.982  Info            One Minute Candle scrips count: 0
07:Feb:2023 12:08:01.262  Info            One Minute Candle update called
07:Feb:2023 12:08:01.262  Info            One Minute Candle scrips count: 0
07:Feb:2023 12:08:01.262  Info            One Minute Candle scrips count: 0
07:Feb:2023 12:08:01.262  Info            One Minute Candle scrips count: 0
07:Feb:2023 12:08:01.262  Info            One Minute Candle scrips count: 0
07:Feb:2023 12:08:01.262  Info            One Minute Candle scrips count: 0
07:Feb:2023 12:08:01.262  Info            One Minute Candle scrips count: 0
07:Feb:2023 12:08:01.262  Info            One Minute Candle scrips count: 0
07:Feb:2023 12:08:01.262  Info            One Minute Candle scrips count: 0
07:Feb:2023 12:08:01.262  Info            One Minute Candle scrips count: 0
07:Feb:2023 12:08:01.262  Info            One Minute Candle scrips count: 0
07:Feb:2023 12:09:01.513  Info            One Minute Candle update called
07:Feb:2023 12:09:01.513  Info            One Minute Candle scrips count: 0
07:Feb:2023 12:09:01.513  Info            One Minute Candle scrips count: 0
07:Feb:2023 12:09:01.513  Info            One Minute Candle scrips count: 0
07:Feb:2023 12:09:01.513  Info            One Minute Candle scrips count: 0
07:Feb:2023 12:09:01.513  Info            One Minute Candle scrips count: 0
07:Feb:2023 12:09:01.513  Info            One Minute Candle scrips count: 0
07:Feb:2023 12:09:01.513  Info            One Minute Candle scrips count: 0
07:Feb:2023 12:09:01.513  Info            One Minute Candle scrips count: 0
07:Feb:2023 12:09:01.513  Info            One Minute Candle scrips count: 0
07:Feb:2023 12:09:01.513  Info            One Minute Candle scrips count: 0
07:Feb:2023 12:10:00.825  Info            One Minute Candle update called
07:Feb:2023 12:10:00.825  Info            One Minute Candle scrips count: 0
07:Feb:2023 12:10:00.825  Info            One Minute Candle scrips count: 0
07:Feb:2023 12:10:00.825  Info            One Minute Candle scrips count: 0
07:Feb:2023 12:10:00.825  Info            One Minute Candle scrips count: 0
07:Feb:2023 12:10:00.825  Info            One Minute Candle scrips count: 0
07:Feb:2023 12:10:00.825  Info            One Minute Candle scrips count: 0
07:Feb:2023 12:10:00.825  Info            One Minute Candle scrips count: 0
07:Feb:2023 12:10:00.825  Info            One Minute Candle scrips count: 0
07:Feb:2023 12:10:00.825  Info            One Minute Candle scrips count: 0
07:Feb:2023 12:10:00.825  Info            One Minute Candle scrips count: 0
07:Feb:2023 12:11:01.294  Info            One Minute Candle update called
07:Feb:2023 12:11:01.294  Info            One Minute Candle scrips count: 0
07:Feb:2023 12:11:01.294  Info            One Minute Candle scrips count: 0
07:Feb:2023 12:11:01.294  Info            One Minute Candle scrips count: 0
07:Feb:2023 12:11:01.294  Info            One Minute Candle scrips count: 0
07:Feb:2023 12:11:01.294  Info            One Minute Candle scrips count: 0
07:Feb:2023 12:11:01.294  Info            One Minute Candle scrips count: 0
07:Feb:2023 12:11:01.294  Info            One Minute Candle scrips count: 0
07:Feb:2023 12:11:01.294  Info            One Minute Candle scrips count: 0
07:Feb:2023 12:11:01.294  Info            One Minute Candle scrips count: 0
07:Feb:2023 12:11:01.294  Info            One Minute Candle scrips count: 0
07:Feb:2023 12:12:00.700  Info            One Minute Candle update called
07:Feb:2023 12:12:00.700  Info            One Minute Candle scrips count: 0
07:Feb:2023 12:12:00.700  Info            One Minute Candle scrips count: 0
07:Feb:2023 12:12:00.700  Info            One Minute Candle scrips count: 0
07:Feb:2023 12:12:00.700  Info            One Minute Candle scrips count: 0
07:Feb:2023 12:12:00.700  Info            One Minute Candle scrips count: 0
07:Feb:2023 12:12:00.700  Info            One Minute Candle scrips count: 0
07:Feb:2023 12:12:00.700  Info            One Minute Candle scrips count: 0
07:Feb:2023 12:12:00.700  Info            One Minute Candle scrips count: 0
07:Feb:2023 12:12:00.700  Info            One Minute Candle scrips count: 0
07:Feb:2023 12:12:00.700  Info            One Minute Candle scrips count: 0
07:Feb:2023 12:13:00.997  Info            One Minute Candle update called
07:Feb:2023 12:13:00.997  Info            One Minute Candle scrips count: 0
07:Feb:2023 12:13:00.997  Info            One Minute Candle scrips count: 0
07:Feb:2023 12:13:00.997  Info            One Minute Candle scrips count: 0
07:Feb:2023 12:13:00.997  Info            One Minute Candle scrips count: 0
07:Feb:2023 12:13:00.997  Info            One Minute Candle scrips count: 0
07:Feb:2023 12:13:00.997  Info            One Minute Candle scrips count: 0
07:Feb:2023 12:13:00.997  Info            One Minute Candle scrips count: 0
07:Feb:2023 12:13:00.997  Info            One Minute Candle scrips count: 0
07:Feb:2023 12:13:00.997  Info            One Minute Candle scrips count: 0
07:Feb:2023 12:13:00.997  Info            One Minute Candle scrips count: 0
07:Feb:2023 12:14:01.279  Info            One Minute Candle update called
07:Feb:2023 12:14:01.279  Info            One Minute Candle scrips count: 0
07:Feb:2023 12:14:01.279  Info            One Minute Candle scrips count: 0
07:Feb:2023 12:14:01.279  Info            One Minute Candle scrips count: 0
07:Feb:2023 12:14:01.279  Info            One Minute Candle scrips count: 0
07:Feb:2023 12:14:01.279  Info            One Minute Candle scrips count: 0
07:Feb:2023 12:14:01.279  Info            One Minute Candle scrips count: 0
07:Feb:2023 12:14:01.279  Info            One Minute Candle scrips count: 0
07:Feb:2023 12:14:01.279  Info            One Minute Candle scrips count: 0
07:Feb:2023 12:14:01.279  Info            One Minute Candle scrips count: 0
07:Feb:2023 12:14:01.279  Info            One Minute Candle scrips count: 0
07:Feb:2023 12:15:01.544  Info            One Minute Candle update called
07:Feb:2023 12:15:01.544  Info            One Minute Candle scrips count: 0
07:Feb:2023 12:15:01.544  Info            One Minute Candle scrips count: 0
07:Feb:2023 12:15:01.544  Info            One Minute Candle scrips count: 0
07:Feb:2023 12:15:01.544  Info            One Minute Candle scrips count: 0
07:Feb:2023 12:15:01.544  Info            One Minute Candle scrips count: 0
07:Feb:2023 12:15:01.544  Info            One Minute Candle scrips count: 0
07:Feb:2023 12:15:01.544  Info            One Minute Candle scrips count: 0
07:Feb:2023 12:15:01.544  Info            One Minute Candle scrips count: 0
07:Feb:2023 12:15:01.544  Info            One Minute Candle scrips count: 0
07:Feb:2023 12:15:01.544  Info            One Minute Candle scrips count: 0
07:Feb:2023 12:16:00.825  Info            One Minute Candle update called
07:Feb:2023 12:16:00.825  Info            One Minute Candle scrips count: 0
07:Feb:2023 12:16:00.825  Info            One Minute Candle scrips count: 0
07:Feb:2023 12:16:00.825  Info            One Minute Candle scrips count: 0
07:Feb:2023 12:16:00.825  Info            One Minute Candle scrips count: 0
07:Feb:2023 12:16:00.825  Info            One Minute Candle scrips count: 0
07:Feb:2023 12:16:00.825  Info            One Minute Candle scrips count: 0
07:Feb:2023 12:16:00.825  Info            One Minute Candle scrips count: 0
07:Feb:2023 12:16:00.825  Info            One Minute Candle scrips count: 0
07:Feb:2023 12:16:00.825  Info            One Minute Candle scrips count: 0
07:Feb:2023 12:16:00.825  Info            One Minute Candle scrips count: 0
07:Feb:2023 12:17:01.168  Info            One Minute Candle update called
07:Feb:2023 12:17:01.168  Info            One Minute Candle scrips count: 0
07:Feb:2023 12:17:01.168  Info            One Minute Candle scrips count: 0
07:Feb:2023 12:17:01.168  Info            One Minute Candle scrips count: 0
07:Feb:2023 12:17:01.168  Info            One Minute Candle scrips count: 0
07:Feb:2023 12:17:01.168  Info            One Minute Candle scrips count: 0
07:Feb:2023 12:17:01.168  Info            One Minute Candle scrips count: 0
07:Feb:2023 12:17:01.168  Info            One Minute Candle scrips count: 0
07:Feb:2023 12:17:01.168  Info            One Minute Candle scrips count: 0
07:Feb:2023 12:17:01.168  Info            One Minute Candle scrips count: 0
07:Feb:2023 12:17:01.168  Info            One Minute Candle scrips count: 0
07:Feb:2023 12:18:01.482  Info            One Minute Candle update called
07:Feb:2023 12:18:01.482  Info            One Minute Candle scrips count: 0
07:Feb:2023 12:18:01.482  Info            One Minute Candle scrips count: 0
07:Feb:2023 12:18:01.482  Info            One Minute Candle scrips count: 0
07:Feb:2023 12:18:01.482  Info            One Minute Candle scrips count: 0
07:Feb:2023 12:18:01.482  Info            One Minute Candle scrips count: 0
07:Feb:2023 12:18:01.482  Info            One Minute Candle scrips count: 0
07:Feb:2023 12:18:01.482  Info            One Minute Candle scrips count: 0
07:Feb:2023 12:18:01.482  Info            One Minute Candle scrips count: 0
07:Feb:2023 12:18:01.482  Info            One Minute Candle scrips count: 0
07:Feb:2023 12:18:01.482  Info            One Minute Candle scrips count: 0
07:Feb:2023 12:19:00.778  Info            One Minute Candle update called
07:Feb:2023 12:19:00.778  Info            One Minute Candle scrips count: 0
07:Feb:2023 12:19:00.778  Info            One Minute Candle scrips count: 0
07:Feb:2023 12:19:00.778  Info            One Minute Candle scrips count: 0
07:Feb:2023 12:19:00.778  Info            One Minute Candle scrips count: 0
07:Feb:2023 12:19:00.778  Info            One Minute Candle scrips count: 0
07:Feb:2023 12:19:00.778  Info            One Minute Candle scrips count: 0
07:Feb:2023 12:19:00.778  Info            One Minute Candle scrips count: 0
07:Feb:2023 12:19:00.778  Info            One Minute Candle scrips count: 0
07:Feb:2023 12:19:00.778  Info            One Minute Candle scrips count: 0
07:Feb:2023 12:19:00.778  Info            One Minute Candle scrips count: 0
07:Feb:2023 12:20:00.965  Info            One Minute Candle update called
07:Feb:2023 12:20:00.965  Info            One Minute Candle scrips count: 0
07:Feb:2023 12:20:00.965  Info            One Minute Candle scrips count: 0
07:Feb:2023 12:20:00.965  Info            One Minute Candle scrips count: 0
07:Feb:2023 12:20:00.965  Info            One Minute Candle scrips count: 0
07:Feb:2023 12:20:00.965  Info            One Minute Candle scrips count: 0
07:Feb:2023 12:20:00.965  Info            One Minute Candle scrips count: 0
07:Feb:2023 12:20:00.965  Info            One Minute Candle scrips count: 0
07:Feb:2023 12:20:00.965  Info            One Minute Candle scrips count: 0
07:Feb:2023 12:20:00.965  Info            One Minute Candle scrips count: 0
07:Feb:2023 12:20:00.965  Info            One Minute Candle scrips count: 0
07:Feb:2023 12:21:01.294  Info            One Minute Candle update called
07:Feb:2023 12:21:01.294  Info            One Minute Candle scrips count: 0
07:Feb:2023 12:21:01.294  Info            One Minute Candle scrips count: 0
07:Feb:2023 12:21:01.294  Info            One Minute Candle scrips count: 0
07:Feb:2023 12:21:01.294  Info            One Minute Candle scrips count: 0
07:Feb:2023 12:21:01.294  Info            One Minute Candle scrips count: 0
07:Feb:2023 12:21:01.294  Info            One Minute Candle scrips count: 0
07:Feb:2023 12:21:01.294  Info            One Minute Candle scrips count: 0
07:Feb:2023 12:21:01.294  Info            One Minute Candle scrips count: 0
07:Feb:2023 12:21:01.294  Info            One Minute Candle scrips count: 0
07:Feb:2023 12:21:01.294  Info            One Minute Candle scrips count: 0
07:Feb:2023 12:22:00.919  Info            One Minute Candle update called
07:Feb:2023 12:22:00.919  Info            One Minute Candle scrips count: 0
07:Feb:2023 12:22:00.919  Info            One Minute Candle scrips count: 0
07:Feb:2023 12:22:00.919  Info            One Minute Candle scrips count: 0
07:Feb:2023 12:22:00.919  Info            One Minute Candle scrips count: 0
07:Feb:2023 12:22:00.919  Info            One Minute Candle scrips count: 0
07:Feb:2023 12:22:00.919  Info            One Minute Candle scrips count: 0
07:Feb:2023 12:22:00.919  Info            One Minute Candle scrips count: 0
07:Feb:2023 12:22:00.919  Info            One Minute Candle scrips count: 0
07:Feb:2023 12:22:00.919  Info            One Minute Candle scrips count: 0
07:Feb:2023 12:22:00.919  Info            One Minute Candle scrips count: 0
07:Feb:2023 12:23:01.199  Info            One Minute Candle update called
07:Feb:2023 12:23:01.200  Info            One Minute Candle scrips count: 0
07:Feb:2023 12:23:01.200  Info            One Minute Candle scrips count: 0
07:Feb:2023 12:23:01.200  Info            One Minute Candle scrips count: 0
07:Feb:2023 12:23:01.200  Info            One Minute Candle scrips count: 0
07:Feb:2023 12:23:01.200  Info            One Minute Candle scrips count: 0
07:Feb:2023 12:23:01.200  Info            One Minute Candle scrips count: 0
07:Feb:2023 12:23:01.200  Info            One Minute Candle scrips count: 0
07:Feb:2023 12:23:01.200  Info            One Minute Candle scrips count: 0
07:Feb:2023 12:23:01.200  Info            One Minute Candle scrips count: 0
07:Feb:2023 12:23:01.200  Info            One Minute Candle scrips count: 0
07:Feb:2023 12:24:00.857  Info            One Minute Candle update called
07:Feb:2023 12:24:00.857  Info            One Minute Candle scrips count: 0
07:Feb:2023 12:24:00.857  Info            One Minute Candle scrips count: 0
07:Feb:2023 12:24:00.857  Info            One Minute Candle scrips count: 0
07:Feb:2023 12:24:00.857  Info            One Minute Candle scrips count: 0
07:Feb:2023 12:24:00.857  Info            One Minute Candle scrips count: 0
07:Feb:2023 12:24:00.857  Info            One Minute Candle scrips count: 0
07:Feb:2023 12:24:00.857  Info            One Minute Candle scrips count: 0
07:Feb:2023 12:24:00.857  Info            One Minute Candle scrips count: 0
07:Feb:2023 12:24:00.857  Info            One Minute Candle scrips count: 0
07:Feb:2023 12:24:00.857  Info            One Minute Candle scrips count: 0
07:Feb:2023 12:25:01.153  Info            One Minute Candle update called
07:Feb:2023 12:25:01.153  Info            One Minute Candle scrips count: 0
07:Feb:2023 12:25:01.153  Info            One Minute Candle scrips count: 0
07:Feb:2023 12:25:01.153  Info            One Minute Candle scrips count: 0
07:Feb:2023 12:25:01.153  Info            One Minute Candle scrips count: 0
07:Feb:2023 12:25:01.153  Info            One Minute Candle scrips count: 0
07:Feb:2023 12:25:01.153  Info            One Minute Candle scrips count: 0
07:Feb:2023 12:25:01.153  Info            One Minute Candle scrips count: 0
07:Feb:2023 12:25:01.153  Info            One Minute Candle scrips count: 0
07:Feb:2023 12:25:01.153  Info            One Minute Candle scrips count: 0
07:Feb:2023 12:25:01.153  Info            One Minute Candle scrips count: 0
07:Feb:2023 12:26:00.965  Info            One Minute Candle update called
07:Feb:2023 12:26:00.965  Info            One Minute Candle scrips count: 0
07:Feb:2023 12:26:00.965  Info            One Minute Candle scrips count: 0
07:Feb:2023 12:26:00.965  Info            One Minute Candle scrips count: 0
07:Feb:2023 12:26:00.965  Info            One Minute Candle scrips count: 0
07:Feb:2023 12:26:00.965  Info            One Minute Candle scrips count: 0
07:Feb:2023 12:26:00.965  Info            One Minute Candle scrips count: 0
07:Feb:2023 12:26:00.965  Info            One Minute Candle scrips count: 0
07:Feb:2023 12:26:00.965  Info            One Minute Candle scrips count: 0
07:Feb:2023 12:26:00.965  Info            One Minute Candle scrips count: 0
07:Feb:2023 12:26:00.965  Info            One Minute Candle scrips count: 0
07:Feb:2023 12:27:01.294  Info            One Minute Candle update called
07:Feb:2023 12:27:01.294  Info            One Minute Candle scrips count: 0
07:Feb:2023 12:27:01.294  Info            One Minute Candle scrips count: 0
07:Feb:2023 12:27:01.294  Info            One Minute Candle scrips count: 0
07:Feb:2023 12:27:01.294  Info            One Minute Candle scrips count: 0
07:Feb:2023 12:27:01.294  Info            One Minute Candle scrips count: 0
07:Feb:2023 12:27:01.294  Info            One Minute Candle scrips count: 0
07:Feb:2023 12:27:01.294  Info            One Minute Candle scrips count: 0
07:Feb:2023 12:27:01.294  Info            One Minute Candle scrips count: 0
07:Feb:2023 12:27:01.294  Info            One Minute Candle scrips count: 0
07:Feb:2023 12:27:01.294  Info            One Minute Candle scrips count: 0
07:Feb:2023 12:28:00.778  Info            One Minute Candle update called
07:Feb:2023 12:28:00.778  Info            One Minute Candle scrips count: 0
07:Feb:2023 12:28:00.778  Info            One Minute Candle scrips count: 0
07:Feb:2023 12:28:00.778  Info            One Minute Candle scrips count: 0
07:Feb:2023 12:28:00.778  Info            One Minute Candle scrips count: 0
07:Feb:2023 12:28:00.778  Info            One Minute Candle scrips count: 0
07:Feb:2023 12:28:00.778  Info            One Minute Candle scrips count: 0
07:Feb:2023 12:28:00.778  Info            One Minute Candle scrips count: 0
07:Feb:2023 12:28:00.778  Info            One Minute Candle scrips count: 0
07:Feb:2023 12:28:00.778  Info            One Minute Candle scrips count: 0
07:Feb:2023 12:28:00.778  Info            One Minute Candle scrips count: 0
07:Feb:2023 12:29:01.169  Info            One Minute Candle update called
07:Feb:2023 12:29:01.169  Info            One Minute Candle scrips count: 0
07:Feb:2023 12:29:01.169  Info            One Minute Candle scrips count: 0
07:Feb:2023 12:29:01.169  Info            One Minute Candle scrips count: 0
07:Feb:2023 12:29:01.169  Info            One Minute Candle scrips count: 0
07:Feb:2023 12:29:01.169  Info            One Minute Candle scrips count: 0
07:Feb:2023 12:29:01.169  Info            One Minute Candle scrips count: 0
07:Feb:2023 12:29:01.169  Info            One Minute Candle scrips count: 0
07:Feb:2023 12:29:01.169  Info            One Minute Candle scrips count: 0
07:Feb:2023 12:29:01.169  Info            One Minute Candle scrips count: 0
07:Feb:2023 12:29:01.169  Info            One Minute Candle scrips count: 0
07:Feb:2023 12:30:01.418  Info            One Minute Candle update called
07:Feb:2023 12:30:01.418  Info            One Minute Candle scrips count: 0
07:Feb:2023 12:30:01.418  Info            One Minute Candle scrips count: 0
07:Feb:2023 12:30:01.418  Info            One Minute Candle scrips count: 0
07:Feb:2023 12:30:01.418  Info            One Minute Candle scrips count: 0
07:Feb:2023 12:30:01.418  Info            One Minute Candle scrips count: 0
07:Feb:2023 12:30:01.418  Info            One Minute Candle scrips count: 0
07:Feb:2023 12:30:01.418  Info            One Minute Candle scrips count: 0
07:Feb:2023 12:30:01.418  Info            One Minute Candle scrips count: 0
07:Feb:2023 12:30:01.418  Info            One Minute Candle scrips count: 0
07:Feb:2023 12:30:01.418  Info            One Minute Candle scrips count: 0
07:Feb:2023 12:31:00.715  Info            One Minute Candle update called
07:Feb:2023 12:31:00.715  Info            One Minute Candle scrips count: 0
07:Feb:2023 12:31:00.715  Info            One Minute Candle scrips count: 0
07:Feb:2023 12:31:00.715  Info            One Minute Candle scrips count: 0
07:Feb:2023 12:31:00.715  Info            One Minute Candle scrips count: 0
07:Feb:2023 12:31:00.715  Info            One Minute Candle scrips count: 0
07:Feb:2023 12:31:00.715  Info            One Minute Candle scrips count: 0
07:Feb:2023 12:31:00.715  Info            One Minute Candle scrips count: 0
07:Feb:2023 12:31:00.715  Info            One Minute Candle scrips count: 0
07:Feb:2023 12:31:00.715  Info            One Minute Candle scrips count: 0
07:Feb:2023 12:31:00.715  Info            One Minute Candle scrips count: 0
07:Feb:2023 12:32:02.388  Info            One Minute Candle update called
07:Feb:2023 12:32:02.388  Info            One Minute Candle scrips count: 0
07:Feb:2023 12:32:02.388  Info            One Minute Candle scrips count: 0
07:Feb:2023 12:32:02.388  Info            One Minute Candle scrips count: 0
07:Feb:2023 12:32:02.388  Info            One Minute Candle scrips count: 0
07:Feb:2023 12:32:02.388  Info            One Minute Candle scrips count: 0
07:Feb:2023 12:32:02.388  Info            One Minute Candle scrips count: 0
07:Feb:2023 12:32:02.388  Info            One Minute Candle scrips count: 0
07:Feb:2023 12:32:02.388  Info            One Minute Candle scrips count: 0
07:Feb:2023 12:32:02.388  Info            One Minute Candle scrips count: 0
07:Feb:2023 12:32:02.388  Info            One Minute Candle scrips count: 0
07:Feb:2023 12:33:00.669  Info            One Minute Candle update called
07:Feb:2023 12:33:00.669  Info            One Minute Candle scrips count: 0
07:Feb:2023 12:33:00.669  Info            One Minute Candle scrips count: 0
07:Feb:2023 12:33:00.669  Info            One Minute Candle scrips count: 0
07:Feb:2023 12:33:00.669  Info            One Minute Candle scrips count: 0
07:Feb:2023 12:33:00.669  Info            One Minute Candle scrips count: 0
07:Feb:2023 12:33:00.669  Info            One Minute Candle scrips count: 0
07:Feb:2023 12:33:00.669  Info            One Minute Candle scrips count: 0
07:Feb:2023 12:33:00.669  Info            One Minute Candle scrips count: 0
07:Feb:2023 12:33:00.669  Info            One Minute Candle scrips count: 0
07:Feb:2023 12:33:00.669  Info            One Minute Candle scrips count: 0
07:Feb:2023 12:34:00.903  Info            One Minute Candle update called
07:Feb:2023 12:34:00.903  Info            One Minute Candle scrips count: 0
07:Feb:2023 12:34:00.903  Info            One Minute Candle scrips count: 0
07:Feb:2023 12:34:00.903  Info            One Minute Candle scrips count: 0
07:Feb:2023 12:34:00.903  Info            One Minute Candle scrips count: 0
07:Feb:2023 12:34:00.903  Info            One Minute Candle scrips count: 0
07:Feb:2023 12:34:00.903  Info            One Minute Candle scrips count: 0
07:Feb:2023 12:34:00.903  Info            One Minute Candle scrips count: 0
07:Feb:2023 12:34:00.903  Info            One Minute Candle scrips count: 0
07:Feb:2023 12:34:00.903  Info            One Minute Candle scrips count: 0
07:Feb:2023 12:34:00.903  Info            One Minute Candle scrips count: 0
07:Feb:2023 12:35:01.169  Info            One Minute Candle update called
07:Feb:2023 12:35:01.169  Info            One Minute Candle scrips count: 0
07:Feb:2023 12:35:01.169  Info            One Minute Candle scrips count: 0
07:Feb:2023 12:35:01.169  Info            One Minute Candle scrips count: 0
07:Feb:2023 12:35:01.169  Info            One Minute Candle scrips count: 0
07:Feb:2023 12:35:01.169  Info            One Minute Candle scrips count: 0
07:Feb:2023 12:35:01.169  Info            One Minute Candle scrips count: 0
07:Feb:2023 12:35:01.169  Info            One Minute Candle scrips count: 0
07:Feb:2023 12:35:01.169  Info            One Minute Candle scrips count: 0
07:Feb:2023 12:35:01.169  Info            One Minute Candle scrips count: 0
07:Feb:2023 12:35:01.169  Info            One Minute Candle scrips count: 0
07:Feb:2023 12:36:01.449  Info            One Minute Candle update called
07:Feb:2023 12:36:01.449  Info            One Minute Candle scrips count: 0
07:Feb:2023 12:36:01.449  Info            One Minute Candle scrips count: 0
07:Feb:2023 12:36:01.449  Info            One Minute Candle scrips count: 0
07:Feb:2023 12:36:01.449  Info            One Minute Candle scrips count: 0
07:Feb:2023 12:36:01.449  Info            One Minute Candle scrips count: 0
07:Feb:2023 12:36:01.449  Info            One Minute Candle scrips count: 0
07:Feb:2023 12:36:01.449  Info            One Minute Candle scrips count: 0
07:Feb:2023 12:36:01.449  Info            One Minute Candle scrips count: 0
07:Feb:2023 12:36:01.449  Info            One Minute Candle scrips count: 0
07:Feb:2023 12:36:01.449  Info            One Minute Candle scrips count: 0
07:Feb:2023 12:37:01.918  Info            One Minute Candle update called
07:Feb:2023 12:37:01.918  Info            One Minute Candle scrips count: 0
07:Feb:2023 12:37:01.918  Info            One Minute Candle scrips count: 0
07:Feb:2023 12:37:01.918  Info            One Minute Candle scrips count: 0
07:Feb:2023 12:37:01.918  Info            One Minute Candle scrips count: 0
07:Feb:2023 12:37:01.918  Info            One Minute Candle scrips count: 0
07:Feb:2023 12:37:01.918  Info            One Minute Candle scrips count: 0
07:Feb:2023 12:37:01.918  Info            One Minute Candle scrips count: 0
07:Feb:2023 12:37:01.918  Info            One Minute Candle scrips count: 0
07:Feb:2023 12:37:01.918  Info            One Minute Candle scrips count: 0
07:Feb:2023 12:37:01.918  Info            One Minute Candle scrips count: 0
07:Feb:2023 12:38:01.215  Info            One Minute Candle update called
07:Feb:2023 12:38:01.215  Info            One Minute Candle scrips count: 0
07:Feb:2023 12:38:01.215  Info            One Minute Candle scrips count: 0
07:Feb:2023 12:38:01.215  Info            One Minute Candle scrips count: 0
07:Feb:2023 12:38:01.215  Info            One Minute Candle scrips count: 0
07:Feb:2023 12:38:01.215  Info            One Minute Candle scrips count: 0
07:Feb:2023 12:38:01.215  Info            One Minute Candle scrips count: 0
07:Feb:2023 12:38:01.215  Info            One Minute Candle scrips count: 0
07:Feb:2023 12:38:01.215  Info            One Minute Candle scrips count: 0
07:Feb:2023 12:38:01.215  Info            One Minute Candle scrips count: 0
07:Feb:2023 12:38:01.215  Info            One Minute Candle scrips count: 0
07:Feb:2023 12:39:00.732  Info            One Minute Candle update called
07:Feb:2023 12:39:00.732  Info            One Minute Candle scrips count: 0
07:Feb:2023 12:39:00.732  Info            One Minute Candle scrips count: 0
07:Feb:2023 12:39:00.732  Info            One Minute Candle scrips count: 0
07:Feb:2023 12:39:00.732  Info            One Minute Candle scrips count: 0
07:Feb:2023 12:39:00.732  Info            One Minute Candle scrips count: 0
07:Feb:2023 12:39:00.732  Info            One Minute Candle scrips count: 0
07:Feb:2023 12:39:00.732  Info            One Minute Candle scrips count: 0
07:Feb:2023 12:39:00.732  Info            One Minute Candle scrips count: 0
07:Feb:2023 12:39:00.732  Info            One Minute Candle scrips count: 0
07:Feb:2023 12:39:00.732  Info            One Minute Candle scrips count: 0
07:Feb:2023 12:40:01.404  Info            One Minute Candle update called
07:Feb:2023 12:40:01.404  Info            One Minute Candle scrips count: 0
07:Feb:2023 12:40:01.404  Info            One Minute Candle scrips count: 0
07:Feb:2023 12:40:01.404  Info            One Minute Candle scrips count: 0
07:Feb:2023 12:40:01.404  Info            One Minute Candle scrips count: 0
07:Feb:2023 12:40:01.404  Info            One Minute Candle scrips count: 0
07:Feb:2023 12:40:01.404  Info            One Minute Candle scrips count: 0
07:Feb:2023 12:40:01.404  Info            One Minute Candle scrips count: 0
07:Feb:2023 12:40:01.404  Info            One Minute Candle scrips count: 0
07:Feb:2023 12:40:01.404  Info            One Minute Candle scrips count: 0
07:Feb:2023 12:40:01.404  Info            One Minute Candle scrips count: 0
07:Feb:2023 12:41:00.762  Info            One Minute Candle update called
07:Feb:2023 12:41:00.762  Info            One Minute Candle scrips count: 0
07:Feb:2023 12:41:00.762  Info            One Minute Candle scrips count: 0
07:Feb:2023 12:41:00.762  Info            One Minute Candle scrips count: 0
07:Feb:2023 12:41:00.762  Info            One Minute Candle scrips count: 0
07:Feb:2023 12:41:00.762  Info            One Minute Candle scrips count: 0
07:Feb:2023 12:41:00.762  Info            One Minute Candle scrips count: 0
07:Feb:2023 12:41:00.762  Info            One Minute Candle scrips count: 0
07:Feb:2023 12:41:00.762  Info            One Minute Candle scrips count: 0
07:Feb:2023 12:41:00.762  Info            One Minute Candle scrips count: 0
07:Feb:2023 12:41:00.762  Info            One Minute Candle scrips count: 0
07:Feb:2023 12:42:01.106  Info            One Minute Candle update called
07:Feb:2023 12:42:01.106  Info            One Minute Candle scrips count: 0
07:Feb:2023 12:42:01.106  Info            One Minute Candle scrips count: 0
07:Feb:2023 12:42:01.106  Info            One Minute Candle scrips count: 0
07:Feb:2023 12:42:01.106  Info            One Minute Candle scrips count: 0
07:Feb:2023 12:42:01.106  Info            One Minute Candle scrips count: 0
07:Feb:2023 12:42:01.106  Info            One Minute Candle scrips count: 0
07:Feb:2023 12:42:01.106  Info            One Minute Candle scrips count: 0
07:Feb:2023 12:42:01.106  Info            One Minute Candle scrips count: 0
07:Feb:2023 12:42:01.106  Info            One Minute Candle scrips count: 0
07:Feb:2023 12:42:01.106  Info            One Minute Candle scrips count: 0
07:Feb:2023 12:43:01.278  Info            One Minute Candle update called
07:Feb:2023 12:43:01.278  Info            One Minute Candle scrips count: 0
07:Feb:2023 12:43:01.278  Info            One Minute Candle scrips count: 0
07:Feb:2023 12:43:01.278  Info            One Minute Candle scrips count: 0
07:Feb:2023 12:43:01.278  Info            One Minute Candle scrips count: 0
07:Feb:2023 12:43:01.278  Info            One Minute Candle scrips count: 0
07:Feb:2023 12:43:01.278  Info            One Minute Candle scrips count: 0
07:Feb:2023 12:43:01.278  Info            One Minute Candle scrips count: 0
07:Feb:2023 12:43:01.278  Info            One Minute Candle scrips count: 0
07:Feb:2023 12:43:01.278  Info            One Minute Candle scrips count: 0
07:Feb:2023 12:43:01.278  Info            One Minute Candle scrips count: 0
07:Feb:2023 12:44:00.671  Info            One Minute Candle update called
07:Feb:2023 12:44:00.671  Info            One Minute Candle scrips count: 0
07:Feb:2023 12:44:00.671  Info            One Minute Candle scrips count: 0
07:Feb:2023 12:44:00.671  Info            One Minute Candle scrips count: 0
07:Feb:2023 12:44:00.671  Info            One Minute Candle scrips count: 0
07:Feb:2023 12:44:00.671  Info            One Minute Candle scrips count: 0
07:Feb:2023 12:44:00.671  Info            One Minute Candle scrips count: 0
07:Feb:2023 12:44:00.671  Info            One Minute Candle scrips count: 0
07:Feb:2023 12:44:00.671  Info            One Minute Candle scrips count: 0
07:Feb:2023 12:44:00.671  Info            One Minute Candle scrips count: 0
07:Feb:2023 12:44:00.671  Info            One Minute Candle scrips count: 0
07:Feb:2023 12:45:00.950  Info            One Minute Candle update called
07:Feb:2023 12:45:00.950  Info            One Minute Candle scrips count: 0
07:Feb:2023 12:45:00.950  Info            One Minute Candle scrips count: 0
07:Feb:2023 12:45:00.950  Info            One Minute Candle scrips count: 0
07:Feb:2023 12:45:00.950  Info            One Minute Candle scrips count: 0
07:Feb:2023 12:45:00.950  Info            One Minute Candle scrips count: 0
07:Feb:2023 12:45:00.950  Info            One Minute Candle scrips count: 0
07:Feb:2023 12:45:00.950  Info            One Minute Candle scrips count: 0
07:Feb:2023 12:45:00.950  Info            One Minute Candle scrips count: 0
07:Feb:2023 12:45:00.950  Info            One Minute Candle scrips count: 0
07:Feb:2023 12:45:00.950  Info            One Minute Candle scrips count: 0
07:Feb:2023 12:46:01.246  Info            One Minute Candle update called
07:Feb:2023 12:46:01.246  Info            One Minute Candle scrips count: 0
07:Feb:2023 12:46:01.246  Info            One Minute Candle scrips count: 0
07:Feb:2023 12:46:01.246  Info            One Minute Candle scrips count: 0
07:Feb:2023 12:46:01.246  Info            One Minute Candle scrips count: 0
07:Feb:2023 12:46:01.246  Info            One Minute Candle scrips count: 0
07:Feb:2023 12:46:01.246  Info            One Minute Candle scrips count: 0
07:Feb:2023 12:46:01.246  Info            One Minute Candle scrips count: 0
07:Feb:2023 12:46:01.246  Info            One Minute Candle scrips count: 0
07:Feb:2023 12:46:01.246  Info            One Minute Candle scrips count: 0
07:Feb:2023 12:46:01.246  Info            One Minute Candle scrips count: 0
07:Feb:2023 12:47:00.622  Info            One Minute Candle update called
07:Feb:2023 12:47:00.622  Info            One Minute Candle scrips count: 0
07:Feb:2023 12:47:00.622  Info            One Minute Candle scrips count: 0
07:Feb:2023 12:47:00.622  Info            One Minute Candle scrips count: 0
07:Feb:2023 12:47:00.622  Info            One Minute Candle scrips count: 0
07:Feb:2023 12:47:00.622  Info            One Minute Candle scrips count: 0
07:Feb:2023 12:47:00.622  Info            One Minute Candle scrips count: 0
07:Feb:2023 12:47:00.622  Info            One Minute Candle scrips count: 0
07:Feb:2023 12:47:00.622  Info            One Minute Candle scrips count: 0
07:Feb:2023 12:47:00.622  Info            One Minute Candle scrips count: 0
07:Feb:2023 12:47:00.622  Info            One Minute Candle scrips count: 0
07:Feb:2023 12:48:00.966  Info            One Minute Candle update called
07:Feb:2023 12:48:00.966  Info            One Minute Candle scrips count: 0
07:Feb:2023 12:48:00.966  Info            One Minute Candle scrips count: 0
07:Feb:2023 12:48:00.966  Info            One Minute Candle scrips count: 0
07:Feb:2023 12:48:00.966  Info            One Minute Candle scrips count: 0
07:Feb:2023 12:48:00.966  Info            One Minute Candle scrips count: 0
07:Feb:2023 12:48:00.966  Info            One Minute Candle scrips count: 0
07:Feb:2023 12:48:00.966  Info            One Minute Candle scrips count: 0
07:Feb:2023 12:48:00.966  Info            One Minute Candle scrips count: 0
07:Feb:2023 12:48:00.966  Info            One Minute Candle scrips count: 0
07:Feb:2023 12:48:00.966  Info            One Minute Candle scrips count: 0
07:Feb:2023 12:49:01.326  Info            One Minute Candle update called
07:Feb:2023 12:49:01.326  Info            One Minute Candle scrips count: 0
07:Feb:2023 12:49:01.326  Info            One Minute Candle scrips count: 0
07:Feb:2023 12:49:01.326  Info            One Minute Candle scrips count: 0
07:Feb:2023 12:49:01.326  Info            One Minute Candle scrips count: 0
07:Feb:2023 12:49:01.326  Info            One Minute Candle scrips count: 0
07:Feb:2023 12:49:01.326  Info            One Minute Candle scrips count: 0
07:Feb:2023 12:49:01.326  Info            One Minute Candle scrips count: 0
07:Feb:2023 12:49:01.326  Info            One Minute Candle scrips count: 0
07:Feb:2023 12:49:01.326  Info            One Minute Candle scrips count: 0
07:Feb:2023 12:49:01.326  Info            One Minute Candle scrips count: 0
07:Feb:2023 12:50:00.872  Info            One Minute Candle update called
07:Feb:2023 12:50:00.872  Info            One Minute Candle scrips count: 0
07:Feb:2023 12:50:00.872  Info            One Minute Candle scrips count: 0
07:Feb:2023 12:50:00.872  Info            One Minute Candle scrips count: 0
07:Feb:2023 12:50:00.872  Info            One Minute Candle scrips count: 0
07:Feb:2023 12:50:00.872  Info            One Minute Candle scrips count: 0
07:Feb:2023 12:50:00.872  Info            One Minute Candle scrips count: 0
07:Feb:2023 12:50:00.872  Info            One Minute Candle scrips count: 0
07:Feb:2023 12:50:00.872  Info            One Minute Candle scrips count: 0
07:Feb:2023 12:50:00.872  Info            One Minute Candle scrips count: 0
07:Feb:2023 12:50:00.872  Info            One Minute Candle scrips count: 0
07:Feb:2023 12:51:01.294  Info            One Minute Candle update called
07:Feb:2023 12:51:01.294  Info            One Minute Candle scrips count: 0
07:Feb:2023 12:51:01.294  Info            One Minute Candle scrips count: 0
07:Feb:2023 12:51:01.294  Info            One Minute Candle scrips count: 0
07:Feb:2023 12:51:01.294  Info            One Minute Candle scrips count: 0
07:Feb:2023 12:51:01.294  Info            One Minute Candle scrips count: 0
07:Feb:2023 12:51:01.294  Info            One Minute Candle scrips count: 0
07:Feb:2023 12:51:01.294  Info            One Minute Candle scrips count: 0
07:Feb:2023 12:51:01.294  Info            One Minute Candle scrips count: 0
07:Feb:2023 12:51:01.294  Info            One Minute Candle scrips count: 0
07:Feb:2023 12:51:01.294  Info            One Minute Candle scrips count: 0
07:Feb:2023 12:52:00.591  Info            One Minute Candle update called
07:Feb:2023 12:52:00.591  Info            One Minute Candle scrips count: 0
07:Feb:2023 12:52:00.591  Info            One Minute Candle scrips count: 0
07:Feb:2023 12:52:00.591  Info            One Minute Candle scrips count: 0
07:Feb:2023 12:52:00.591  Info            One Minute Candle scrips count: 0
07:Feb:2023 12:52:00.591  Info            One Minute Candle scrips count: 0
07:Feb:2023 12:52:00.591  Info            One Minute Candle scrips count: 0
07:Feb:2023 12:52:00.591  Info            One Minute Candle scrips count: 0
07:Feb:2023 12:52:00.591  Info            One Minute Candle scrips count: 0
07:Feb:2023 12:52:00.591  Info            One Minute Candle scrips count: 0
07:Feb:2023 12:52:00.591  Info            One Minute Candle scrips count: 0
07:Feb:2023 12:53:01.310  Info            One Minute Candle update called
07:Feb:2023 12:53:01.310  Info            One Minute Candle scrips count: 0
07:Feb:2023 12:53:01.310  Info            One Minute Candle scrips count: 0
07:Feb:2023 12:53:01.310  Info            One Minute Candle scrips count: 0
07:Feb:2023 12:53:01.310  Info            One Minute Candle scrips count: 0
07:Feb:2023 12:53:01.311  Info            One Minute Candle scrips count: 0
07:Feb:2023 12:53:01.311  Info            One Minute Candle scrips count: 0
07:Feb:2023 12:53:01.311  Info            One Minute Candle scrips count: 0
07:Feb:2023 12:53:01.311  Info            One Minute Candle scrips count: 0
07:Feb:2023 12:53:01.311  Info            One Minute Candle scrips count: 0
07:Feb:2023 12:53:01.311  Info            One Minute Candle scrips count: 0
07:Feb:2023 12:54:00.576  Info            One Minute Candle update called
07:Feb:2023 12:54:00.576  Info            One Minute Candle scrips count: 0
07:Feb:2023 12:54:00.576  Info            One Minute Candle scrips count: 0
07:Feb:2023 12:54:00.576  Info            One Minute Candle scrips count: 0
07:Feb:2023 12:54:00.576  Info            One Minute Candle scrips count: 0
07:Feb:2023 12:54:00.576  Info            One Minute Candle scrips count: 0
07:Feb:2023 12:54:00.576  Info            One Minute Candle scrips count: 0
07:Feb:2023 12:54:00.576  Info            One Minute Candle scrips count: 0
07:Feb:2023 12:54:00.576  Info            One Minute Candle scrips count: 0
07:Feb:2023 12:54:00.576  Info            One Minute Candle scrips count: 0
07:Feb:2023 12:54:00.576  Info            One Minute Candle scrips count: 0
07:Feb:2023 12:55:00.872  Info            One Minute Candle update called
07:Feb:2023 12:55:00.872  Info            One Minute Candle scrips count: 0
07:Feb:2023 12:55:00.872  Info            One Minute Candle scrips count: 0
07:Feb:2023 12:55:00.872  Info            One Minute Candle scrips count: 0
07:Feb:2023 12:55:00.872  Info            One Minute Candle scrips count: 0
07:Feb:2023 12:55:00.872  Info            One Minute Candle scrips count: 0
07:Feb:2023 12:55:00.872  Info            One Minute Candle scrips count: 0
07:Feb:2023 12:55:00.872  Info            One Minute Candle scrips count: 0
07:Feb:2023 12:55:00.872  Info            One Minute Candle scrips count: 0
07:Feb:2023 12:55:00.872  Info            One Minute Candle scrips count: 0
07:Feb:2023 12:55:00.872  Info            One Minute Candle scrips count: 0
07:Feb:2023 12:56:01.169  Info            One Minute Candle update called
07:Feb:2023 12:56:01.169  Info            One Minute Candle scrips count: 0
07:Feb:2023 12:56:01.169  Info            One Minute Candle scrips count: 0
07:Feb:2023 12:56:01.169  Info            One Minute Candle scrips count: 0
07:Feb:2023 12:56:01.169  Info            One Minute Candle scrips count: 0
07:Feb:2023 12:56:01.169  Info            One Minute Candle scrips count: 0
07:Feb:2023 12:56:01.169  Info            One Minute Candle scrips count: 0
07:Feb:2023 12:56:01.169  Info            One Minute Candle scrips count: 0
07:Feb:2023 12:56:01.169  Info            One Minute Candle scrips count: 0
07:Feb:2023 12:56:01.169  Info            One Minute Candle scrips count: 0
07:Feb:2023 12:56:01.169  Info            One Minute Candle scrips count: 0
07:Feb:2023 12:57:01.247  Info            One Minute Candle update called
07:Feb:2023 12:57:01.247  Info            One Minute Candle scrips count: 0
07:Feb:2023 12:57:01.247  Info            One Minute Candle scrips count: 0
07:Feb:2023 12:57:01.247  Info            One Minute Candle scrips count: 0
07:Feb:2023 12:57:01.247  Info            One Minute Candle scrips count: 0
07:Feb:2023 12:57:01.247  Info            One Minute Candle scrips count: 0
07:Feb:2023 12:57:01.247  Info            One Minute Candle scrips count: 0
07:Feb:2023 12:57:01.247  Info            One Minute Candle scrips count: 0
07:Feb:2023 12:57:01.247  Info            One Minute Candle scrips count: 0
07:Feb:2023 12:57:01.247  Info            One Minute Candle scrips count: 0
07:Feb:2023 12:57:01.247  Info            One Minute Candle scrips count: 0
07:Feb:2023 12:58:00.606  Info            One Minute Candle update called
07:Feb:2023 12:58:00.606  Info            One Minute Candle scrips count: 0
07:Feb:2023 12:58:00.606  Info            One Minute Candle scrips count: 0
07:Feb:2023 12:58:00.606  Info            One Minute Candle scrips count: 0
07:Feb:2023 12:58:00.606  Info            One Minute Candle scrips count: 0
07:Feb:2023 12:58:00.606  Info            One Minute Candle scrips count: 0
07:Feb:2023 12:58:00.606  Info            One Minute Candle scrips count: 0
07:Feb:2023 12:58:00.606  Info            One Minute Candle scrips count: 0
07:Feb:2023 12:58:00.606  Info            One Minute Candle scrips count: 0
07:Feb:2023 12:58:00.606  Info            One Minute Candle scrips count: 0
07:Feb:2023 12:58:00.606  Info            One Minute Candle scrips count: 0
07:Feb:2023 12:59:00.887  Info            One Minute Candle update called
07:Feb:2023 12:59:00.887  Info            One Minute Candle scrips count: 0
07:Feb:2023 12:59:00.887  Info            One Minute Candle scrips count: 0
07:Feb:2023 12:59:00.887  Info            One Minute Candle scrips count: 0
07:Feb:2023 12:59:00.887  Info            One Minute Candle scrips count: 0
07:Feb:2023 12:59:00.887  Info            One Minute Candle scrips count: 0
07:Feb:2023 12:59:00.887  Info            One Minute Candle scrips count: 0
07:Feb:2023 12:59:00.887  Info            One Minute Candle scrips count: 0
07:Feb:2023 12:59:00.887  Info            One Minute Candle scrips count: 0
07:Feb:2023 12:59:00.887  Info            One Minute Candle scrips count: 0
07:Feb:2023 12:59:00.887  Info            One Minute Candle scrips count: 0
07:Feb:2023 13:00:00.512  Info            One Minute Candle update called
07:Feb:2023 13:00:00.512  Info            One Minute Candle scrips count: 0
07:Feb:2023 13:00:00.512  Info            One Minute Candle scrips count: 0
07:Feb:2023 13:00:00.512  Info            One Minute Candle scrips count: 0
07:Feb:2023 13:00:00.512  Info            One Minute Candle scrips count: 0
07:Feb:2023 13:00:00.512  Info            One Minute Candle scrips count: 0
07:Feb:2023 13:00:00.512  Info            One Minute Candle scrips count: 0
07:Feb:2023 13:00:00.512  Info            One Minute Candle scrips count: 0
07:Feb:2023 13:00:00.512  Info            One Minute Candle scrips count: 0
07:Feb:2023 13:00:00.512  Info            One Minute Candle scrips count: 0
07:Feb:2023 13:00:00.512  Info            One Minute Candle scrips count: 0
07:Feb:2023 13:01:00.762  Info            One Minute Candle update called
07:Feb:2023 13:01:00.762  Info            One Minute Candle scrips count: 0
07:Feb:2023 13:01:00.762  Info            One Minute Candle scrips count: 0
07:Feb:2023 13:01:00.762  Info            One Minute Candle scrips count: 0
07:Feb:2023 13:01:00.762  Info            One Minute Candle scrips count: 0
07:Feb:2023 13:01:00.762  Info            One Minute Candle scrips count: 0
07:Feb:2023 13:01:00.762  Info            One Minute Candle scrips count: 0
07:Feb:2023 13:01:00.762  Info            One Minute Candle scrips count: 0
07:Feb:2023 13:01:00.762  Info            One Minute Candle scrips count: 0
07:Feb:2023 13:01:00.762  Info            One Minute Candle scrips count: 0
07:Feb:2023 13:01:00.762  Info            One Minute Candle scrips count: 0
07:Feb:2023 13:02:01.107  Info            One Minute Candle update called
07:Feb:2023 13:02:01.107  Info            One Minute Candle scrips count: 0
07:Feb:2023 13:02:01.107  Info            One Minute Candle scrips count: 0
07:Feb:2023 13:02:01.107  Info            One Minute Candle scrips count: 0
07:Feb:2023 13:02:01.107  Info            One Minute Candle scrips count: 0
07:Feb:2023 13:02:01.107  Info            One Minute Candle scrips count: 0
07:Feb:2023 13:02:01.107  Info            One Minute Candle scrips count: 0
07:Feb:2023 13:02:01.107  Info            One Minute Candle scrips count: 0
07:Feb:2023 13:02:01.107  Info            One Minute Candle scrips count: 0
07:Feb:2023 13:02:01.107  Info            One Minute Candle scrips count: 0
07:Feb:2023 13:02:01.107  Info            One Minute Candle scrips count: 0
07:Feb:2023 13:03:01.418  Info            One Minute Candle update called
07:Feb:2023 13:03:01.418  Info            One Minute Candle scrips count: 0
07:Feb:2023 13:03:01.418  Info            One Minute Candle scrips count: 0
07:Feb:2023 13:03:01.418  Info            One Minute Candle scrips count: 0
07:Feb:2023 13:03:01.418  Info            One Minute Candle scrips count: 0
07:Feb:2023 13:03:01.418  Info            One Minute Candle scrips count: 0
07:Feb:2023 13:03:01.418  Info            One Minute Candle scrips count: 0
07:Feb:2023 13:03:01.418  Info            One Minute Candle scrips count: 0
07:Feb:2023 13:03:01.418  Info            One Minute Candle scrips count: 0
07:Feb:2023 13:03:01.418  Info            One Minute Candle scrips count: 0
07:Feb:2023 13:03:01.418  Info            One Minute Candle scrips count: 0
07:Feb:2023 13:04:00.763  Info            One Minute Candle update called
07:Feb:2023 13:04:00.763  Info            One Minute Candle scrips count: 0
07:Feb:2023 13:04:00.763  Info            One Minute Candle scrips count: 0
07:Feb:2023 13:04:00.763  Info            One Minute Candle scrips count: 0
07:Feb:2023 13:04:00.763  Info            One Minute Candle scrips count: 0
07:Feb:2023 13:04:00.763  Info            One Minute Candle scrips count: 0
07:Feb:2023 13:04:00.763  Info            One Minute Candle scrips count: 0
07:Feb:2023 13:04:00.763  Info            One Minute Candle scrips count: 0
07:Feb:2023 13:04:00.763  Info            One Minute Candle scrips count: 0
07:Feb:2023 13:04:00.763  Info            One Minute Candle scrips count: 0
07:Feb:2023 13:04:00.763  Info            One Minute Candle scrips count: 0
07:Feb:2023 13:05:04.074  Info            One Minute Candle update called
07:Feb:2023 13:05:04.074  Info            One Minute Candle scrips count: 0
07:Feb:2023 13:05:04.074  Info            One Minute Candle scrips count: 0
07:Feb:2023 13:05:04.074  Info            One Minute Candle scrips count: 0
07:Feb:2023 13:05:04.074  Info            One Minute Candle scrips count: 0
07:Feb:2023 13:05:04.074  Info            One Minute Candle scrips count: 0
07:Feb:2023 13:05:04.074  Info            One Minute Candle scrips count: 0
07:Feb:2023 13:05:04.074  Info            One Minute Candle scrips count: 0
07:Feb:2023 13:05:04.074  Info            One Minute Candle scrips count: 0
07:Feb:2023 13:05:04.074  Info            One Minute Candle scrips count: 0
07:Feb:2023 13:05:04.074  Info            One Minute Candle scrips count: 0
07:Feb:2023 13:06:01.341  Info            One Minute Candle update called
07:Feb:2023 13:06:01.341  Info            One Minute Candle scrips count: 0
07:Feb:2023 13:06:01.341  Info            One Minute Candle scrips count: 0
07:Feb:2023 13:06:01.341  Info            One Minute Candle scrips count: 0
07:Feb:2023 13:06:01.341  Info            One Minute Candle scrips count: 0
07:Feb:2023 13:06:01.341  Info            One Minute Candle scrips count: 0
07:Feb:2023 13:06:01.341  Info            One Minute Candle scrips count: 0
07:Feb:2023 13:06:01.341  Info            One Minute Candle scrips count: 0
07:Feb:2023 13:06:01.341  Info            One Minute Candle scrips count: 0
07:Feb:2023 13:06:01.341  Info            One Minute Candle scrips count: 0
07:Feb:2023 13:06:01.341  Info            One Minute Candle scrips count: 0
07:Feb:2023 13:06:37.622  Info            REST REQUEST RECEIVED : ID:0 Type:6003, Data:{"ExchangeSegment":1,"ExchangeInstrumentId":3045,"StartTime":1675688796,"EndTime":1675947996,"CompressionValue":60}
07:Feb:2023 13:06:37.903  Info            REST REQUEST RECEIVED : ID:1 Type:6003, Data:{"ExchangeSegment":1,"ExchangeInstrumentId":3045,"StartTime":1675750776,"EndTime":1675756056,"CompressionValue":60}
07:Feb:2023 13:06:38.133  Info            REST REQUEST RECEIVED : ID:2 Type:6003, Data:{"ExchangeSegment":1,"ExchangeInstrumentId":3045,"StartTime":1675745496,"EndTime":1675750776,"CompressionValue":60}
07:Feb:2023 13:06:38.339  Info            REST REQUEST RECEIVED : ID:3 Type:6003, Data:{"ExchangeSegment":1,"ExchangeInstrumentId":3045,"StartTime":1675740216,"EndTime":1675745496,"CompressionValue":60}
07:Feb:2023 13:06:38.605  Info            REST REQUEST RECEIVED : ID:4 Type:6003, Data:{"ExchangeSegment":1,"ExchangeInstrumentId":3045,"StartTime":1675734936,"EndTime":1675740216,"CompressionValue":60}
07:Feb:2023 13:06:38.812  Info            REST REQUEST RECEIVED : ID:5 Type:6003, Data:{"ExchangeSegment":1,"ExchangeInstrumentId":3045,"StartTime":1675729656,"EndTime":1675734936,"CompressionValue":60}
07:Feb:2023 13:06:39.007  Info            REST REQUEST RECEIVED : ID:6 Type:6003, Data:{"ExchangeSegment":1,"ExchangeInstrumentId":3045,"StartTime":1675724376,"EndTime":1675729656,"CompressionValue":60}
07:Feb:2023 13:06:39.228  Info            REST REQUEST RECEIVED : ID:7 Type:6003, Data:{"ExchangeSegment":1,"ExchangeInstrumentId":3045,"StartTime":1675719096,"EndTime":1675724376,"CompressionValue":60}
07:Feb:2023 13:06:39.447  Info            REST REQUEST RECEIVED : ID:8 Type:6003, Data:{"ExchangeSegment":1,"ExchangeInstrumentId":3045,"StartTime":1675713816,"EndTime":1675719096,"CompressionValue":60}
07:Feb:2023 13:06:39.659  Info            REST REQUEST RECEIVED : ID:9 Type:6003, Data:{"ExchangeSegment":1,"ExchangeInstrumentId":3045,"StartTime":1675708536,"EndTime":1675713816,"CompressionValue":60}
07:Feb:2023 13:06:39.878  Info            REST REQUEST RECEIVED : ID:10 Type:6003, Data:{"ExchangeSegment":1,"ExchangeInstrumentId":3045,"StartTime":1675703256,"EndTime":1675708536,"CompressionValue":60}
07:Feb:2023 13:06:40.076  Info            REST REQUEST RECEIVED : ID:11 Type:6003, Data:{"ExchangeSegment":1,"ExchangeInstrumentId":3045,"StartTime":1675697976,"EndTime":1675703256,"CompressionValue":60}
07:Feb:2023 13:06:40.286  Info            REST REQUEST RECEIVED : ID:12 Type:6003, Data:{"ExchangeSegment":1,"ExchangeInstrumentId":3045,"StartTime":1675692696,"EndTime":1675697976,"CompressionValue":60}
07:Feb:2023 13:06:40.494  Info            REST REQUEST RECEIVED : ID:13 Type:6003, Data:{"ExchangeSegment":1,"ExchangeInstrumentId":3045,"StartTime":1675687416,"EndTime":1675692696,"CompressionValue":60}
07:Feb:2023 13:06:40.689  Info            REST REQUEST RECEIVED : ID:14 Type:6003, Data:{"ExchangeSegment":1,"ExchangeInstrumentId":3045,"StartTime":1675682136,"EndTime":1675687416,"CompressionValue":60}
07:Feb:2023 13:06:40.890  Info            REST REQUEST RECEIVED : ID:15 Type:6003, Data:{"ExchangeSegment":1,"ExchangeInstrumentId":3045,"StartTime":1675676856,"EndTime":1675682136,"CompressionValue":60}
07:Feb:2023 13:06:41.129  Info            REST REQUEST RECEIVED : ID:16 Type:6003, Data:{"ExchangeSegment":1,"ExchangeInstrumentId":3045,"StartTime":1675671576,"EndTime":1675676856,"CompressionValue":60}
07:Feb:2023 13:06:41.329  Info            REST REQUEST RECEIVED : ID:17 Type:6003, Data:{"ExchangeSegment":1,"ExchangeInstrumentId":3045,"StartTime":1675666296,"EndTime":1675671576,"CompressionValue":60}
07:Feb:2023 13:06:41.533  Info            REST REQUEST RECEIVED : ID:18 Type:6003, Data:{"ExchangeSegment":1,"ExchangeInstrumentId":3045,"StartTime":1675661016,"EndTime":1675666296,"CompressionValue":60}
07:Feb:2023 13:06:41.729  Info            REST REQUEST RECEIVED : ID:19 Type:6003, Data:{"ExchangeSegment":1,"ExchangeInstrumentId":3045,"StartTime":1675655736,"EndTime":1675661016,"CompressionValue":60}
07:Feb:2023 13:06:41.925  Info            REST REQUEST RECEIVED : ID:20 Type:6003, Data:{"ExchangeSegment":1,"ExchangeInstrumentId":3045,"StartTime":1675650456,"EndTime":1675655736,"CompressionValue":60}
07:Feb:2023 13:06:42.125  Info            REST REQUEST RECEIVED : ID:21 Type:6003, Data:{"ExchangeSegment":1,"ExchangeInstrumentId":3045,"StartTime":1675645176,"EndTime":1675650456,"CompressionValue":60}
07:Feb:2023 13:06:42.334  Info            REST REQUEST RECEIVED : ID:22 Type:6003, Data:{"ExchangeSegment":1,"ExchangeInstrumentId":3045,"StartTime":1675639896,"EndTime":1675645176,"CompressionValue":60}
07:Feb:2023 13:06:42.528  Info            REST REQUEST RECEIVED : ID:23 Type:6003, Data:{"ExchangeSegment":1,"ExchangeInstrumentId":3045,"StartTime":1675634616,"EndTime":1675639896,"CompressionValue":60}
07:Feb:2023 13:06:42.764  Info            REST REQUEST RECEIVED : ID:24 Type:6003, Data:{"ExchangeSegment":1,"ExchangeInstrumentId":3045,"StartTime":1675629336,"EndTime":1675634616,"CompressionValue":60}
07:Feb:2023 13:06:42.965  Info            REST REQUEST RECEIVED : ID:25 Type:6003, Data:{"ExchangeSegment":1,"ExchangeInstrumentId":3045,"StartTime":1675624056,"EndTime":1675629336,"CompressionValue":60}
07:Feb:2023 13:06:43.164  Info            REST REQUEST RECEIVED : ID:26 Type:6003, Data:{"ExchangeSegment":1,"ExchangeInstrumentId":3045,"StartTime":1675618776,"EndTime":1675624056,"CompressionValue":60}
07:Feb:2023 13:06:43.372  Info            REST REQUEST RECEIVED : ID:27 Type:6003, Data:{"ExchangeSegment":1,"ExchangeInstrumentId":3045,"StartTime":1675613496,"EndTime":1675618776,"CompressionValue":60}
07:Feb:2023 13:06:43.569  Info            REST REQUEST RECEIVED : ID:28 Type:6003, Data:{"ExchangeSegment":1,"ExchangeInstrumentId":3045,"StartTime":1675608216,"EndTime":1675613496,"CompressionValue":60}
07:Feb:2023 13:06:43.805  Info            REST REQUEST RECEIVED : ID:29 Type:6003, Data:{"ExchangeSegment":1,"ExchangeInstrumentId":3045,"StartTime":1675602936,"EndTime":1675608216,"CompressionValue":60}
07:Feb:2023 13:06:44.014  Info            REST REQUEST RECEIVED : ID:30 Type:6003, Data:{"ExchangeSegment":1,"ExchangeInstrumentId":3045,"StartTime":1675597656,"EndTime":1675602936,"CompressionValue":60}
07:Feb:2023 13:06:44.216  Info            REST REQUEST RECEIVED : ID:31 Type:6003, Data:{"ExchangeSegment":1,"ExchangeInstrumentId":3045,"StartTime":1675592376,"EndTime":1675597656,"CompressionValue":60}
07:Feb:2023 13:06:44.442  Info            REST REQUEST RECEIVED : ID:32 Type:6003, Data:{"ExchangeSegment":1,"ExchangeInstrumentId":3045,"StartTime":1675587096,"EndTime":1675592376,"CompressionValue":60}
07:Feb:2023 13:06:44.643  Info            REST REQUEST RECEIVED : ID:33 Type:6003, Data:{"ExchangeSegment":1,"ExchangeInstrumentId":3045,"StartTime":1675581816,"EndTime":1675587096,"CompressionValue":60}
07:Feb:2023 13:06:44.852  Info            REST REQUEST RECEIVED : ID:34 Type:6003, Data:{"ExchangeSegment":1,"ExchangeInstrumentId":3045,"StartTime":1675576536,"EndTime":1675581816,"CompressionValue":60}
07:Feb:2023 13:06:45.047  Info            REST REQUEST RECEIVED : ID:35 Type:6003, Data:{"ExchangeSegment":1,"ExchangeInstrumentId":3045,"StartTime":1675571256,"EndTime":1675576536,"CompressionValue":60}
07:Feb:2023 13:06:45.244  Info            REST REQUEST RECEIVED : ID:36 Type:6003, Data:{"ExchangeSegment":1,"ExchangeInstrumentId":3045,"StartTime":1675565976,"EndTime":1675571256,"CompressionValue":60}
07:Feb:2023 13:06:45.451  Info            REST REQUEST RECEIVED : ID:37 Type:6003, Data:{"ExchangeSegment":1,"ExchangeInstrumentId":3045,"StartTime":1675560696,"EndTime":1675565976,"CompressionValue":60}
07:Feb:2023 13:06:45.643  Info            REST REQUEST RECEIVED : ID:38 Type:6003, Data:{"ExchangeSegment":1,"ExchangeInstrumentId":3045,"StartTime":1675555416,"EndTime":1675560696,"CompressionValue":60}
07:Feb:2023 13:06:45.844  Info            REST REQUEST RECEIVED : ID:39 Type:6003, Data:{"ExchangeSegment":1,"ExchangeInstrumentId":3045,"StartTime":1675550136,"EndTime":1675555416,"CompressionValue":60}
07:Feb:2023 13:06:46.050  Info            REST REQUEST RECEIVED : ID:40 Type:6003, Data:{"ExchangeSegment":1,"ExchangeInstrumentId":3045,"StartTime":1675544856,"EndTime":1675550136,"CompressionValue":60}
07:Feb:2023 13:06:46.244  Info            REST REQUEST RECEIVED : ID:41 Type:6003, Data:{"ExchangeSegment":1,"ExchangeInstrumentId":3045,"StartTime":1675539576,"EndTime":1675544856,"CompressionValue":60}
07:Feb:2023 13:06:46.437  Info            REST REQUEST RECEIVED : ID:42 Type:6003, Data:{"ExchangeSegment":1,"ExchangeInstrumentId":3045,"StartTime":1675534296,"EndTime":1675539576,"CompressionValue":60}
07:Feb:2023 13:06:46.651  Info            REST REQUEST RECEIVED : ID:43 Type:6003, Data:{"ExchangeSegment":1,"ExchangeInstrumentId":3045,"StartTime":1675529016,"EndTime":1675534296,"CompressionValue":60}
07:Feb:2023 13:06:46.853  Info            REST REQUEST RECEIVED : ID:44 Type:6003, Data:{"ExchangeSegment":1,"ExchangeInstrumentId":3045,"StartTime":1675523736,"EndTime":1675529016,"CompressionValue":60}
07:Feb:2023 13:06:47.044  Info            REST REQUEST RECEIVED : ID:45 Type:6003, Data:{"ExchangeSegment":1,"ExchangeInstrumentId":3045,"StartTime":1675518456,"EndTime":1675523736,"CompressionValue":60}
07:Feb:2023 13:06:47.266  Info            REST REQUEST RECEIVED : ID:46 Type:6003, Data:{"ExchangeSegment":1,"ExchangeInstrumentId":3045,"StartTime":1675513176,"EndTime":1675518456,"CompressionValue":60}
07:Feb:2023 13:06:47.504  Info            REST REQUEST RECEIVED : ID:47 Type:6003, Data:{"ExchangeSegment":1,"ExchangeInstrumentId":3045,"StartTime":1675507896,"EndTime":1675513176,"CompressionValue":60}
07:Feb:2023 13:06:47.768  Info            REST REQUEST RECEIVED : ID:48 Type:6003, Data:{"ExchangeSegment":1,"ExchangeInstrumentId":3045,"StartTime":1675502616,"EndTime":1675507896,"CompressionValue":60}
07:Feb:2023 13:06:47.968  Info            REST REQUEST RECEIVED : ID:49 Type:6003, Data:{"ExchangeSegment":1,"ExchangeInstrumentId":3045,"StartTime":1675497336,"EndTime":1675502616,"CompressionValue":60}
07:Feb:2023 13:06:48.212  Info            REST REQUEST RECEIVED : ID:50 Type:6003, Data:{"ExchangeSegment":1,"ExchangeInstrumentId":3045,"StartTime":1675492056,"EndTime":1675497336,"CompressionValue":60}
07:Feb:2023 13:07:00.653  Info            One Minute Candle update called
07:Feb:2023 13:07:00.653  Info            One Minute Candle scrips count: 0
07:Feb:2023 13:07:00.653  Info            One Minute Candle scrips count: 0
07:Feb:2023 13:07:00.653  Info            One Minute Candle scrips count: 0
07:Feb:2023 13:07:00.653  Info            One Minute Candle scrips count: 0
07:Feb:2023 13:07:00.653  Info            One Minute Candle scrips count: 0
07:Feb:2023 13:07:00.653  Info            One Minute Candle scrips count: 0
07:Feb:2023 13:07:00.653  Info            One Minute Candle scrips count: 0
07:Feb:2023 13:07:00.653  Info            One Minute Candle scrips count: 0
07:Feb:2023 13:07:00.653  Info            One Minute Candle scrips count: 0
07:Feb:2023 13:07:00.653  Info            One Minute Candle scrips count: 0
07:Feb:2023 13:08:01.043  Info            One Minute Candle update called
07:Feb:2023 13:08:01.043  Info            One Minute Candle scrips count: 0
07:Feb:2023 13:08:01.043  Info            One Minute Candle scrips count: 0
07:Feb:2023 13:08:01.043  Info            One Minute Candle scrips count: 0
07:Feb:2023 13:08:01.043  Info            One Minute Candle scrips count: 0
07:Feb:2023 13:08:01.043  Info            One Minute Candle scrips count: 0
07:Feb:2023 13:08:01.043  Info            One Minute Candle scrips count: 0
07:Feb:2023 13:08:01.043  Info            One Minute Candle scrips count: 0
07:Feb:2023 13:08:01.043  Info            One Minute Candle scrips count: 0
07:Feb:2023 13:08:01.043  Info            One Minute Candle scrips count: 0
07:Feb:2023 13:08:01.043  Info            One Minute Candle scrips count: 0
07:Feb:2023 13:09:00.451  Info            One Minute Candle update called
07:Feb:2023 13:09:00.451  Info            One Minute Candle scrips count: 0
07:Feb:2023 13:09:00.451  Info            One Minute Candle scrips count: 0
07:Feb:2023 13:09:00.451  Info            One Minute Candle scrips count: 0
07:Feb:2023 13:09:00.451  Info            One Minute Candle scrips count: 0
07:Feb:2023 13:09:00.451  Info            One Minute Candle scrips count: 0
07:Feb:2023 13:09:00.451  Info            One Minute Candle scrips count: 0
07:Feb:2023 13:09:00.451  Info            One Minute Candle scrips count: 0
07:Feb:2023 13:09:00.451  Info            One Minute Candle scrips count: 0
07:Feb:2023 13:09:00.451  Info            One Minute Candle scrips count: 0
07:Feb:2023 13:09:00.451  Info            One Minute Candle scrips count: 0
07:Feb:2023 13:10:00.731  Info            One Minute Candle update called
07:Feb:2023 13:10:00.731  Info            One Minute Candle scrips count: 0
07:Feb:2023 13:10:00.731  Info            One Minute Candle scrips count: 0
07:Feb:2023 13:10:00.731  Info            One Minute Candle scrips count: 0
07:Feb:2023 13:10:00.731  Info            One Minute Candle scrips count: 0
07:Feb:2023 13:10:00.731  Info            One Minute Candle scrips count: 0
07:Feb:2023 13:10:00.731  Info            One Minute Candle scrips count: 0
07:Feb:2023 13:10:00.731  Info            One Minute Candle scrips count: 0
07:Feb:2023 13:10:00.731  Info            One Minute Candle scrips count: 0
07:Feb:2023 13:10:00.731  Info            One Minute Candle scrips count: 0
07:Feb:2023 13:10:00.731  Info            One Minute Candle scrips count: 0
07:Feb:2023 13:11:01.200  Info            One Minute Candle update called
07:Feb:2023 13:11:01.200  Info            One Minute Candle scrips count: 0
07:Feb:2023 13:11:01.200  Info            One Minute Candle scrips count: 0
07:Feb:2023 13:11:01.200  Info            One Minute Candle scrips count: 0
07:Feb:2023 13:11:01.200  Info            One Minute Candle scrips count: 0
07:Feb:2023 13:11:01.200  Info            One Minute Candle scrips count: 0
07:Feb:2023 13:11:01.200  Info            One Minute Candle scrips count: 0
07:Feb:2023 13:11:01.200  Info            One Minute Candle scrips count: 0
07:Feb:2023 13:11:01.200  Info            One Minute Candle scrips count: 0
07:Feb:2023 13:11:01.200  Info            One Minute Candle scrips count: 0
07:Feb:2023 13:11:01.200  Info            One Minute Candle scrips count: 0
07:Feb:2023 13:12:00.919  Info            One Minute Candle update called
07:Feb:2023 13:12:00.919  Info            One Minute Candle scrips count: 0
07:Feb:2023 13:12:00.919  Info            One Minute Candle scrips count: 0
07:Feb:2023 13:12:00.919  Info            One Minute Candle scrips count: 0
07:Feb:2023 13:12:00.919  Info            One Minute Candle scrips count: 0
07:Feb:2023 13:12:00.919  Info            One Minute Candle scrips count: 0
07:Feb:2023 13:12:00.919  Info            One Minute Candle scrips count: 0
07:Feb:2023 13:12:00.919  Info            One Minute Candle scrips count: 0
07:Feb:2023 13:12:00.919  Info            One Minute Candle scrips count: 0
07:Feb:2023 13:12:00.919  Info            One Minute Candle scrips count: 0
07:Feb:2023 13:12:00.919  Info            One Minute Candle scrips count: 0
07:Feb:2023 13:13:01.356  Info            One Minute Candle update called
07:Feb:2023 13:13:01.356  Info            One Minute Candle scrips count: 0
07:Feb:2023 13:13:01.356  Info            One Minute Candle scrips count: 0
07:Feb:2023 13:13:01.356  Info            One Minute Candle scrips count: 0
07:Feb:2023 13:13:01.356  Info            One Minute Candle scrips count: 0
07:Feb:2023 13:13:01.356  Info            One Minute Candle scrips count: 0
07:Feb:2023 13:13:01.356  Info            One Minute Candle scrips count: 0
07:Feb:2023 13:13:01.356  Info            One Minute Candle scrips count: 0
07:Feb:2023 13:13:01.356  Info            One Minute Candle scrips count: 0
07:Feb:2023 13:13:01.356  Info            One Minute Candle scrips count: 0
07:Feb:2023 13:13:01.356  Info            One Minute Candle scrips count: 0
07:Feb:2023 13:14:01.324  Info            One Minute Candle update called
07:Feb:2023 13:14:01.324  Info            One Minute Candle scrips count: 0
07:Feb:2023 13:14:01.324  Info            One Minute Candle scrips count: 0
07:Feb:2023 13:14:01.324  Info            One Minute Candle scrips count: 0
07:Feb:2023 13:14:01.324  Info            One Minute Candle scrips count: 0
07:Feb:2023 13:14:01.324  Info            One Minute Candle scrips count: 0
07:Feb:2023 13:14:01.324  Info            One Minute Candle scrips count: 0
07:Feb:2023 13:14:01.324  Info            One Minute Candle scrips count: 0
07:Feb:2023 13:14:01.324  Info            One Minute Candle scrips count: 0
07:Feb:2023 13:14:01.324  Info            One Minute Candle scrips count: 0
07:Feb:2023 13:14:01.324  Info            One Minute Candle scrips count: 0
07:Feb:2023 13:15:00.669  Info            One Minute Candle update called
07:Feb:2023 13:15:00.669  Info            One Minute Candle scrips count: 0
07:Feb:2023 13:15:00.669  Info            One Minute Candle scrips count: 0
07:Feb:2023 13:15:00.669  Info            One Minute Candle scrips count: 0
07:Feb:2023 13:15:00.669  Info            One Minute Candle scrips count: 0
07:Feb:2023 13:15:00.669  Info            One Minute Candle scrips count: 0
07:Feb:2023 13:15:00.669  Info            One Minute Candle scrips count: 0
07:Feb:2023 13:15:00.669  Info            One Minute Candle scrips count: 0
07:Feb:2023 13:15:00.669  Info            One Minute Candle scrips count: 0
07:Feb:2023 13:15:00.669  Info            One Minute Candle scrips count: 0
07:Feb:2023 13:15:00.669  Info            One Minute Candle scrips count: 0
07:Feb:2023 13:16:00.982  Info            One Minute Candle update called
07:Feb:2023 13:16:00.982  Info            One Minute Candle scrips count: 0
07:Feb:2023 13:16:00.982  Info            One Minute Candle scrips count: 0
07:Feb:2023 13:16:00.982  Info            One Minute Candle scrips count: 0
07:Feb:2023 13:16:00.982  Info            One Minute Candle scrips count: 0
07:Feb:2023 13:16:00.982  Info            One Minute Candle scrips count: 0
07:Feb:2023 13:16:00.982  Info            One Minute Candle scrips count: 0
07:Feb:2023 13:16:00.982  Info            One Minute Candle scrips count: 0
07:Feb:2023 13:16:00.982  Info            One Minute Candle scrips count: 0
07:Feb:2023 13:16:00.982  Info            One Minute Candle scrips count: 0
07:Feb:2023 13:16:00.982  Info            One Minute Candle scrips count: 0
07:Feb:2023 13:17:01.325  Info            One Minute Candle update called
07:Feb:2023 13:17:01.325  Info            One Minute Candle scrips count: 0
07:Feb:2023 13:17:01.325  Info            One Minute Candle scrips count: 0
07:Feb:2023 13:17:01.325  Info            One Minute Candle scrips count: 0
07:Feb:2023 13:17:01.325  Info            One Minute Candle scrips count: 0
07:Feb:2023 13:17:01.325  Info            One Minute Candle scrips count: 0
07:Feb:2023 13:17:01.325  Info            One Minute Candle scrips count: 0
07:Feb:2023 13:17:01.325  Info            One Minute Candle scrips count: 0
07:Feb:2023 13:17:01.325  Info            One Minute Candle scrips count: 0
07:Feb:2023 13:17:01.325  Info            One Minute Candle scrips count: 0
07:Feb:2023 13:17:01.325  Info            One Minute Candle scrips count: 0
07:Feb:2023 13:18:00.716  Info            One Minute Candle update called
07:Feb:2023 13:18:00.716  Info            One Minute Candle scrips count: 0
07:Feb:2023 13:18:00.716  Info            One Minute Candle scrips count: 0
07:Feb:2023 13:18:00.716  Info            One Minute Candle scrips count: 0
07:Feb:2023 13:18:00.716  Info            One Minute Candle scrips count: 0
07:Feb:2023 13:18:00.716  Info            One Minute Candle scrips count: 0
07:Feb:2023 13:18:00.716  Info            One Minute Candle scrips count: 0
07:Feb:2023 13:18:00.716  Info            One Minute Candle scrips count: 0
07:Feb:2023 13:18:00.716  Info            One Minute Candle scrips count: 0
07:Feb:2023 13:18:00.716  Info            One Minute Candle scrips count: 0
07:Feb:2023 13:18:00.716  Info            One Minute Candle scrips count: 0
07:Feb:2023 13:19:01.044  Info            One Minute Candle update called
07:Feb:2023 13:19:01.044  Info            One Minute Candle scrips count: 0
07:Feb:2023 13:19:01.044  Info            One Minute Candle scrips count: 0
07:Feb:2023 13:19:01.044  Info            One Minute Candle scrips count: 0
07:Feb:2023 13:19:01.044  Info            One Minute Candle scrips count: 0
07:Feb:2023 13:19:01.044  Info            One Minute Candle scrips count: 0
07:Feb:2023 13:19:01.044  Info            One Minute Candle scrips count: 0
07:Feb:2023 13:19:01.044  Info            One Minute Candle scrips count: 0
07:Feb:2023 13:19:01.044  Info            One Minute Candle scrips count: 0
07:Feb:2023 13:19:01.044  Info            One Minute Candle scrips count: 0
07:Feb:2023 13:19:01.044  Info            One Minute Candle scrips count: 0
07:Feb:2023 13:20:01.279  Info            One Minute Candle update called
07:Feb:2023 13:20:01.279  Info            One Minute Candle scrips count: 0
07:Feb:2023 13:20:01.279  Info            One Minute Candle scrips count: 0
07:Feb:2023 13:20:01.279  Info            One Minute Candle scrips count: 0
07:Feb:2023 13:20:01.279  Info            One Minute Candle scrips count: 0
07:Feb:2023 13:20:01.279  Info            One Minute Candle scrips count: 0
07:Feb:2023 13:20:01.279  Info            One Minute Candle scrips count: 0
07:Feb:2023 13:20:01.279  Info            One Minute Candle scrips count: 0
07:Feb:2023 13:20:01.279  Info            One Minute Candle scrips count: 0
07:Feb:2023 13:20:01.279  Info            One Minute Candle scrips count: 0
07:Feb:2023 13:20:01.279  Info            One Minute Candle scrips count: 0
07:Feb:2023 13:21:01.231  Info            One Minute Candle update called
07:Feb:2023 13:21:01.231  Info            One Minute Candle scrips count: 0
07:Feb:2023 13:21:01.231  Info            One Minute Candle scrips count: 0
07:Feb:2023 13:21:01.231  Info            One Minute Candle scrips count: 0
07:Feb:2023 13:21:01.231  Info            One Minute Candle scrips count: 0
07:Feb:2023 13:21:01.231  Info            One Minute Candle scrips count: 0
07:Feb:2023 13:21:01.231  Info            One Minute Candle scrips count: 0
07:Feb:2023 13:21:01.231  Info            One Minute Candle scrips count: 0
07:Feb:2023 13:21:01.231  Info            One Minute Candle scrips count: 0
07:Feb:2023 13:21:01.231  Info            One Minute Candle scrips count: 0
07:Feb:2023 13:21:01.231  Info            One Minute Candle scrips count: 0
07:Feb:2023 13:22:00.528  Info            One Minute Candle update called
07:Feb:2023 13:22:00.528  Info            One Minute Candle scrips count: 0
07:Feb:2023 13:22:00.528  Info            One Minute Candle scrips count: 0
07:Feb:2023 13:22:00.528  Info            One Minute Candle scrips count: 0
07:Feb:2023 13:22:00.528  Info            One Minute Candle scrips count: 0
07:Feb:2023 13:22:00.528  Info            One Minute Candle scrips count: 0
07:Feb:2023 13:22:00.528  Info            One Minute Candle scrips count: 0
07:Feb:2023 13:22:00.528  Info            One Minute Candle scrips count: 0
07:Feb:2023 13:22:00.528  Info            One Minute Candle scrips count: 0
07:Feb:2023 13:22:00.528  Info            One Minute Candle scrips count: 0
07:Feb:2023 13:22:00.528  Info            One Minute Candle scrips count: 0
07:Feb:2023 13:23:00.934  Info            One Minute Candle update called
07:Feb:2023 13:23:00.934  Info            One Minute Candle scrips count: 0
07:Feb:2023 13:23:00.934  Info            One Minute Candle scrips count: 0
07:Feb:2023 13:23:00.934  Info            One Minute Candle scrips count: 0
07:Feb:2023 13:23:00.934  Info            One Minute Candle scrips count: 0
07:Feb:2023 13:23:00.934  Info            One Minute Candle scrips count: 0
07:Feb:2023 13:23:00.934  Info            One Minute Candle scrips count: 0
07:Feb:2023 13:23:00.934  Info            One Minute Candle scrips count: 0
07:Feb:2023 13:23:00.934  Info            One Minute Candle scrips count: 0
07:Feb:2023 13:23:00.934  Info            One Minute Candle scrips count: 0
07:Feb:2023 13:23:00.934  Info            One Minute Candle scrips count: 0
07:Feb:2023 13:24:00.607  Info            One Minute Candle update called
07:Feb:2023 13:24:00.607  Info            One Minute Candle scrips count: 0
07:Feb:2023 13:24:00.607  Info            One Minute Candle scrips count: 0
07:Feb:2023 13:24:00.607  Info            One Minute Candle scrips count: 0
07:Feb:2023 13:24:00.607  Info            One Minute Candle scrips count: 0
07:Feb:2023 13:24:00.607  Info            One Minute Candle scrips count: 0
07:Feb:2023 13:24:00.607  Info            One Minute Candle scrips count: 0
07:Feb:2023 13:24:00.607  Info            One Minute Candle scrips count: 0
07:Feb:2023 13:24:00.607  Info            One Minute Candle scrips count: 0
07:Feb:2023 13:24:00.607  Info            One Minute Candle scrips count: 0
07:Feb:2023 13:24:00.607  Info            One Minute Candle scrips count: 0
07:Feb:2023 13:25:00.982  Info            One Minute Candle update called
07:Feb:2023 13:25:00.982  Info            One Minute Candle scrips count: 0
07:Feb:2023 13:25:00.982  Info            One Minute Candle scrips count: 0
07:Feb:2023 13:25:00.982  Info            One Minute Candle scrips count: 0
07:Feb:2023 13:25:00.982  Info            One Minute Candle scrips count: 0
07:Feb:2023 13:25:00.982  Info            One Minute Candle scrips count: 0
07:Feb:2023 13:25:00.982  Info            One Minute Candle scrips count: 0
07:Feb:2023 13:25:00.982  Info            One Minute Candle scrips count: 0
07:Feb:2023 13:25:00.982  Info            One Minute Candle scrips count: 0
07:Feb:2023 13:25:00.982  Info            One Minute Candle scrips count: 0
07:Feb:2023 13:25:00.982  Info            One Minute Candle scrips count: 0
07:Feb:2023 13:26:00.450  Info            One Minute Candle update called
07:Feb:2023 13:26:00.450  Info            One Minute Candle scrips count: 0
07:Feb:2023 13:26:00.450  Info            One Minute Candle scrips count: 0
07:Feb:2023 13:26:00.450  Info            One Minute Candle scrips count: 0
07:Feb:2023 13:26:00.450  Info            One Minute Candle scrips count: 0
07:Feb:2023 13:26:00.450  Info            One Minute Candle scrips count: 0
07:Feb:2023 13:26:00.450  Info            One Minute Candle scrips count: 0
07:Feb:2023 13:26:00.450  Info            One Minute Candle scrips count: 0
07:Feb:2023 13:26:00.450  Info            One Minute Candle scrips count: 0
07:Feb:2023 13:26:00.450  Info            One Minute Candle scrips count: 0
07:Feb:2023 13:26:00.450  Info            One Minute Candle scrips count: 0
07:Feb:2023 13:27:01.418  Info            One Minute Candle update called
07:Feb:2023 13:27:01.418  Info            One Minute Candle scrips count: 0
07:Feb:2023 13:27:01.418  Info            One Minute Candle scrips count: 0
07:Feb:2023 13:27:01.418  Info            One Minute Candle scrips count: 0
07:Feb:2023 13:27:01.418  Info            One Minute Candle scrips count: 0
07:Feb:2023 13:27:01.418  Info            One Minute Candle scrips count: 0
07:Feb:2023 13:27:01.418  Info            One Minute Candle scrips count: 0
07:Feb:2023 13:27:01.418  Info            One Minute Candle scrips count: 0
07:Feb:2023 13:27:01.418  Info            One Minute Candle scrips count: 0
07:Feb:2023 13:27:01.418  Info            One Minute Candle scrips count: 0
07:Feb:2023 13:27:01.418  Info            One Minute Candle scrips count: 0
07:Feb:2023 13:28:00.700  Info            One Minute Candle update called
07:Feb:2023 13:28:00.700  Info            One Minute Candle scrips count: 0
07:Feb:2023 13:28:00.700  Info            One Minute Candle scrips count: 0
07:Feb:2023 13:28:00.700  Info            One Minute Candle scrips count: 0
07:Feb:2023 13:28:00.700  Info            One Minute Candle scrips count: 0
07:Feb:2023 13:28:00.700  Info            One Minute Candle scrips count: 0
07:Feb:2023 13:28:00.700  Info            One Minute Candle scrips count: 0
07:Feb:2023 13:28:00.700  Info            One Minute Candle scrips count: 0
07:Feb:2023 13:28:00.700  Info            One Minute Candle scrips count: 0
07:Feb:2023 13:28:00.700  Info            One Minute Candle scrips count: 0
07:Feb:2023 13:28:00.700  Info            One Minute Candle scrips count: 0
07:Feb:2023 13:29:00.998  Info            One Minute Candle update called
07:Feb:2023 13:29:00.998  Info            One Minute Candle scrips count: 0
07:Feb:2023 13:29:00.998  Info            One Minute Candle scrips count: 0
07:Feb:2023 13:29:00.998  Info            One Minute Candle scrips count: 0
07:Feb:2023 13:29:00.998  Info            One Minute Candle scrips count: 0
07:Feb:2023 13:29:00.998  Info            One Minute Candle scrips count: 0
07:Feb:2023 13:29:00.998  Info            One Minute Candle scrips count: 0
07:Feb:2023 13:29:00.998  Info            One Minute Candle scrips count: 0
07:Feb:2023 13:29:00.998  Info            One Minute Candle scrips count: 0
07:Feb:2023 13:29:00.998  Info            One Minute Candle scrips count: 0
07:Feb:2023 13:29:00.998  Info            One Minute Candle scrips count: 0
07:Feb:2023 13:30:01.263  Info            One Minute Candle update called
07:Feb:2023 13:30:01.263  Info            One Minute Candle scrips count: 0
07:Feb:2023 13:30:01.263  Info            One Minute Candle scrips count: 0
07:Feb:2023 13:30:01.263  Info            One Minute Candle scrips count: 0
07:Feb:2023 13:30:01.263  Info            One Minute Candle scrips count: 0
07:Feb:2023 13:30:01.263  Info            One Minute Candle scrips count: 0
07:Feb:2023 13:30:01.263  Info            One Minute Candle scrips count: 0
07:Feb:2023 13:30:01.263  Info            One Minute Candle scrips count: 0
07:Feb:2023 13:30:01.263  Info            One Minute Candle scrips count: 0
07:Feb:2023 13:30:01.263  Info            One Minute Candle scrips count: 0
07:Feb:2023 13:30:01.263  Info            One Minute Candle scrips count: 0
07:Feb:2023 13:31:00.637  Info            One Minute Candle update called
07:Feb:2023 13:31:00.637  Info            One Minute Candle scrips count: 0
07:Feb:2023 13:31:00.637  Info            One Minute Candle scrips count: 0
07:Feb:2023 13:31:00.637  Info            One Minute Candle scrips count: 0
07:Feb:2023 13:31:00.637  Info            One Minute Candle scrips count: 0
07:Feb:2023 13:31:00.637  Info            One Minute Candle scrips count: 0
07:Feb:2023 13:31:00.637  Info            One Minute Candle scrips count: 0
07:Feb:2023 13:31:00.637  Info            One Minute Candle scrips count: 0
07:Feb:2023 13:31:00.637  Info            One Minute Candle scrips count: 0
07:Feb:2023 13:31:00.637  Info            One Minute Candle scrips count: 0
07:Feb:2023 13:31:00.637  Info            One Minute Candle scrips count: 0
07:Feb:2023 13:31:29.663  Info            REST REQUEST RECEIVED : ID:1 Type:9855, Data:{"Instruments":[{"exchangeSegment":1,"exchangeInstrumentID":22}]}
07:Feb:2023 13:31:36.877  Info            REST REQUEST RECEIVED : ID:1 Type:9855, Data:{"Instruments":[{"exchangeSegment":1,"exchangeInstrumentID":2885}]}
07:Feb:2023 13:31:54.027  Info            REST REQUEST RECEIVED : ID:1 Type:9855, Data:{"Instruments":[{"exchangeSegment":1,"exchangeInstrumentID":11536}]}
07:Feb:2023 13:32:01.169  Info            One Minute Candle update called
07:Feb:2023 13:32:01.174  Info            One Minute Candle scrips count: 3
07:Feb:2023 13:32:01.176  Info            1675776719|2006.9|2009|2005.4|2007.5|2044638|0
07:Feb:2023 13:32:01.177  Info            1675776719|2310|2311.8|2309.8|2310.4|4175092|0
07:Feb:2023 13:32:01.177  Info            1675776719|3484.85|3485|3484.85|3484.95|763532|0
07:Feb:2023 13:32:01.182  Info            One Minute event published
07:Feb:2023 13:32:01.182  Info            One Minute Candle scrips count: 0
07:Feb:2023 13:32:01.182  Info            One Minute Candle scrips count: 0
07:Feb:2023 13:32:01.182  Info            One Minute Candle scrips count: 0
07:Feb:2023 13:32:01.182  Info            One Minute Candle scrips count: 0
07:Feb:2023 13:32:01.182  Info            One Minute Candle scrips count: 0
07:Feb:2023 13:32:01.182  Info            One Minute Candle scrips count: 0
07:Feb:2023 13:32:01.182  Info            One Minute Candle scrips count: 0
07:Feb:2023 13:32:01.182  Info            One Minute Candle scrips count: 0
07:Feb:2023 13:32:01.182  Info            One Minute Candle scrips count: 0
07:Feb:2023 13:33:00.544  Info            One Minute Candle update called
07:Feb:2023 13:33:00.544  Info            One Minute Candle scrips count: 3
07:Feb:2023 13:33:00.544  Info            1675776779|2008|2013.05|2007.25|2008.95|2055054|0
07:Feb:2023 13:33:00.544  Info            1675776779|2310.95|2310.95|2310|2310.4|4201628|0
07:Feb:2023 13:33:00.545  Info            1675776779|3485|3486.55|3484.4|3485.15|790092|0
07:Feb:2023 13:33:00.545  Info            One Minute event published
07:Feb:2023 13:33:00.545  Info            One Minute Candle scrips count: 0
07:Feb:2023 13:33:00.545  Info            One Minute Candle scrips count: 0
07:Feb:2023 13:33:00.545  Info            One Minute Candle scrips count: 0
07:Feb:2023 13:33:00.545  Info            One Minute Candle scrips count: 0
07:Feb:2023 13:33:00.545  Info            One Minute Candle scrips count: 0
07:Feb:2023 13:33:00.545  Info            One Minute Candle scrips count: 0
07:Feb:2023 13:33:00.545  Info            One Minute Candle scrips count: 0
07:Feb:2023 13:33:00.545  Info            One Minute Candle scrips count: 0
07:Feb:2023 13:33:00.545  Info            One Minute Candle scrips count: 0
07:Feb:2023 13:34:00.809  Info            One Minute Candle update called
07:Feb:2023 13:34:00.809  Info            One Minute Candle scrips count: 3
07:Feb:2023 13:34:00.809  Info            1675776839|2008.95|2012.35|2008|2009.5|2058218|0
07:Feb:2023 13:34:00.810  Info            1675776839|2310.4|2310.9|2310|2310.35|4217138|0
07:Feb:2023 13:34:00.810  Info            1675776839|3485.75|3486.6|3484.7|3485.5|794531|0
07:Feb:2023 13:34:00.810  Info            One Minute event published
07:Feb:2023 13:34:00.810  Info            One Minute Candle scrips count: 0
07:Feb:2023 13:34:00.810  Info            One Minute Candle scrips count: 0
07:Feb:2023 13:34:00.810  Info            One Minute Candle scrips count: 0
07:Feb:2023 13:34:00.810  Info            One Minute Candle scrips count: 0
07:Feb:2023 13:34:00.810  Info            One Minute Candle scrips count: 0
07:Feb:2023 13:34:00.810  Info            One Minute Candle scrips count: 0
07:Feb:2023 13:34:00.810  Info            One Minute Candle scrips count: 0
07:Feb:2023 13:34:00.810  Info            One Minute Candle scrips count: 0
07:Feb:2023 13:34:00.810  Info            One Minute Candle scrips count: 0
07:Feb:2023 13:35:01.137  Info            One Minute Candle update called
07:Feb:2023 13:35:01.137  Info            One Minute Candle scrips count: 3
07:Feb:2023 13:35:01.137  Info            1675776899|2009.5|2011.85|2008.35|2011|2060413|0
07:Feb:2023 13:35:01.137  Info            1675776899|2310.45|2310.9|2309.15|2309.15|4235273|0
07:Feb:2023 13:35:01.138  Info            1675776899|3485.5|3486.6|3483.3|3484.55|801504|0
07:Feb:2023 13:35:01.138  Info            One Minute event published
07:Feb:2023 13:35:01.138  Info            One Minute Candle scrips count: 0
07:Feb:2023 13:35:01.138  Info            One Minute Candle scrips count: 0
07:Feb:2023 13:35:01.138  Info            One Minute Candle scrips count: 0
07:Feb:2023 13:35:01.138  Info            One Minute Candle scrips count: 0
07:Feb:2023 13:35:01.138  Info            One Minute Candle scrips count: 0
07:Feb:2023 13:35:01.138  Info            One Minute Candle scrips count: 0
07:Feb:2023 13:35:01.138  Info            One Minute Candle scrips count: 0
07:Feb:2023 13:35:01.138  Info            One Minute Candle scrips count: 0
07:Feb:2023 13:35:01.138  Info            One Minute Candle scrips count: 0
07:Feb:2023 13:36:00.418  Info            One Minute Candle update called
07:Feb:2023 13:36:00.418  Info            One Minute Candle scrips count: 3
07:Feb:2023 13:36:00.419  Info            1675776959|2011|2011.4|2001.15|2001.7|2065379|0
07:Feb:2023 13:36:00.419  Info            1675776959|2309.35|2309.4|2308.25|2308.6|4243466|0
07:Feb:2023 13:36:00.419  Info            1675776959|3483.25|3484.2|3480|3482|806262|0
07:Feb:2023 13:36:00.419  Info            One Minute event published
07:Feb:2023 13:36:00.419  Info            One Minute Candle scrips count: 0
07:Feb:2023 13:36:00.419  Info            One Minute Candle scrips count: 0
07:Feb:2023 13:36:00.419  Info            One Minute Candle scrips count: 0
07:Feb:2023 13:36:00.419  Info            One Minute Candle scrips count: 0
07:Feb:2023 13:36:00.419  Info            One Minute Candle scrips count: 0
07:Feb:2023 13:36:00.419  Info            One Minute Candle scrips count: 0
07:Feb:2023 13:36:00.419  Info            One Minute Candle scrips count: 0
07:Feb:2023 13:36:00.419  Info            One Minute Candle scrips count: 0
07:Feb:2023 13:36:00.419  Info            One Minute Candle scrips count: 0
07:Feb:2023 13:36:22.029  Info            REST REQUEST RECEIVED : ID:51 Type:6003, Data:{"ExchangeSegment":1,"ExchangeInstrumentId":3045,"StartTime":1675690581,"EndTime":1675949781,"CompressionValue":60}
07:Feb:2023 13:36:23.600  Info            REST REQUEST RECEIVED : ID:52 Type:6003, Data:{"ExchangeSegment":1,"ExchangeInstrumentId":3045,"StartTime":1675754361,"EndTime":1675757841,"CompressionValue":60}
07:Feb:2023 13:36:24.109  Info            REST REQUEST RECEIVED : ID:53 Type:6003, Data:{"ExchangeSegment":1,"ExchangeInstrumentId":3045,"StartTime":1675750881,"EndTime":1675754361,"CompressionValue":60}
07:Feb:2023 13:36:25.330  Info            REST REQUEST RECEIVED : ID:54 Type:6003, Data:{"ExchangeSegment":1,"ExchangeInstrumentId":3045,"StartTime":1675747401,"EndTime":1675750881,"CompressionValue":60}
07:Feb:2023 13:36:25.618  Info            REST REQUEST RECEIVED : ID:55 Type:6003, Data:{"ExchangeSegment":1,"ExchangeInstrumentId":3045,"StartTime":1675743921,"EndTime":1675747401,"CompressionValue":60}
07:Feb:2023 13:36:26.209  Info            REST REQUEST RECEIVED : ID:56 Type:6003, Data:{"ExchangeSegment":1,"ExchangeInstrumentId":3045,"StartTime":1675740441,"EndTime":1675743921,"CompressionValue":60}
07:Feb:2023 13:36:26.568  Info            REST REQUEST RECEIVED : ID:57 Type:6003, Data:{"ExchangeSegment":1,"ExchangeInstrumentId":3045,"StartTime":1675736961,"EndTime":1675740441,"CompressionValue":60}
07:Feb:2023 13:36:26.802  Info            REST REQUEST RECEIVED : ID:58 Type:6003, Data:{"ExchangeSegment":1,"ExchangeInstrumentId":3045,"StartTime":1675733481,"EndTime":1675736961,"CompressionValue":60}
07:Feb:2023 13:36:27.005  Info            REST REQUEST RECEIVED : ID:59 Type:6003, Data:{"ExchangeSegment":1,"ExchangeInstrumentId":3045,"StartTime":1675730001,"EndTime":1675733481,"CompressionValue":60}
07:Feb:2023 13:36:27.229  Info            REST REQUEST RECEIVED : ID:60 Type:6003, Data:{"ExchangeSegment":1,"ExchangeInstrumentId":3045,"StartTime":1675726521,"EndTime":1675730001,"CompressionValue":60}
07:Feb:2023 13:36:27.428  Info            REST REQUEST RECEIVED : ID:61 Type:6003, Data:{"ExchangeSegment":1,"ExchangeInstrumentId":3045,"StartTime":1675723041,"EndTime":1675726521,"CompressionValue":60}
07:Feb:2023 13:36:27.654  Info            REST REQUEST RECEIVED : ID:62 Type:6003, Data:{"ExchangeSegment":1,"ExchangeInstrumentId":3045,"StartTime":1675719561,"EndTime":1675723041,"CompressionValue":60}
07:Feb:2023 13:36:27.860  Info            REST REQUEST RECEIVED : ID:63 Type:6003, Data:{"ExchangeSegment":1,"ExchangeInstrumentId":3045,"StartTime":1675716081,"EndTime":1675719561,"CompressionValue":60}
07:Feb:2023 13:36:28.078  Info            REST REQUEST RECEIVED : ID:64 Type:6003, Data:{"ExchangeSegment":1,"ExchangeInstrumentId":3045,"StartTime":1675712601,"EndTime":1675716081,"CompressionValue":60}
07:Feb:2023 13:36:28.300  Info            REST REQUEST RECEIVED : ID:65 Type:6003, Data:{"ExchangeSegment":1,"ExchangeInstrumentId":3045,"StartTime":1675709121,"EndTime":1675712601,"CompressionValue":60}
07:Feb:2023 13:36:28.569  Info            REST REQUEST RECEIVED : ID:66 Type:6003, Data:{"ExchangeSegment":1,"ExchangeInstrumentId":3045,"StartTime":1675705641,"EndTime":1675709121,"CompressionValue":60}
07:Feb:2023 13:36:29.020  Info            REST REQUEST RECEIVED : ID:67 Type:6003, Data:{"ExchangeSegment":1,"ExchangeInstrumentId":3045,"StartTime":1675702161,"EndTime":1675705641,"CompressionValue":60}
07:Feb:2023 13:36:30.161  Info            REST REQUEST RECEIVED : ID:68 Type:6003, Data:{"ExchangeSegment":1,"ExchangeInstrumentId":3045,"StartTime":1675698681,"EndTime":1675702161,"CompressionValue":60}
07:Feb:2023 13:36:31.480  Info            REST REQUEST RECEIVED : ID:69 Type:6003, Data:{"ExchangeSegment":1,"ExchangeInstrumentId":3045,"StartTime":1675695201,"EndTime":1675698681,"CompressionValue":60}
07:Feb:2023 13:36:32.652  Info            REST REQUEST RECEIVED : ID:70 Type:6003, Data:{"ExchangeSegment":1,"ExchangeInstrumentId":3045,"StartTime":1675691721,"EndTime":1675695201,"CompressionValue":60}
07:Feb:2023 13:36:33.850  Info            REST REQUEST RECEIVED : ID:71 Type:6003, Data:{"ExchangeSegment":1,"ExchangeInstrumentId":3045,"StartTime":1675688241,"EndTime":1675691721,"CompressionValue":60}
07:Feb:2023 13:36:34.254  Info            REST REQUEST RECEIVED : ID:72 Type:6003, Data:{"ExchangeSegment":1,"ExchangeInstrumentId":3045,"StartTime":1675684761,"EndTime":1675688241,"CompressionValue":60}
07:Feb:2023 13:36:34.554  Info            REST REQUEST RECEIVED : ID:73 Type:6003, Data:{"ExchangeSegment":1,"ExchangeInstrumentId":3045,"StartTime":1675681281,"EndTime":1675684761,"CompressionValue":60}
07:Feb:2023 13:36:34.891  Info            REST REQUEST RECEIVED : ID:74 Type:6003, Data:{"ExchangeSegment":1,"ExchangeInstrumentId":3045,"StartTime":1675677801,"EndTime":1675681281,"CompressionValue":60}
07:Feb:2023 13:36:35.120  Info            REST REQUEST RECEIVED : ID:75 Type:6003, Data:{"ExchangeSegment":1,"ExchangeInstrumentId":3045,"StartTime":1675674321,"EndTime":1675677801,"CompressionValue":60}
07:Feb:2023 13:36:35.459  Info            REST REQUEST RECEIVED : ID:76 Type:6003, Data:{"ExchangeSegment":1,"ExchangeInstrumentId":3045,"StartTime":1675670841,"EndTime":1675674321,"CompressionValue":60}
07:Feb:2023 13:36:35.762  Info            REST REQUEST RECEIVED : ID:77 Type:6003, Data:{"ExchangeSegment":1,"ExchangeInstrumentId":3045,"StartTime":1675667361,"EndTime":1675670841,"CompressionValue":60}
07:Feb:2023 13:36:36.125  Info            REST REQUEST RECEIVED : ID:78 Type:6003, Data:{"ExchangeSegment":1,"ExchangeInstrumentId":3045,"StartTime":1675663881,"EndTime":1675667361,"CompressionValue":60}
07:Feb:2023 13:36:36.427  Info            REST REQUEST RECEIVED : ID:79 Type:6003, Data:{"ExchangeSegment":1,"ExchangeInstrumentId":3045,"StartTime":1675660401,"EndTime":1675663881,"CompressionValue":60}
07:Feb:2023 13:36:36.865  Info            REST REQUEST RECEIVED : ID:80 Type:6003, Data:{"ExchangeSegment":1,"ExchangeInstrumentId":3045,"StartTime":1675656921,"EndTime":1675660401,"CompressionValue":60}
07:Feb:2023 13:36:37.123  Info            REST REQUEST RECEIVED : ID:81 Type:6003, Data:{"ExchangeSegment":1,"ExchangeInstrumentId":3045,"StartTime":1675653441,"EndTime":1675656921,"CompressionValue":60}
07:Feb:2023 13:36:37.397  Info            REST REQUEST RECEIVED : ID:82 Type:6003, Data:{"ExchangeSegment":1,"ExchangeInstrumentId":3045,"StartTime":1675649961,"EndTime":1675653441,"CompressionValue":60}
07:Feb:2023 13:36:37.690  Info            REST REQUEST RECEIVED : ID:83 Type:6003, Data:{"ExchangeSegment":1,"ExchangeInstrumentId":3045,"StartTime":1675646481,"EndTime":1675649961,"CompressionValue":60}
07:Feb:2023 13:36:38.028  Info            REST REQUEST RECEIVED : ID:84 Type:6003, Data:{"ExchangeSegment":1,"ExchangeInstrumentId":3045,"StartTime":1675643001,"EndTime":1675646481,"CompressionValue":60}
07:Feb:2023 13:36:38.908  Info            REST REQUEST RECEIVED : ID:85 Type:6003, Data:{"ExchangeSegment":1,"ExchangeInstrumentId":3045,"StartTime":1675639521,"EndTime":1675643001,"CompressionValue":60}
07:Feb:2023 13:36:41.276  Info            REST REQUEST RECEIVED : ID:86 Type:6003, Data:{"ExchangeSegment":1,"ExchangeInstrumentId":3045,"StartTime":1675636041,"EndTime":1675639521,"CompressionValue":60}
07:Feb:2023 13:36:45.792  Info            REST REQUEST RECEIVED : ID:87 Type:6003, Data:{"ExchangeSegment":1,"ExchangeInstrumentId":3045,"StartTime":1675632561,"EndTime":1675636041,"CompressionValue":60}
07:Feb:2023 13:36:52.615  Info            REST REQUEST RECEIVED : ID:88 Type:6003, Data:{"ExchangeSegment":1,"ExchangeInstrumentId":3045,"StartTime":1675629081,"EndTime":1675632561,"CompressionValue":60}
07:Feb:2023 13:36:57.598  Info            REST REQUEST RECEIVED : ID:89 Type:6003, Data:{"ExchangeSegment":1,"ExchangeInstrumentId":3045,"StartTime":1675625601,"EndTime":1675629081,"CompressionValue":60}
07:Feb:2023 13:37:00.763  Info            One Minute Candle update called
07:Feb:2023 13:37:00.763  Info            One Minute Candle scrips count: 3
07:Feb:2023 13:37:00.763  Info            1675777019|2001.7|2005.5|2000.85|2002.35|2069110|0
07:Feb:2023 13:37:00.764  Info            1675777019|2309|2310.1|2308.6|2309.65|4252677|0
07:Feb:2023 13:37:00.764  Info            1675777019|3482|3485.3|3481.5|3484.05|809050|0
07:Feb:2023 13:37:00.764  Info            One Minute event published
07:Feb:2023 13:37:00.764  Info            One Minute Candle scrips count: 0
07:Feb:2023 13:37:00.764  Info            One Minute Candle scrips count: 0
07:Feb:2023 13:37:00.764  Info            One Minute Candle scrips count: 0
07:Feb:2023 13:37:00.764  Info            One Minute Candle scrips count: 0
07:Feb:2023 13:37:00.764  Info            One Minute Candle scrips count: 0
07:Feb:2023 13:37:00.764  Info            One Minute Candle scrips count: 0
07:Feb:2023 13:37:00.764  Info            One Minute Candle scrips count: 0
07:Feb:2023 13:37:00.764  Info            One Minute Candle scrips count: 0
07:Feb:2023 13:37:00.764  Info            One Minute Candle scrips count: 0
07:Feb:2023 13:37:04.408  Info            REST REQUEST RECEIVED : ID:90 Type:6003, Data:{"ExchangeSegment":1,"ExchangeInstrumentId":3045,"StartTime":1675622121,"EndTime":1675625601,"CompressionValue":60}
07:Feb:2023 13:37:11.218  Info            REST REQUEST RECEIVED : ID:91 Type:6003, Data:{"ExchangeSegment":1,"ExchangeInstrumentId":3045,"StartTime":1675618641,"EndTime":1675622121,"CompressionValue":60}
07:Feb:2023 13:37:16.439  Info            REST REQUEST RECEIVED : ID:92 Type:6003, Data:{"ExchangeSegment":1,"ExchangeInstrumentId":3045,"StartTime":1675615161,"EndTime":1675618641,"CompressionValue":60}
07:Feb:2023 13:37:17.650  Info            REST REQUEST RECEIVED : ID:93 Type:6003, Data:{"ExchangeSegment":1,"ExchangeInstrumentId":3045,"StartTime":1675611681,"EndTime":1675615161,"CompressionValue":60}
07:Feb:2023 13:37:17.974  Info            REST REQUEST RECEIVED : ID:94 Type:6003, Data:{"ExchangeSegment":1,"ExchangeInstrumentId":3045,"StartTime":1675608201,"EndTime":1675611681,"CompressionValue":60}
07:Feb:2023 13:37:18.286  Info            REST REQUEST RECEIVED : ID:95 Type:6003, Data:{"ExchangeSegment":1,"ExchangeInstrumentId":3045,"StartTime":1675604721,"EndTime":1675608201,"CompressionValue":60}
07:Feb:2023 13:37:18.511  Info            REST REQUEST RECEIVED : ID:96 Type:6003, Data:{"ExchangeSegment":1,"ExchangeInstrumentId":3045,"StartTime":1675601241,"EndTime":1675604721,"CompressionValue":60}
07:Feb:2023 13:37:18.717  Info            REST REQUEST RECEIVED : ID:97 Type:6003, Data:{"ExchangeSegment":1,"ExchangeInstrumentId":3045,"StartTime":1675597761,"EndTime":1675601241,"CompressionValue":60}
07:Feb:2023 13:37:18.935  Info            REST REQUEST RECEIVED : ID:98 Type:6003, Data:{"ExchangeSegment":1,"ExchangeInstrumentId":3045,"StartTime":1675594281,"EndTime":1675597761,"CompressionValue":60}
07:Feb:2023 13:37:19.120  Info            REST REQUEST RECEIVED : ID:99 Type:6003, Data:{"ExchangeSegment":1,"ExchangeInstrumentId":3045,"StartTime":1675590801,"EndTime":1675594281,"CompressionValue":60}
07:Feb:2023 13:37:19.318  Info            REST REQUEST RECEIVED : ID:100 Type:6003, Data:{"ExchangeSegment":1,"ExchangeInstrumentId":3045,"StartTime":1675587321,"EndTime":1675590801,"CompressionValue":60}
07:Feb:2023 13:37:19.525  Info            REST REQUEST RECEIVED : ID:101 Type:6003, Data:{"ExchangeSegment":1,"ExchangeInstrumentId":3045,"StartTime":1675583841,"EndTime":1675587321,"CompressionValue":60}
07:Feb:2023 13:38:00.278  Info            One Minute Candle update called
07:Feb:2023 13:38:00.278  Info            One Minute Candle scrips count: 3
07:Feb:2023 13:38:00.279  Info            1675777079|2001.5|2002.45|1998|1998.9|2077673|0
07:Feb:2023 13:38:00.280  Info            1675777079|2309.7|2310.5|2309.3|2310|4260556|0
07:Feb:2023 13:38:00.281  Info            1675777079|3484.05|3485|3481.85|3483.55|815452|0
07:Feb:2023 13:38:00.281  Info            One Minute event published
07:Feb:2023 13:38:00.281  Info            One Minute Candle scrips count: 0
07:Feb:2023 13:38:00.281  Info            One Minute Candle scrips count: 0
07:Feb:2023 13:38:00.281  Info            One Minute Candle scrips count: 0
07:Feb:2023 13:38:00.281  Info            One Minute Candle scrips count: 0
07:Feb:2023 13:38:00.281  Info            One Minute Candle scrips count: 0
07:Feb:2023 13:38:00.281  Info            One Minute Candle scrips count: 0
07:Feb:2023 13:38:00.281  Info            One Minute Candle scrips count: 0
07:Feb:2023 13:38:00.281  Info            One Minute Candle scrips count: 0
07:Feb:2023 13:38:00.281  Info            One Minute Candle scrips count: 0
07:Feb:2023 13:39:00.622  Info            One Minute Candle update called
07:Feb:2023 13:39:00.622  Info            One Minute Candle scrips count: 3
07:Feb:2023 13:39:00.622  Info            1675777139|1998|2001.8|1995.4|2001.45|2082190|0
07:Feb:2023 13:39:00.623  Info            1675777139|2310|2310.5|2309.05|2309.85|4271216|0
07:Feb:2023 13:39:00.623  Info            1675777139|3483.3|3484.8|3483.05|3483.95|817755|0
07:Feb:2023 13:39:00.623  Info            One Minute event published
07:Feb:2023 13:39:00.623  Info            One Minute Candle scrips count: 0
07:Feb:2023 13:39:00.623  Info            One Minute Candle scrips count: 0
07:Feb:2023 13:39:00.623  Info            One Minute Candle scrips count: 0
07:Feb:2023 13:39:00.623  Info            One Minute Candle scrips count: 0
07:Feb:2023 13:39:00.623  Info            One Minute Candle scrips count: 0
07:Feb:2023 13:39:00.623  Info            One Minute Candle scrips count: 0
07:Feb:2023 13:39:00.623  Info            One Minute Candle scrips count: 0
07:Feb:2023 13:39:00.623  Info            One Minute Candle scrips count: 0
07:Feb:2023 13:39:00.623  Info            One Minute Candle scrips count: 0
07:Feb:2023 13:40:00.824  Info            One Minute Candle update called
07:Feb:2023 13:40:00.824  Info            One Minute Candle scrips count: 3
07:Feb:2023 13:40:00.824  Info            1675777199|2001.45|2004.05|2000.2|2004.05|2083296|0
07:Feb:2023 13:40:00.824  Info            1675777199|2309.85|2310.45|2309.1|2309.85|4288232|0
07:Feb:2023 13:40:00.825  Info            1675777199|3483.9|3485|3483|3485|820758|0
07:Feb:2023 13:40:00.825  Info            One Minute event published
07:Feb:2023 13:40:00.825  Info            One Minute Candle scrips count: 0
07:Feb:2023 13:40:00.825  Info            One Minute Candle scrips count: 0
07:Feb:2023 13:40:00.825  Info            One Minute Candle scrips count: 0
07:Feb:2023 13:40:00.825  Info            One Minute Candle scrips count: 0
07:Feb:2023 13:40:00.825  Info            One Minute Candle scrips count: 0
07:Feb:2023 13:40:00.825  Info            One Minute Candle scrips count: 0
07:Feb:2023 13:40:00.825  Info            One Minute Candle scrips count: 0
07:Feb:2023 13:40:00.825  Info            One Minute Candle scrips count: 0
07:Feb:2023 13:40:00.825  Info            One Minute Candle scrips count: 0
07:Feb:2023 13:41:00.340  Info            One Minute Candle update called
07:Feb:2023 13:41:00.343  Info            One Minute Candle scrips count: 3
07:Feb:2023 13:41:00.343  Info            1675777259|2004.05|2004.2|1998.35|2000.15|2084701|0
07:Feb:2023 13:41:00.343  Info            1675777259|2310|2310.4|2307.55|2308|4328231|0
07:Feb:2023 13:41:00.344  Info            1675777259|3485|3485.5|3483.05|3484.85|825489|0
07:Feb:2023 13:41:00.344  Info            One Minute event published
07:Feb:2023 13:41:00.344  Info            One Minute Candle scrips count: 0
07:Feb:2023 13:41:00.344  Info            One Minute Candle scrips count: 0
07:Feb:2023 13:41:00.344  Info            One Minute Candle scrips count: 0
07:Feb:2023 13:41:00.344  Info            One Minute Candle scrips count: 0
07:Feb:2023 13:41:00.344  Info            One Minute Candle scrips count: 0
07:Feb:2023 13:41:00.344  Info            One Minute Candle scrips count: 0
07:Feb:2023 13:41:00.344  Info            One Minute Candle scrips count: 0
07:Feb:2023 13:41:00.344  Info            One Minute Candle scrips count: 0
07:Feb:2023 13:41:00.344  Info            One Minute Candle scrips count: 0
07:Feb:2023 13:42:00.591  Info            One Minute Candle update called
07:Feb:2023 13:42:00.591  Info            One Minute Candle scrips count: 3
07:Feb:2023 13:42:00.591  Info            1675777319|2000.35|2002.25|1998.8|1998.8|2085958|0
07:Feb:2023 13:42:00.591  Info            1675777319|2307.65|2309.25|2307.65|2308.2|4336846|0
07:Feb:2023 13:42:00.592  Info            1675777319|3484.85|3486|3482.05|3483.1|828035|0
07:Feb:2023 13:42:00.592  Info            One Minute event published
07:Feb:2023 13:42:00.592  Info            One Minute Candle scrips count: 0
07:Feb:2023 13:42:00.592  Info            One Minute Candle scrips count: 0
07:Feb:2023 13:42:00.592  Info            One Minute Candle scrips count: 0
07:Feb:2023 13:42:00.592  Info            One Minute Candle scrips count: 0
07:Feb:2023 13:42:00.592  Info            One Minute Candle scrips count: 0
07:Feb:2023 13:42:00.592  Info            One Minute Candle scrips count: 0
07:Feb:2023 13:42:00.592  Info            One Minute Candle scrips count: 0
07:Feb:2023 13:42:00.592  Info            One Minute Candle scrips count: 0
07:Feb:2023 13:42:00.592  Info            One Minute Candle scrips count: 0
07:Feb:2023 13:43:00.731  Info            One Minute Candle update called
07:Feb:2023 13:43:00.731  Info            One Minute Candle scrips count: 3
07:Feb:2023 13:43:00.731  Info            1675777379|1999.4|1999.4|1995.7|1995.7|2087701|0
07:Feb:2023 13:43:00.731  Info            1675777379|2308.2|2309.1|2306.7|2307|4359854|0
07:Feb:2023 13:43:00.731  Info            1675777379|3483.1|3484.05|3482.65|3483|831247|0
07:Feb:2023 13:43:00.731  Info            One Minute event published
07:Feb:2023 13:43:00.731  Info            One Minute Candle scrips count: 0
07:Feb:2023 13:43:00.731  Info            One Minute Candle scrips count: 0
07:Feb:2023 13:43:00.731  Info            One Minute Candle scrips count: 0
07:Feb:2023 13:43:00.732  Info            One Minute Candle scrips count: 0
07:Feb:2023 13:43:00.732  Info            One Minute Candle scrips count: 0
07:Feb:2023 13:43:00.732  Info            One Minute Candle scrips count: 0
07:Feb:2023 13:43:00.732  Info            One Minute Candle scrips count: 0
07:Feb:2023 13:43:00.732  Info            One Minute Candle scrips count: 0
07:Feb:2023 13:43:00.732  Info            One Minute Candle scrips count: 0
07:Feb:2023 13:44:00.216  Info            One Minute Candle update called
07:Feb:2023 13:44:00.216  Info            One Minute Candle scrips count: 3
07:Feb:2023 13:44:00.216  Info            1675777439|1995.7|1997.9|1995.4|1995.5|2089390|0
07:Feb:2023 13:44:00.217  Info            1675777439|2307.05|2308.8|2307.05|2308.75|4378220|0
07:Feb:2023 13:44:00.217  Info            1675777439|3482.95|3482.95|3481.25|3482.3|834611|0
07:Feb:2023 13:44:00.217  Info            One Minute event published
07:Feb:2023 13:44:00.217  Info            One Minute Candle scrips count: 0
07:Feb:2023 13:44:00.217  Info            One Minute Candle scrips count: 0
07:Feb:2023 13:44:00.217  Info            One Minute Candle scrips count: 0
07:Feb:2023 13:44:00.217  Info            One Minute Candle scrips count: 0
07:Feb:2023 13:44:00.217  Info            One Minute Candle scrips count: 0
07:Feb:2023 13:44:00.217  Info            One Minute Candle scrips count: 0
07:Feb:2023 13:44:00.217  Info            One Minute Candle scrips count: 0
07:Feb:2023 13:44:00.217  Info            One Minute Candle scrips count: 0
07:Feb:2023 13:44:00.217  Info            One Minute Candle scrips count: 0
07:Feb:2023 13:45:00.606  Info            One Minute Candle update called
07:Feb:2023 13:45:00.606  Info            One Minute Candle scrips count: 3
07:Feb:2023 13:45:00.606  Info            1675777499|1995.5|1999.9|1995.4|1995.4|2091829|0
07:Feb:2023 13:45:00.607  Info            1675777499|2308.75|2310.45|2308.7|2310.15|4392206|0
07:Feb:2023 13:45:00.608  Info            1675777499|3482.3|3483|3481.25|3481.45|837165|0
07:Feb:2023 13:45:00.608  Info            One Minute event published
07:Feb:2023 13:45:00.608  Info            One Minute Candle scrips count: 0
07:Feb:2023 13:45:00.608  Info            One Minute Candle scrips count: 0
07:Feb:2023 13:45:00.608  Info            One Minute Candle scrips count: 0
07:Feb:2023 13:45:00.608  Info            One Minute Candle scrips count: 0
07:Feb:2023 13:45:00.608  Info            One Minute Candle scrips count: 0
07:Feb:2023 13:45:00.608  Info            One Minute Candle scrips count: 0
07:Feb:2023 13:45:00.608  Info            One Minute Candle scrips count: 0
07:Feb:2023 13:45:00.608  Info            One Minute Candle scrips count: 0
07:Feb:2023 13:45:00.608  Info            One Minute Candle scrips count: 0
07:Feb:2023 13:46:00.903  Info            One Minute Candle update called
07:Feb:2023 13:46:00.903  Info            One Minute Candle scrips count: 3
07:Feb:2023 13:46:00.903  Info            1675777559|1995.4|1997.15|1995.05|1995.05|2093514|0
07:Feb:2023 13:46:00.904  Info            1675777559|2310.3|2310.45|2309.55|2310.25|4398232|0
07:Feb:2023 13:46:00.904  Info            1675777559|3481.6|3482.8|3481.25|3482.8|838881|0
07:Feb:2023 13:46:00.904  Info            One Minute event published
07:Feb:2023 13:46:00.904  Info            One Minute Candle scrips count: 0
07:Feb:2023 13:46:00.904  Info            One Minute Candle scrips count: 0
07:Feb:2023 13:46:00.904  Info            One Minute Candle scrips count: 0
07:Feb:2023 13:46:00.904  Info            One Minute Candle scrips count: 0
07:Feb:2023 13:46:00.904  Info            One Minute Candle scrips count: 0
07:Feb:2023 13:46:00.904  Info            One Minute Candle scrips count: 0
07:Feb:2023 13:46:00.904  Info            One Minute Candle scrips count: 0
07:Feb:2023 13:46:00.904  Info            One Minute Candle scrips count: 0
07:Feb:2023 13:46:00.904  Info            One Minute Candle scrips count: 0
07:Feb:2023 13:47:00.201  Info            One Minute Candle update called
07:Feb:2023 13:47:00.201  Info            One Minute Candle scrips count: 3
07:Feb:2023 13:47:00.202  Info            1675777619|1995.05|1999.8|1993.15|1998.75|2097498|0
07:Feb:2023 13:47:00.202  Info            1675777619|2310.25|2310.4|2309.6|2310.35|4407581|0
07:Feb:2023 13:47:00.202  Info            1675777619|3482.8|3484.7|3482.2|3484.7|845041|0
07:Feb:2023 13:47:00.202  Info            One Minute event published
07:Feb:2023 13:47:00.203  Info            One Minute Candle scrips count: 0
07:Feb:2023 13:47:00.203  Info            One Minute Candle scrips count: 0
07:Feb:2023 13:47:00.203  Info            One Minute Candle scrips count: 0
07:Feb:2023 13:47:00.203  Info            One Minute Candle scrips count: 0
07:Feb:2023 13:47:00.203  Info            One Minute Candle scrips count: 0
07:Feb:2023 13:47:00.203  Info            One Minute Candle scrips count: 0
07:Feb:2023 13:47:00.203  Info            One Minute Candle scrips count: 0
07:Feb:2023 13:47:00.203  Info            One Minute Candle scrips count: 0
07:Feb:2023 13:47:00.203  Info            One Minute Candle scrips count: 0
07:Feb:2023 13:48:00.684  Info            One Minute Candle update called
07:Feb:2023 13:48:00.684  Info            One Minute Candle scrips count: 3
07:Feb:2023 13:48:00.684  Info            1675777679|1998.75|1998.95|1996.15|1996.65|2098904|0
07:Feb:2023 13:48:00.685  Info            1675777679|2310.3|2310.95|2310|2310.6|4422171|0
07:Feb:2023 13:48:00.685  Info            1675777679|3484.7|3484.8|3483.65|3484.4|847072|0
07:Feb:2023 13:48:00.685  Info            One Minute event published
07:Feb:2023 13:48:00.685  Info            One Minute Candle scrips count: 0
07:Feb:2023 13:48:00.685  Info            One Minute Candle scrips count: 0
07:Feb:2023 13:48:00.685  Info            One Minute Candle scrips count: 0
07:Feb:2023 13:48:00.685  Info            One Minute Candle scrips count: 0
07:Feb:2023 13:48:00.685  Info            One Minute Candle scrips count: 0
07:Feb:2023 13:48:00.685  Info            One Minute Candle scrips count: 0
07:Feb:2023 13:48:00.685  Info            One Minute Candle scrips count: 0
07:Feb:2023 13:48:00.685  Info            One Minute Candle scrips count: 0
07:Feb:2023 13:48:00.685  Info            One Minute Candle scrips count: 0
07:Feb:2023 13:49:02.044  Info            One Minute Candle update called
07:Feb:2023 13:49:02.044  Info            One Minute Candle scrips count: 3
07:Feb:2023 13:49:02.044  Info            1675777739|1996.65|1997.45|1993.55|1993.55|2100321|0
07:Feb:2023 13:49:02.045  Info            1675777739|2310.6|2310.7|2309.95|2310.15|4432168|0
07:Feb:2023 13:49:02.045  Info            1675777739|3484.5|3484.6|3482.05|3483.75|849255|0
07:Feb:2023 13:49:02.045  Info            One Minute event published
07:Feb:2023 13:49:02.045  Info            One Minute Candle scrips count: 0
07:Feb:2023 13:49:02.045  Info            One Minute Candle scrips count: 0
07:Feb:2023 13:49:02.045  Info            One Minute Candle scrips count: 0
07:Feb:2023 13:49:02.045  Info            One Minute Candle scrips count: 0
07:Feb:2023 13:49:02.045  Info            One Minute Candle scrips count: 0
07:Feb:2023 13:49:02.045  Info            One Minute Candle scrips count: 0
07:Feb:2023 13:49:02.045  Info            One Minute Candle scrips count: 0
07:Feb:2023 13:49:02.045  Info            One Minute Candle scrips count: 0
07:Feb:2023 13:49:02.045  Info            One Minute Candle scrips count: 0
07:Feb:2023 13:50:00.825  Info            One Minute Candle update called
07:Feb:2023 13:50:00.825  Info            One Minute Candle scrips count: 3
07:Feb:2023 13:50:00.826  Info            1675777799|1993.55|1993.55|1990.15|1992|2103290|0
07:Feb:2023 13:50:00.826  Info            1675777799|2310.15|2310.95|2309|2309|4446096|0
07:Feb:2023 13:50:00.826  Info            1675777799|3483.75|3484.2|3481.25|3483.25|853802|0
07:Feb:2023 13:50:00.826  Info            One Minute event published
07:Feb:2023 13:50:00.826  Info            One Minute Candle scrips count: 0
07:Feb:2023 13:50:00.826  Info            One Minute Candle scrips count: 0
07:Feb:2023 13:50:00.826  Info            One Minute Candle scrips count: 0
07:Feb:2023 13:50:00.826  Info            One Minute Candle scrips count: 0
07:Feb:2023 13:50:00.826  Info            One Minute Candle scrips count: 0
07:Feb:2023 13:50:00.826  Info            One Minute Candle scrips count: 0
07:Feb:2023 13:50:00.826  Info            One Minute Candle scrips count: 0
07:Feb:2023 13:50:00.826  Info            One Minute Candle scrips count: 0
07:Feb:2023 13:50:00.826  Info            One Minute Candle scrips count: 0
07:Feb:2023 13:51:01.138  Info            One Minute Candle update called
07:Feb:2023 13:51:01.138  Info            One Minute Candle scrips count: 3
07:Feb:2023 13:51:01.138  Info            1675777859|1992|1994.7|1991.35|1991.35|2106781|0
07:Feb:2023 13:51:01.139  Info            1675777859|2309|2309.7|2308.05|2308.05|4454176|0
07:Feb:2023 13:51:01.139  Info            1675777859|3483.25|3483.95|3482.5|3482.5|856299|0
07:Feb:2023 13:51:01.139  Info            One Minute event published
07:Feb:2023 13:51:01.139  Info            One Minute Candle scrips count: 0
07:Feb:2023 13:51:01.139  Info            One Minute Candle scrips count: 0
07:Feb:2023 13:51:01.139  Info            One Minute Candle scrips count: 0
07:Feb:2023 13:51:01.139  Info            One Minute Candle scrips count: 0
07:Feb:2023 13:51:01.139  Info            One Minute Candle scrips count: 0
07:Feb:2023 13:51:01.139  Info            One Minute Candle scrips count: 0
07:Feb:2023 13:51:01.139  Info            One Minute Candle scrips count: 0
07:Feb:2023 13:51:01.139  Info            One Minute Candle scrips count: 0
07:Feb:2023 13:51:01.139  Info            One Minute Candle scrips count: 0
07:Feb:2023 13:52:00.387  Info            One Minute Candle update called
07:Feb:2023 13:52:00.387  Info            One Minute Candle scrips count: 3
07:Feb:2023 13:52:00.390  Info            1675777919|1991.5|1992.55|1988.15|1990.75|2112991|0
07:Feb:2023 13:52:00.390  Info            1675777919|2308.5|2309.85|2307.95|2309.45|4481829|0
07:Feb:2023 13:52:00.391  Info            1675777919|3482.05|3483|3480.1|3480.1|860296|0
07:Feb:2023 13:52:00.391  Info            One Minute event published
07:Feb:2023 13:52:00.391  Info            One Minute Candle scrips count: 0
07:Feb:2023 13:52:00.391  Info            One Minute Candle scrips count: 0
07:Feb:2023 13:52:00.391  Info            One Minute Candle scrips count: 0
07:Feb:2023 13:52:00.391  Info            One Minute Candle scrips count: 0
07:Feb:2023 13:52:00.391  Info            One Minute Candle scrips count: 0
07:Feb:2023 13:52:00.391  Info            One Minute Candle scrips count: 0
07:Feb:2023 13:52:00.391  Info            One Minute Candle scrips count: 0
07:Feb:2023 13:52:00.391  Info            One Minute Candle scrips count: 0
07:Feb:2023 13:52:00.391  Info            One Minute Candle scrips count: 0
07:Feb:2023 13:53:00.655  Info            One Minute Candle update called
07:Feb:2023 13:53:00.655  Info            One Minute Candle scrips count: 3
07:Feb:2023 13:53:00.655  Info            1675777979|1990.75|1993.75|1990|1993|2115425|0
07:Feb:2023 13:53:00.655  Info            1675777979|2309.25|2309.45|2308.45|2309.45|4494226|0
07:Feb:2023 13:53:00.656  Info            1675777979|3480.1|3481.9|3480.1|3480.95|863094|0
07:Feb:2023 13:53:00.656  Info            One Minute event published
07:Feb:2023 13:53:00.656  Info            One Minute Candle scrips count: 0
07:Feb:2023 13:53:00.656  Info            One Minute Candle scrips count: 0
07:Feb:2023 13:53:00.656  Info            One Minute Candle scrips count: 0
07:Feb:2023 13:53:00.656  Info            One Minute Candle scrips count: 0
07:Feb:2023 13:53:00.656  Info            One Minute Candle scrips count: 0
07:Feb:2023 13:53:00.656  Info            One Minute Candle scrips count: 0
07:Feb:2023 13:53:00.656  Info            One Minute Candle scrips count: 0
07:Feb:2023 13:53:00.656  Info            One Minute Candle scrips count: 0
07:Feb:2023 13:53:00.656  Info            One Minute Candle scrips count: 0
07:Feb:2023 13:54:01.012  Info            One Minute Candle update called
07:Feb:2023 13:54:01.012  Info            One Minute Candle scrips count: 3
07:Feb:2023 13:54:01.012  Info            1675778039|1992.75|2000.05|1992.75|1995.65|2120139|0
07:Feb:2023 13:54:01.014  Info            1675778039|2309.6|2310.95|2309.15|2309.15|4511722|0
07:Feb:2023 13:54:01.015  Info            1675778039|3480.95|3481|3480.8|3481|866638|0
07:Feb:2023 13:54:01.015  Info            One Minute event published
07:Feb:2023 13:54:01.015  Info            One Minute Candle scrips count: 0
07:Feb:2023 13:54:01.015  Info            One Minute Candle scrips count: 0
07:Feb:2023 13:54:01.015  Info            One Minute Candle scrips count: 0
07:Feb:2023 13:54:01.015  Info            One Minute Candle scrips count: 0
07:Feb:2023 13:54:01.015  Info            One Minute Candle scrips count: 0
07:Feb:2023 13:54:01.015  Info            One Minute Candle scrips count: 0
07:Feb:2023 13:54:01.015  Info            One Minute Candle scrips count: 0
07:Feb:2023 13:54:01.015  Info            One Minute Candle scrips count: 0
07:Feb:2023 13:54:01.015  Info            One Minute Candle scrips count: 0
07:Feb:2023 13:55:00.250  Info            One Minute Candle update called
07:Feb:2023 13:55:00.250  Info            One Minute Candle scrips count: 3
07:Feb:2023 13:55:00.251  Info            1675778099|1996.65|2002.95|1996.65|2001.95|2122378|0
07:Feb:2023 13:55:00.251  Info            1675778099|2309.3|2310.15|2308.95|2309.6|4522512|0
07:Feb:2023 13:55:00.251  Info            1675778099|3481|3482.35|3480.95|3481.3|869997|0
07:Feb:2023 13:55:00.251  Info            One Minute event published
07:Feb:2023 13:55:00.251  Info            One Minute Candle scrips count: 0
07:Feb:2023 13:55:00.251  Info            One Minute Candle scrips count: 0
07:Feb:2023 13:55:00.251  Info            One Minute Candle scrips count: 0
07:Feb:2023 13:55:00.251  Info            One Minute Candle scrips count: 0
07:Feb:2023 13:55:00.251  Info            One Minute Candle scrips count: 0
07:Feb:2023 13:55:00.251  Info            One Minute Candle scrips count: 0
07:Feb:2023 13:55:00.251  Info            One Minute Candle scrips count: 0
07:Feb:2023 13:55:00.251  Info            One Minute Candle scrips count: 0
07:Feb:2023 13:55:00.251  Info            One Minute Candle scrips count: 0
07:Feb:2023 13:56:00.263  Info            One Minute Candle update called
07:Feb:2023 13:56:00.263  Info            One Minute Candle scrips count: 3
07:Feb:2023 13:56:00.263  Info            1675778159|2002.95|2002.95|1993.55|1998.25|2126640|0
07:Feb:2023 13:56:00.263  Info            1675778159|2309.15|2309.65|2308.55|2308.55|4532657|0
07:Feb:2023 13:56:00.264  Info            1675778159|3481.25|3481.5|3477.65|3480.75|876193|0
07:Feb:2023 13:56:00.264  Info            One Minute event published
07:Feb:2023 13:56:00.264  Info            One Minute Candle scrips count: 0
07:Feb:2023 13:56:00.264  Info            One Minute Candle scrips count: 0
07:Feb:2023 13:56:00.264  Info            One Minute Candle scrips count: 0
07:Feb:2023 13:56:00.264  Info            One Minute Candle scrips count: 0
07:Feb:2023 13:56:00.264  Info            One Minute Candle scrips count: 0
07:Feb:2023 13:56:00.264  Info            One Minute Candle scrips count: 0
07:Feb:2023 13:56:00.264  Info            One Minute Candle scrips count: 0
07:Feb:2023 13:56:00.264  Info            One Minute Candle scrips count: 0
07:Feb:2023 13:56:00.264  Info            One Minute Candle scrips count: 0
07:Feb:2023 13:57:00.559  Info            One Minute Candle update called
07:Feb:2023 13:57:00.559  Info            One Minute Candle scrips count: 3
07:Feb:2023 13:57:00.559  Info            1675778219|2000|2000.1|1996.35|1996.35|2130775|0
07:Feb:2023 13:57:00.559  Info            1675778219|2308.9|2309.6|2306.95|2307.45|4553589|0
07:Feb:2023 13:57:00.560  Info            1675778219|3481.25|3481.75|3480.4|3481|878618|0
07:Feb:2023 13:57:00.560  Info            One Minute event published
07:Feb:2023 13:57:00.560  Info            One Minute Candle scrips count: 0
07:Feb:2023 13:57:00.560  Info            One Minute Candle scrips count: 0
07:Feb:2023 13:57:00.560  Info            One Minute Candle scrips count: 0
07:Feb:2023 13:57:00.560  Info            One Minute Candle scrips count: 0
07:Feb:2023 13:57:00.560  Info            One Minute Candle scrips count: 0
07:Feb:2023 13:57:00.560  Info            One Minute Candle scrips count: 0
07:Feb:2023 13:57:00.560  Info            One Minute Candle scrips count: 0
07:Feb:2023 13:57:00.560  Info            One Minute Candle scrips count: 0
07:Feb:2023 13:57:00.560  Info            One Minute Candle scrips count: 0
07:Feb:2023 13:58:00.840  Info            One Minute Candle update called
07:Feb:2023 13:58:00.840  Info            One Minute Candle scrips count: 3
07:Feb:2023 13:58:00.841  Info            1675778279|1996.4|1999.1|1994.75|1995.8|2132235|0
07:Feb:2023 13:58:00.841  Info            1675778279|2307.2|2307.6|2306.75|2306.95|4571762|0
07:Feb:2023 13:58:00.841  Info            1675778279|3481|3481|3480.75|3480.8|881272|0
07:Feb:2023 13:58:00.841  Info            One Minute event published
07:Feb:2023 13:58:00.841  Info            One Minute Candle scrips count: 0
07:Feb:2023 13:58:00.841  Info            One Minute Candle scrips count: 0
07:Feb:2023 13:58:00.841  Info            One Minute Candle scrips count: 0
07:Feb:2023 13:58:00.841  Info            One Minute Candle scrips count: 0
07:Feb:2023 13:58:00.841  Info            One Minute Candle scrips count: 0
07:Feb:2023 13:58:00.841  Info            One Minute Candle scrips count: 0
07:Feb:2023 13:58:00.841  Info            One Minute Candle scrips count: 0
07:Feb:2023 13:58:00.841  Info            One Minute Candle scrips count: 0
07:Feb:2023 13:58:00.841  Info            One Minute Candle scrips count: 0
07:Feb:2023 13:59:00.356  Info            One Minute Candle update called
07:Feb:2023 13:59:00.356  Info            One Minute Candle scrips count: 3
07:Feb:2023 13:59:00.356  Info            1675778339|1994.6|1996.7|1992.65|1996.4|2134373|0
07:Feb:2023 13:59:00.356  Info            1675778339|2306.95|2308|2306.6|2307.3|4585766|0
07:Feb:2023 13:59:00.357  Info            1675778339|3480.8|3481|3480.75|3481|883985|0
07:Feb:2023 13:59:00.357  Info            One Minute event published
07:Feb:2023 13:59:00.357  Info            One Minute Candle scrips count: 0
07:Feb:2023 13:59:00.357  Info            One Minute Candle scrips count: 0
07:Feb:2023 13:59:00.357  Info            One Minute Candle scrips count: 0
07:Feb:2023 13:59:00.357  Info            One Minute Candle scrips count: 0
07:Feb:2023 13:59:00.357  Info            One Minute Candle scrips count: 0
07:Feb:2023 13:59:00.357  Info            One Minute Candle scrips count: 0
07:Feb:2023 13:59:00.357  Info            One Minute Candle scrips count: 0
07:Feb:2023 13:59:00.357  Info            One Minute Candle scrips count: 0
07:Feb:2023 13:59:00.357  Info            One Minute Candle scrips count: 0
07:Feb:2023 14:00:00.855  Info            One Minute Candle update called
07:Feb:2023 14:00:00.855  Info            One Minute Candle scrips count: 3
07:Feb:2023 14:00:00.855  Info            1675778399|1996.4|1996.4|1990.8|1991.45|2136404|0
07:Feb:2023 14:00:00.856  Info            1675778399|2307.3|2307.9|2306.6|2306.6|4596323|0
07:Feb:2023 14:00:00.856  Info            1675778399|3481.6|3482.95|3480.9|3482|888049|0
07:Feb:2023 14:00:00.856  Info            One Minute event published
07:Feb:2023 14:00:00.856  Info            One Minute Candle scrips count: 0
07:Feb:2023 14:00:00.856  Info            One Minute Candle scrips count: 0
07:Feb:2023 14:00:00.856  Info            One Minute Candle scrips count: 0
07:Feb:2023 14:00:00.856  Info            One Minute Candle scrips count: 0
07:Feb:2023 14:00:00.856  Info            One Minute Candle scrips count: 0
07:Feb:2023 14:00:00.856  Info            One Minute Candle scrips count: 0
07:Feb:2023 14:00:00.856  Info            One Minute Candle scrips count: 0
07:Feb:2023 14:00:00.856  Info            One Minute Candle scrips count: 0
07:Feb:2023 14:00:00.856  Info            One Minute Candle scrips count: 0
07:Feb:2023 14:01:00.247  Info            One Minute Candle update called
07:Feb:2023 14:01:00.247  Info            One Minute Candle scrips count: 3
07:Feb:2023 14:01:00.247  Info            1675778459|1991.45|1995.25|1989.95|1995|2139678|0
07:Feb:2023 14:01:00.248  Info            1675778459|2306.6|2307.75|2306.1|2306.4|4609114|0
07:Feb:2023 14:01:00.248  Info            1675778459|3482.85|3482.9|3479.95|3482.9|893186|0
07:Feb:2023 14:01:00.248  Info            One Minute event published
07:Feb:2023 14:01:00.248  Info            One Minute Candle scrips count: 0
07:Feb:2023 14:01:00.248  Info            One Minute Candle scrips count: 0
07:Feb:2023 14:01:00.248  Info            One Minute Candle scrips count: 0
07:Feb:2023 14:01:00.248  Info            One Minute Candle scrips count: 0
07:Feb:2023 14:01:00.248  Info            One Minute Candle scrips count: 0
07:Feb:2023 14:01:00.248  Info            One Minute Candle scrips count: 0
07:Feb:2023 14:01:00.248  Info            One Minute Candle scrips count: 0
07:Feb:2023 14:01:00.248  Info            One Minute Candle scrips count: 0
07:Feb:2023 14:01:00.249  Info            One Minute Candle scrips count: 0
07:Feb:2023 14:02:03.091  Info            One Minute Candle update called
07:Feb:2023 14:02:03.091  Info            One Minute Candle scrips count: 3
07:Feb:2023 14:02:03.091  Info            1675778519|1994.9|1995.95|1991.3|1994|2142283|0
07:Feb:2023 14:02:03.091  Info            1675778519|2306.4|2307.1|2306.35|2307.1|4618126|0
07:Feb:2023 14:02:03.092  Info            1675778519|3482.95|3483|3482.75|3482.85|897752|0
07:Feb:2023 14:02:03.092  Info            One Minute event published
07:Feb:2023 14:02:03.092  Info            One Minute Candle scrips count: 0
07:Feb:2023 14:02:03.092  Info            One Minute Candle scrips count: 0
07:Feb:2023 14:02:03.092  Info            One Minute Candle scrips count: 0
07:Feb:2023 14:02:03.092  Info            One Minute Candle scrips count: 0
07:Feb:2023 14:02:03.092  Info            One Minute Candle scrips count: 0
07:Feb:2023 14:02:03.092  Info            One Minute Candle scrips count: 0
07:Feb:2023 14:02:03.092  Info            One Minute Candle scrips count: 0
07:Feb:2023 14:02:03.092  Info            One Minute Candle scrips count: 0
07:Feb:2023 14:02:03.092  Info            One Minute Candle scrips count: 0
07:Feb:2023 14:03:00.403  Info            One Minute Candle update called
07:Feb:2023 14:03:00.403  Info            One Minute Candle scrips count: 3
07:Feb:2023 14:03:00.403  Info            1675778579|1994|1995|1992.45|1995|2144406|0
07:Feb:2023 14:03:00.403  Info            1675778579|2307.1|2308.1|2307|2307.85|4634391|0
07:Feb:2023 14:03:00.404  Info            1675778579|3482.85|3483.95|3482|3482|900275|0
07:Feb:2023 14:03:00.404  Info            One Minute event published
07:Feb:2023 14:03:00.404  Info            One Minute Candle scrips count: 0
07:Feb:2023 14:03:00.404  Info            One Minute Candle scrips count: 0
07:Feb:2023 14:03:00.404  Info            One Minute Candle scrips count: 0
07:Feb:2023 14:03:00.404  Info            One Minute Candle scrips count: 0
07:Feb:2023 14:03:00.404  Info            One Minute Candle scrips count: 0
07:Feb:2023 14:03:00.404  Info            One Minute Candle scrips count: 0
07:Feb:2023 14:03:00.404  Info            One Minute Candle scrips count: 0
07:Feb:2023 14:03:00.404  Info            One Minute Candle scrips count: 0
07:Feb:2023 14:03:00.404  Info            One Minute Candle scrips count: 0
07:Feb:2023 14:04:00.809  Info            One Minute Candle update called
07:Feb:2023 14:04:00.809  Info            One Minute Candle scrips count: 3
07:Feb:2023 14:04:00.809  Info            1675778639|1994.5|1995.65|1994.2|1995.65|2144933|0
07:Feb:2023 14:04:00.809  Info            1675778639|2307.85|2308.45|2306.7|2307.7|4656723|0
07:Feb:2023 14:04:00.810  Info            1675778639|3482|3483.1|3482|3482.65|902347|0
07:Feb:2023 14:04:00.810  Info            One Minute event published
07:Feb:2023 14:04:00.810  Info            One Minute Candle scrips count: 0
07:Feb:2023 14:04:00.810  Info            One Minute Candle scrips count: 0
07:Feb:2023 14:04:00.810  Info            One Minute Candle scrips count: 0
07:Feb:2023 14:04:00.810  Info            One Minute Candle scrips count: 0
07:Feb:2023 14:04:00.810  Info            One Minute Candle scrips count: 0
07:Feb:2023 14:04:00.810  Info            One Minute Candle scrips count: 0
07:Feb:2023 14:04:00.810  Info            One Minute Candle scrips count: 0
07:Feb:2023 14:04:00.810  Info            One Minute Candle scrips count: 0
07:Feb:2023 14:04:00.810  Info            One Minute Candle scrips count: 0
07:Feb:2023 14:05:01.138  Info            One Minute Candle update called
07:Feb:2023 14:05:01.138  Info            One Minute Candle scrips count: 3
07:Feb:2023 14:05:01.138  Info            1675778699|1995.65|1996.6|1995|1996.6|2147563|0
07:Feb:2023 14:05:01.138  Info            1675778699|2307.7|2309|2307.7|2309|4684219|0
07:Feb:2023 14:05:01.139  Info            1675778699|3482.7|3488|3482.7|3485.7|913835|0
07:Feb:2023 14:05:01.139  Info            One Minute event published
07:Feb:2023 14:05:01.139  Info            One Minute Candle scrips count: 0
07:Feb:2023 14:05:01.139  Info            One Minute Candle scrips count: 0
07:Feb:2023 14:05:01.139  Info            One Minute Candle scrips count: 0
07:Feb:2023 14:05:01.139  Info            One Minute Candle scrips count: 0
07:Feb:2023 14:05:01.139  Info            One Minute Candle scrips count: 0
07:Feb:2023 14:05:01.139  Info            One Minute Candle scrips count: 0
07:Feb:2023 14:05:01.139  Info            One Minute Candle scrips count: 0
07:Feb:2023 14:05:01.139  Info            One Minute Candle scrips count: 0
07:Feb:2023 14:05:01.139  Info            One Minute Candle scrips count: 0
07:Feb:2023 14:06:00.465  Info            One Minute Candle update called
07:Feb:2023 14:06:00.465  Info            One Minute Candle scrips count: 3
07:Feb:2023 14:06:00.465  Info            1675778759|1996.6|1999|1996.6|1998.9|2149110|0
07:Feb:2023 14:06:00.465  Info            1675778759|2309|2309.4|2308.4|2309.4|4702263|0
07:Feb:2023 14:06:00.466  Info            1675778759|3487.3|3488|3485.75|3487.85|917404|0
07:Feb:2023 14:06:00.466  Info            One Minute event published
07:Feb:2023 14:06:00.466  Info            One Minute Candle scrips count: 0
07:Feb:2023 14:06:00.466  Info            One Minute Candle scrips count: 0
07:Feb:2023 14:06:00.466  Info            One Minute Candle scrips count: 0
07:Feb:2023 14:06:00.466  Info            One Minute Candle scrips count: 0
07:Feb:2023 14:06:00.466  Info            One Minute Candle scrips count: 0
07:Feb:2023 14:06:00.466  Info            One Minute Candle scrips count: 0
07:Feb:2023 14:06:00.466  Info            One Minute Candle scrips count: 0
07:Feb:2023 14:06:00.466  Info            One Minute Candle scrips count: 0
07:Feb:2023 14:06:00.466  Info            One Minute Candle scrips count: 0
07:Feb:2023 14:07:00.840  Info            One Minute Candle update called
07:Feb:2023 14:07:00.840  Info            One Minute Candle scrips count: 3
07:Feb:2023 14:07:00.840  Info            1675778819|1998.15|1998.55|1993|1993.1|2150078|0
07:Feb:2023 14:07:00.841  Info            1675778819|2309.35|2309.95|2307.9|2308.5|4732914|0
07:Feb:2023 14:07:00.841  Info            1675778819|3487.95|3488|3484.75|3487.5|923165|0
07:Feb:2023 14:07:00.841  Info            One Minute event published
07:Feb:2023 14:07:00.841  Info            One Minute Candle scrips count: 0
07:Feb:2023 14:07:00.841  Info            One Minute Candle scrips count: 0
07:Feb:2023 14:07:00.841  Info            One Minute Candle scrips count: 0
07:Feb:2023 14:07:00.841  Info            One Minute Candle scrips count: 0
07:Feb:2023 14:07:00.841  Info            One Minute Candle scrips count: 0
07:Feb:2023 14:07:00.841  Info            One Minute Candle scrips count: 0
07:Feb:2023 14:07:00.841  Info            One Minute Candle scrips count: 0
07:Feb:2023 14:07:00.841  Info            One Minute Candle scrips count: 0
07:Feb:2023 14:07:00.841  Info            One Minute Candle scrips count: 0
07:Feb:2023 14:08:00.138  Info            One Minute Candle update called
07:Feb:2023 14:08:00.138  Info            One Minute Candle scrips count: 3
07:Feb:2023 14:08:00.139  Info            1675778879|1992.9|1999|1992.9|1996.65|2152136|0
07:Feb:2023 14:08:00.139  Info            1675778879|2308.55|2308.95|2308|2308.15|4748805|0
07:Feb:2023 14:08:00.139  Info            1675778879|3487.5|3488|3486.75|3487.95|927227|0
07:Feb:2023 14:08:00.139  Info            One Minute event published
07:Feb:2023 14:08:00.139  Info            One Minute Candle scrips count: 0
07:Feb:2023 14:08:00.139  Info            One Minute Candle scrips count: 0
07:Feb:2023 14:08:00.139  Info            One Minute Candle scrips count: 0
07:Feb:2023 14:08:00.139  Info            One Minute Candle scrips count: 0
07:Feb:2023 14:08:00.139  Info            One Minute Candle scrips count: 0
07:Feb:2023 14:08:00.139  Info            One Minute Candle scrips count: 0
07:Feb:2023 14:08:00.139  Info            One Minute Candle scrips count: 0
07:Feb:2023 14:08:00.139  Info            One Minute Candle scrips count: 0
07:Feb:2023 14:08:00.139  Info            One Minute Candle scrips count: 0
07:Feb:2023 14:09:00.547  Info            One Minute Candle update called
07:Feb:2023 14:09:00.547  Info            One Minute Candle scrips count: 3
07:Feb:2023 14:09:00.547  Info            1675778939|1996.65|1997.9|1996|1997|2153384|0
07:Feb:2023 14:09:00.547  Info            1675778939|2308.7|2308.7|2307.45|2308|4759044|0
07:Feb:2023 14:09:00.548  Info            1675778939|3487.95|3488.95|3487.6|3488.65|930457|0
07:Feb:2023 14:09:00.548  Info            One Minute event published
07:Feb:2023 14:09:00.548  Info            One Minute Candle scrips count: 0
07:Feb:2023 14:09:00.548  Info            One Minute Candle scrips count: 0
07:Feb:2023 14:09:00.548  Info            One Minute Candle scrips count: 0
07:Feb:2023 14:09:00.548  Info            One Minute Candle scrips count: 0
07:Feb:2023 14:09:00.548  Info            One Minute Candle scrips count: 0
07:Feb:2023 14:09:00.548  Info            One Minute Candle scrips count: 0
07:Feb:2023 14:09:00.548  Info            One Minute Candle scrips count: 0
07:Feb:2023 14:09:00.548  Info            One Minute Candle scrips count: 0
07:Feb:2023 14:09:00.548  Info            One Minute Candle scrips count: 0
07:Feb:2023 14:10:01.657  Info            One Minute Candle update called
07:Feb:2023 14:10:01.657  Info            One Minute Candle scrips count: 3
07:Feb:2023 14:10:01.657  Info            1675778999|1997|1997.85|1993.8|1995|2155480|0
07:Feb:2023 14:10:01.658  Info            1675778999|2308.2|2308.2|2307.7|2307.85|4765630|0
07:Feb:2023 14:10:01.658  Info            1675778999|3488.55|3489|3488.55|3488.7|933988|0
07:Feb:2023 14:10:01.658  Info            One Minute event published
07:Feb:2023 14:10:01.658  Info            One Minute Candle scrips count: 0
07:Feb:2023 14:10:01.658  Info            One Minute Candle scrips count: 0
07:Feb:2023 14:10:01.658  Info            One Minute Candle scrips count: 0
07:Feb:2023 14:10:01.658  Info            One Minute Candle scrips count: 0
07:Feb:2023 14:10:01.658  Info            One Minute Candle scrips count: 0
07:Feb:2023 14:10:01.658  Info            One Minute Candle scrips count: 0
07:Feb:2023 14:10:01.658  Info            One Minute Candle scrips count: 0
07:Feb:2023 14:10:01.658  Info            One Minute Candle scrips count: 0
07:Feb:2023 14:10:01.658  Info            One Minute Candle scrips count: 0
07:Feb:2023 14:11:00.966  Info            One Minute Candle update called
07:Feb:2023 14:11:00.966  Info            One Minute Candle scrips count: 3
07:Feb:2023 14:11:00.966  Info            1675779059|1993.85|1998.6|1993.45|1997.45|2157090|0
07:Feb:2023 14:11:00.967  Info            1675779059|2307.85|2308|2307.65|2307.8|4773701|0
07:Feb:2023 14:11:00.967  Info            1675779059|3488.7|3488.95|3488.6|3488.8|936326|0
07:Feb:2023 14:11:00.967  Info            One Minute event published
07:Feb:2023 14:11:00.967  Info            One Minute Candle scrips count: 0
07:Feb:2023 14:11:00.967  Info            One Minute Candle scrips count: 0
07:Feb:2023 14:11:00.967  Info            One Minute Candle scrips count: 0
07:Feb:2023 14:11:00.967  Info            One Minute Candle scrips count: 0
07:Feb:2023 14:11:00.967  Info            One Minute Candle scrips count: 0
07:Feb:2023 14:11:00.967  Info            One Minute Candle scrips count: 0
07:Feb:2023 14:11:00.967  Info            One Minute Candle scrips count: 0
07:Feb:2023 14:11:00.967  Info            One Minute Candle scrips count: 0
07:Feb:2023 14:11:00.967  Info            One Minute Candle scrips count: 0
07:Feb:2023 14:12:00.715  Info            One Minute Candle update called
07:Feb:2023 14:12:00.715  Info            One Minute Candle scrips count: 3
07:Feb:2023 14:12:00.715  Info            1675779119|1998.65|1998.65|1995.3|1995.9|2158171|0
07:Feb:2023 14:12:00.716  Info            1675779119|2307.8|2308.5|2307.8|2308.2|4780375|0
07:Feb:2023 14:12:00.716  Info            1675779119|3488.8|3489|3488.75|3488.9|939041|0
07:Feb:2023 14:12:00.716  Info            One Minute event published
07:Feb:2023 14:12:00.716  Info            One Minute Candle scrips count: 0
07:Feb:2023 14:12:00.716  Info            One Minute Candle scrips count: 0
07:Feb:2023 14:12:00.716  Info            One Minute Candle scrips count: 0
07:Feb:2023 14:12:00.716  Info            One Minute Candle scrips count: 0
07:Feb:2023 14:12:00.716  Info            One Minute Candle scrips count: 0
07:Feb:2023 14:12:00.716  Info            One Minute Candle scrips count: 0
07:Feb:2023 14:12:00.716  Info            One Minute Candle scrips count: 0
07:Feb:2023 14:12:00.716  Info            One Minute Candle scrips count: 0
07:Feb:2023 14:12:00.716  Info            One Minute Candle scrips count: 0
07:Feb:2023 14:13:00.168  Info            One Minute Candle update called
07:Feb:2023 14:13:00.168  Info            One Minute Candle scrips count: 3
07:Feb:2023 14:13:00.168  Info            1675779179|1994.65|1995.7|1994.1|1994.95|2158759|0
07:Feb:2023 14:13:00.168  Info            1675779179|2308.15|2308.6|2308.15|2308.35|4788822|0
07:Feb:2023 14:13:00.169  Info            1675779179|3488.95|3489.9|3486.1|3489.8|946537|0
07:Feb:2023 14:13:00.169  Info            One Minute event published
07:Feb:2023 14:13:00.169  Info            One Minute Candle scrips count: 0
07:Feb:2023 14:13:00.169  Info            One Minute Candle scrips count: 0
07:Feb:2023 14:13:00.169  Info            One Minute Candle scrips count: 0
07:Feb:2023 14:13:00.169  Info            One Minute Candle scrips count: 0
07:Feb:2023 14:13:00.169  Info            One Minute Candle scrips count: 0
07:Feb:2023 14:13:00.169  Info            One Minute Candle scrips count: 0
07:Feb:2023 14:13:00.169  Info            One Minute Candle scrips count: 0
07:Feb:2023 14:13:00.169  Info            One Minute Candle scrips count: 0
07:Feb:2023 14:13:00.169  Info            One Minute Candle scrips count: 0
07:Feb:2023 14:14:00.497  Info            One Minute Candle update called
07:Feb:2023 14:14:00.497  Info            One Minute Candle scrips count: 3
07:Feb:2023 14:14:00.497  Info            1675779239|1994.9|1994.9|1993.05|1993.7|2159883|0
07:Feb:2023 14:14:00.497  Info            1675779239|2308.55|2308.9|2308.3|2308.55|4795096|0
07:Feb:2023 14:14:00.498  Info            1675779239|3489.8|3490|3489.4|3489.55|951884|0
07:Feb:2023 14:14:00.498  Info            One Minute event published
07:Feb:2023 14:14:00.498  Info            One Minute Candle scrips count: 0
07:Feb:2023 14:14:00.498  Info            One Minute Candle scrips count: 0
07:Feb:2023 14:14:00.498  Info            One Minute Candle scrips count: 0
07:Feb:2023 14:14:00.498  Info            One Minute Candle scrips count: 0
07:Feb:2023 14:14:00.498  Info            One Minute Candle scrips count: 0
07:Feb:2023 14:14:00.498  Info            One Minute Candle scrips count: 0
07:Feb:2023 14:14:00.498  Info            One Minute Candle scrips count: 0
07:Feb:2023 14:14:00.498  Info            One Minute Candle scrips count: 0
07:Feb:2023 14:14:00.498  Info            One Minute Candle scrips count: 0
07:Feb:2023 14:14:15.332  Info            REST REQUEST RECEIVED : ID:817 Type:6003, Data:{"ExchangeSegment":1,"ExchangeInstrumentId":11536,"StartTime":1675692855,"EndTime":1675952055,"CompressionValue":60}
07:Feb:2023 14:14:15.583  Info            REST REQUEST RECEIVED : ID:818 Type:6003, Data:{"ExchangeSegment":1,"ExchangeInstrumentId":11536,"StartTime":1675758915,"EndTime":1675760115,"CompressionValue":60}
07:Feb:2023 14:14:15.744  Info            REST REQUEST RECEIVED : ID:819 Type:6003, Data:{"ExchangeSegment":1,"ExchangeInstrumentId":11536,"StartTime":1675757715,"EndTime":1675758915,"CompressionValue":60}
07:Feb:2023 14:14:15.910  Info            REST REQUEST RECEIVED : ID:820 Type:6003, Data:{"ExchangeSegment":1,"ExchangeInstrumentId":11536,"StartTime":1675756515,"EndTime":1675757715,"CompressionValue":60}
07:Feb:2023 14:14:16.114  Info            REST REQUEST RECEIVED : ID:821 Type:6003, Data:{"ExchangeSegment":1,"ExchangeInstrumentId":11536,"StartTime":1675755315,"EndTime":1675756515,"CompressionValue":60}
07:Feb:2023 14:14:16.319  Info            REST REQUEST RECEIVED : ID:822 Type:6003, Data:{"ExchangeSegment":1,"ExchangeInstrumentId":11536,"StartTime":1675754115,"EndTime":1675755315,"CompressionValue":60}
07:Feb:2023 14:14:16.529  Info            REST REQUEST RECEIVED : ID:823 Type:6003, Data:{"ExchangeSegment":1,"ExchangeInstrumentId":11536,"StartTime":1675752915,"EndTime":1675754115,"CompressionValue":60}
07:Feb:2023 14:14:16.691  Info            REST REQUEST RECEIVED : ID:824 Type:6003, Data:{"ExchangeSegment":1,"ExchangeInstrumentId":11536,"StartTime":1675751715,"EndTime":1675752915,"CompressionValue":60}
07:Feb:2023 14:14:16.853  Info            REST REQUEST RECEIVED : ID:825 Type:6003, Data:{"ExchangeSegment":1,"ExchangeInstrumentId":11536,"StartTime":1675750515,"EndTime":1675751715,"CompressionValue":60}
07:Feb:2023 14:14:17.013  Info            REST REQUEST RECEIVED : ID:826 Type:6003, Data:{"ExchangeSegment":1,"ExchangeInstrumentId":11536,"StartTime":1675749315,"EndTime":1675750515,"CompressionValue":60}
07:Feb:2023 14:14:17.174  Info            REST REQUEST RECEIVED : ID:827 Type:6003, Data:{"ExchangeSegment":1,"ExchangeInstrumentId":11536,"StartTime":1675748115,"EndTime":1675749315,"CompressionValue":60}
07:Feb:2023 14:14:17.332  Info            REST REQUEST RECEIVED : ID:828 Type:6003, Data:{"ExchangeSegment":1,"ExchangeInstrumentId":11536,"StartTime":1675746915,"EndTime":1675748115,"CompressionValue":60}
07:Feb:2023 14:14:17.496  Info            REST REQUEST RECEIVED : ID:829 Type:6003, Data:{"ExchangeSegment":1,"ExchangeInstrumentId":11536,"StartTime":1675745715,"EndTime":1675746915,"CompressionValue":60}
07:Feb:2023 14:14:17.658  Info            REST REQUEST RECEIVED : ID:830 Type:6003, Data:{"ExchangeSegment":1,"ExchangeInstrumentId":11536,"StartTime":1675744515,"EndTime":1675745715,"CompressionValue":60}
07:Feb:2023 14:14:20.826  Info            REST REQUEST RECEIVED : ID:831 Type:6003, Data:{"ExchangeSegment":1,"ExchangeInstrumentId":11536,"StartTime":1675743315,"EndTime":1675744515,"CompressionValue":60}
07:Feb:2023 14:14:20.990  Info            REST REQUEST RECEIVED : ID:832 Type:6003, Data:{"ExchangeSegment":1,"ExchangeInstrumentId":11536,"StartTime":1675742115,"EndTime":1675743315,"CompressionValue":60}
07:Feb:2023 14:14:30.170  Info            REST REQUEST RECEIVED : ID:833 Type:6003, Data:{"ExchangeSegment":1,"ExchangeInstrumentId":11536,"StartTime":1675740915,"EndTime":1675742115,"CompressionValue":60}
07:Feb:2023 14:14:30.325  Info            REST REQUEST RECEIVED : ID:834 Type:6003, Data:{"ExchangeSegment":1,"ExchangeInstrumentId":11536,"StartTime":1675739715,"EndTime":1675740915,"CompressionValue":60}
07:Feb:2023 14:14:30.483  Info            REST REQUEST RECEIVED : ID:835 Type:6003, Data:{"ExchangeSegment":1,"ExchangeInstrumentId":11536,"StartTime":1675738515,"EndTime":1675739715,"CompressionValue":60}
07:Feb:2023 14:14:30.659  Info            REST REQUEST RECEIVED : ID:836 Type:6003, Data:{"ExchangeSegment":1,"ExchangeInstrumentId":11536,"StartTime":1675737315,"EndTime":1675738515,"CompressionValue":60}
07:Feb:2023 14:14:30.837  Info            REST REQUEST RECEIVED : ID:837 Type:6003, Data:{"ExchangeSegment":1,"ExchangeInstrumentId":11536,"StartTime":1675736115,"EndTime":1675737315,"CompressionValue":60}
07:Feb:2023 14:14:30.994  Info            REST REQUEST RECEIVED : ID:838 Type:6003, Data:{"ExchangeSegment":1,"ExchangeInstrumentId":11536,"StartTime":1675734915,"EndTime":1675736115,"CompressionValue":60}
07:Feb:2023 14:14:31.454  Info            REST REQUEST RECEIVED : ID:839 Type:6003, Data:{"ExchangeSegment":1,"ExchangeInstrumentId":11536,"StartTime":1675733715,"EndTime":1675734915,"CompressionValue":60}
07:Feb:2023 14:14:31.612  Info            REST REQUEST RECEIVED : ID:840 Type:6003, Data:{"ExchangeSegment":1,"ExchangeInstrumentId":11536,"StartTime":1675732515,"EndTime":1675733715,"CompressionValue":60}
07:Feb:2023 14:14:31.781  Info            REST REQUEST RECEIVED : ID:841 Type:6003, Data:{"ExchangeSegment":1,"ExchangeInstrumentId":11536,"StartTime":1675731315,"EndTime":1675732515,"CompressionValue":60}
07:Feb:2023 14:14:31.963  Info            REST REQUEST RECEIVED : ID:842 Type:6003, Data:{"ExchangeSegment":1,"ExchangeInstrumentId":11536,"StartTime":1675730115,"EndTime":1675731315,"CompressionValue":60}
07:Feb:2023 14:14:32.137  Info            REST REQUEST RECEIVED : ID:843 Type:6003, Data:{"ExchangeSegment":1,"ExchangeInstrumentId":11536,"StartTime":1675728915,"EndTime":1675730115,"CompressionValue":60}
07:Feb:2023 14:14:32.300  Info            REST REQUEST RECEIVED : ID:844 Type:6003, Data:{"ExchangeSegment":1,"ExchangeInstrumentId":11536,"StartTime":1675727715,"EndTime":1675728915,"CompressionValue":60}
07:Feb:2023 14:14:32.466  Info            REST REQUEST RECEIVED : ID:845 Type:6003, Data:{"ExchangeSegment":1,"ExchangeInstrumentId":11536,"StartTime":1675726515,"EndTime":1675727715,"CompressionValue":60}
07:Feb:2023 14:14:32.633  Info            REST REQUEST RECEIVED : ID:846 Type:6003, Data:{"ExchangeSegment":1,"ExchangeInstrumentId":11536,"StartTime":1675725315,"EndTime":1675726515,"CompressionValue":60}
07:Feb:2023 14:14:32.801  Info            REST REQUEST RECEIVED : ID:847 Type:6003, Data:{"ExchangeSegment":1,"ExchangeInstrumentId":11536,"StartTime":1675724115,"EndTime":1675725315,"CompressionValue":60}
07:Feb:2023 14:14:33.006  Info            REST REQUEST RECEIVED : ID:848 Type:6003, Data:{"ExchangeSegment":1,"ExchangeInstrumentId":11536,"StartTime":1675722915,"EndTime":1675724115,"CompressionValue":60}
07:Feb:2023 14:14:33.176  Info            REST REQUEST RECEIVED : ID:849 Type:6003, Data:{"ExchangeSegment":1,"ExchangeInstrumentId":11536,"StartTime":1675721715,"EndTime":1675722915,"CompressionValue":60}
07:Feb:2023 14:14:33.333  Info            REST REQUEST RECEIVED : ID:850 Type:6003, Data:{"ExchangeSegment":1,"ExchangeInstrumentId":11536,"StartTime":1675720515,"EndTime":1675721715,"CompressionValue":60}
07:Feb:2023 14:14:33.513  Info            REST REQUEST RECEIVED : ID:851 Type:6003, Data:{"ExchangeSegment":1,"ExchangeInstrumentId":11536,"StartTime":1675719315,"EndTime":1675720515,"CompressionValue":60}
07:Feb:2023 14:14:33.684  Info            REST REQUEST RECEIVED : ID:852 Type:6003, Data:{"ExchangeSegment":1,"ExchangeInstrumentId":11536,"StartTime":1675718115,"EndTime":1675719315,"CompressionValue":60}
07:Feb:2023 14:14:33.844  Info            REST REQUEST RECEIVED : ID:853 Type:6003, Data:{"ExchangeSegment":1,"ExchangeInstrumentId":11536,"StartTime":1675716915,"EndTime":1675718115,"CompressionValue":60}
07:Feb:2023 14:14:34.003  Info            REST REQUEST RECEIVED : ID:854 Type:6003, Data:{"ExchangeSegment":1,"ExchangeInstrumentId":11536,"StartTime":1675715715,"EndTime":1675716915,"CompressionValue":60}
07:Feb:2023 14:14:34.183  Info            REST REQUEST RECEIVED : ID:855 Type:6003, Data:{"ExchangeSegment":1,"ExchangeInstrumentId":11536,"StartTime":1675714515,"EndTime":1675715715,"CompressionValue":60}
07:Feb:2023 14:14:34.344  Info            REST REQUEST RECEIVED : ID:856 Type:6003, Data:{"ExchangeSegment":1,"ExchangeInstrumentId":11536,"StartTime":1675713315,"EndTime":1675714515,"CompressionValue":60}
07:Feb:2023 14:14:34.501  Info            REST REQUEST RECEIVED : ID:857 Type:6003, Data:{"ExchangeSegment":1,"ExchangeInstrumentId":11536,"StartTime":1675712115,"EndTime":1675713315,"CompressionValue":60}
07:Feb:2023 14:14:34.663  Info            REST REQUEST RECEIVED : ID:858 Type:6003, Data:{"ExchangeSegment":1,"ExchangeInstrumentId":11536,"StartTime":1675710915,"EndTime":1675712115,"CompressionValue":60}
07:Feb:2023 14:14:34.822  Info            REST REQUEST RECEIVED : ID:859 Type:6003, Data:{"ExchangeSegment":1,"ExchangeInstrumentId":11536,"StartTime":1675709715,"EndTime":1675710915,"CompressionValue":60}
07:Feb:2023 14:14:34.981  Info            REST REQUEST RECEIVED : ID:860 Type:6003, Data:{"ExchangeSegment":1,"ExchangeInstrumentId":11536,"StartTime":1675708515,"EndTime":1675709715,"CompressionValue":60}
07:Feb:2023 14:14:35.144  Info            REST REQUEST RECEIVED : ID:861 Type:6003, Data:{"ExchangeSegment":1,"ExchangeInstrumentId":11536,"StartTime":1675707315,"EndTime":1675708515,"CompressionValue":60}
07:Feb:2023 14:14:35.301  Info            REST REQUEST RECEIVED : ID:862 Type:6003, Data:{"ExchangeSegment":1,"ExchangeInstrumentId":11536,"StartTime":1675706115,"EndTime":1675707315,"CompressionValue":60}
07:Feb:2023 14:14:35.471  Info            REST REQUEST RECEIVED : ID:863 Type:6003, Data:{"ExchangeSegment":1,"ExchangeInstrumentId":11536,"StartTime":1675704915,"EndTime":1675706115,"CompressionValue":60}
07:Feb:2023 14:14:37.856  Info            REST REQUEST RECEIVED : ID:864 Type:6003, Data:{"ExchangeSegment":1,"ExchangeInstrumentId":11536,"StartTime":1675703715,"EndTime":1675704915,"CompressionValue":60}
07:Feb:2023 14:14:38.209  Info            REST REQUEST RECEIVED : ID:865 Type:6003, Data:{"ExchangeSegment":1,"ExchangeInstrumentId":11536,"StartTime":1675702515,"EndTime":1675703715,"CompressionValue":60}
07:Feb:2023 14:14:38.563  Info            REST REQUEST RECEIVED : ID:866 Type:6003, Data:{"ExchangeSegment":1,"ExchangeInstrumentId":11536,"StartTime":1675701315,"EndTime":1675702515,"CompressionValue":60}
07:Feb:2023 14:14:38.909  Info            REST REQUEST RECEIVED : ID:867 Type:6003, Data:{"ExchangeSegment":1,"ExchangeInstrumentId":11536,"StartTime":1675700115,"EndTime":1675701315,"CompressionValue":60}
07:Feb:2023 14:14:50.794  Info            REST REQUEST RECEIVED : ID:868 Type:6003, Data:{"ExchangeSegment":1,"ExchangeInstrumentId":11536,"StartTime":1675692890,"EndTime":1675952090,"CompressionValue":60}
07:Feb:2023 14:14:51.196  Info            REST REQUEST RECEIVED : ID:869 Type:6003, Data:{"ExchangeSegment":1,"ExchangeInstrumentId":11536,"StartTime":1675758950,"EndTime":1675760150,"CompressionValue":60}
07:Feb:2023 14:14:51.560  Info            REST REQUEST RECEIVED : ID:870 Type:6003, Data:{"ExchangeSegment":1,"ExchangeInstrumentId":11536,"StartTime":1675757750,"EndTime":1675758950,"CompressionValue":60}
07:Feb:2023 14:14:51.893  Info            REST REQUEST RECEIVED : ID:871 Type:6003, Data:{"ExchangeSegment":1,"ExchangeInstrumentId":11536,"StartTime":1675756550,"EndTime":1675757750,"CompressionValue":60}
07:Feb:2023 14:14:52.242  Info            REST REQUEST RECEIVED : ID:872 Type:6003, Data:{"ExchangeSegment":1,"ExchangeInstrumentId":11536,"StartTime":1675755350,"EndTime":1675756550,"CompressionValue":60}
07:Feb:2023 14:14:52.615  Info            REST REQUEST RECEIVED : ID:873 Type:6003, Data:{"ExchangeSegment":1,"ExchangeInstrumentId":11536,"StartTime":1675754150,"EndTime":1675755350,"CompressionValue":60}
07:Feb:2023 14:14:53.037  Info            REST REQUEST RECEIVED : ID:874 Type:6003, Data:{"ExchangeSegment":1,"ExchangeInstrumentId":11536,"StartTime":1675752950,"EndTime":1675754150,"CompressionValue":60}
07:Feb:2023 14:14:53.374  Info            REST REQUEST RECEIVED : ID:875 Type:6003, Data:{"ExchangeSegment":1,"ExchangeInstrumentId":11536,"StartTime":1675751750,"EndTime":1675752950,"CompressionValue":60}
07:Feb:2023 14:14:53.701  Info            REST REQUEST RECEIVED : ID:876 Type:6003, Data:{"ExchangeSegment":1,"ExchangeInstrumentId":11536,"StartTime":1675750550,"EndTime":1675751750,"CompressionValue":60}
07:Feb:2023 14:14:54.006  Info            REST REQUEST RECEIVED : ID:877 Type:6003, Data:{"ExchangeSegment":1,"ExchangeInstrumentId":11536,"StartTime":1675749350,"EndTime":1675750550,"CompressionValue":60}
07:Feb:2023 14:14:54.313  Info            REST REQUEST RECEIVED : ID:878 Type:6003, Data:{"ExchangeSegment":1,"ExchangeInstrumentId":11536,"StartTime":1675748150,"EndTime":1675749350,"CompressionValue":60}
07:Feb:2023 14:14:54.648  Info            REST REQUEST RECEIVED : ID:879 Type:6003, Data:{"ExchangeSegment":1,"ExchangeInstrumentId":11536,"StartTime":1675746950,"EndTime":1675748150,"CompressionValue":60}
07:Feb:2023 14:14:54.989  Info            REST REQUEST RECEIVED : ID:880 Type:6003, Data:{"ExchangeSegment":1,"ExchangeInstrumentId":11536,"StartTime":1675745750,"EndTime":1675746950,"CompressionValue":60}
07:Feb:2023 14:14:55.348  Info            REST REQUEST RECEIVED : ID:881 Type:6003, Data:{"ExchangeSegment":1,"ExchangeInstrumentId":11536,"StartTime":1675744550,"EndTime":1675745750,"CompressionValue":60}
07:Feb:2023 14:14:55.712  Info            REST REQUEST RECEIVED : ID:882 Type:6003, Data:{"ExchangeSegment":1,"ExchangeInstrumentId":11536,"StartTime":1675743350,"EndTime":1675744550,"CompressionValue":60}
07:Feb:2023 14:14:56.105  Info            REST REQUEST RECEIVED : ID:883 Type:6003, Data:{"ExchangeSegment":1,"ExchangeInstrumentId":11536,"StartTime":1675742150,"EndTime":1675743350,"CompressionValue":60}
07:Feb:2023 14:14:56.471  Info            REST REQUEST RECEIVED : ID:884 Type:6003, Data:{"ExchangeSegment":1,"ExchangeInstrumentId":11536,"StartTime":1675740950,"EndTime":1675742150,"CompressionValue":60}
07:Feb:2023 14:14:56.844  Info            REST REQUEST RECEIVED : ID:885 Type:6003, Data:{"ExchangeSegment":1,"ExchangeInstrumentId":11536,"StartTime":1675739750,"EndTime":1675740950,"CompressionValue":60}
07:Feb:2023 14:14:57.208  Info            REST REQUEST RECEIVED : ID:886 Type:6003, Data:{"ExchangeSegment":1,"ExchangeInstrumentId":11536,"StartTime":1675738550,"EndTime":1675739750,"CompressionValue":60}
07:Feb:2023 14:14:57.567  Info            REST REQUEST RECEIVED : ID:887 Type:6003, Data:{"ExchangeSegment":1,"ExchangeInstrumentId":11536,"StartTime":1675737350,"EndTime":1675738550,"CompressionValue":60}
07:Feb:2023 14:14:57.927  Info            REST REQUEST RECEIVED : ID:888 Type:6003, Data:{"ExchangeSegment":1,"ExchangeInstrumentId":11536,"StartTime":1675736150,"EndTime":1675737350,"CompressionValue":60}
07:Feb:2023 14:14:58.303  Info            REST REQUEST RECEIVED : ID:889 Type:6003, Data:{"ExchangeSegment":1,"ExchangeInstrumentId":11536,"StartTime":1675734950,"EndTime":1675736150,"CompressionValue":60}
07:Feb:2023 14:15:00.794  Info            One Minute Candle update called
07:Feb:2023 14:15:00.794  Info            One Minute Candle scrips count: 3
07:Feb:2023 14:15:00.797  Info            1675779299|1993.05|1993.05|1991.25|1992.2|2161453|0
07:Feb:2023 14:15:00.797  Info            1675779299|2308.6|2308.8|2308.4|2308.7|4801663|0
07:Feb:2023 14:15:00.798  Info            1675779299|3489.65|3489.85|3488.05|3489.85|954183|0
07:Feb:2023 14:15:00.798  Info            One Minute event published
07:Feb:2023 14:15:00.798  Info            One Minute Candle scrips count: 0
07:Feb:2023 14:15:00.798  Info            One Minute Candle scrips count: 0
07:Feb:2023 14:15:00.798  Info            One Minute Candle scrips count: 0
07:Feb:2023 14:15:00.798  Info            One Minute Candle scrips count: 0
07:Feb:2023 14:15:00.798  Info            One Minute Candle scrips count: 0
07:Feb:2023 14:15:00.798  Info            One Minute Candle scrips count: 0
07:Feb:2023 14:15:00.798  Info            One Minute Candle scrips count: 0
07:Feb:2023 14:15:00.798  Info            One Minute Candle scrips count: 0
07:Feb:2023 14:15:00.798  Info            One Minute Candle scrips count: 0
07:Feb:2023 14:15:01.662  Info            REST REQUEST RECEIVED : ID:890 Type:6003, Data:{"ExchangeSegment":1,"ExchangeInstrumentId":11536,"StartTime":1675733750,"EndTime":1675734950,"CompressionValue":60}
07:Feb:2023 14:15:01.999  Info            REST REQUEST RECEIVED : ID:891 Type:6003, Data:{"ExchangeSegment":1,"ExchangeInstrumentId":11536,"StartTime":1675732550,"EndTime":1675733750,"CompressionValue":60}
07:Feb:2023 14:15:02.318  Info            REST REQUEST RECEIVED : ID:892 Type:6003, Data:{"ExchangeSegment":1,"ExchangeInstrumentId":11536,"StartTime":1675731350,"EndTime":1675732550,"CompressionValue":60}
07:Feb:2023 14:15:02.646  Info            REST REQUEST RECEIVED : ID:893 Type:6003, Data:{"ExchangeSegment":1,"ExchangeInstrumentId":11536,"StartTime":1675730150,"EndTime":1675731350,"CompressionValue":60}
07:Feb:2023 14:15:02.985  Info            REST REQUEST RECEIVED : ID:894 Type:6003, Data:{"ExchangeSegment":1,"ExchangeInstrumentId":11536,"StartTime":1675728950,"EndTime":1675730150,"CompressionValue":60}
07:Feb:2023 14:15:03.400  Info            REST REQUEST RECEIVED : ID:895 Type:6003, Data:{"ExchangeSegment":1,"ExchangeInstrumentId":11536,"StartTime":1675727750,"EndTime":1675728950,"CompressionValue":60}
07:Feb:2023 14:15:06.747  Info            REST REQUEST RECEIVED : ID:896 Type:6003, Data:{"ExchangeSegment":1,"ExchangeInstrumentId":11536,"StartTime":1675726550,"EndTime":1675727750,"CompressionValue":60}
07:Feb:2023 14:15:07.116  Info            REST REQUEST RECEIVED : ID:897 Type:6003, Data:{"ExchangeSegment":1,"ExchangeInstrumentId":11536,"StartTime":1675725350,"EndTime":1675726550,"CompressionValue":60}
07:Feb:2023 14:15:07.486  Info            REST REQUEST RECEIVED : ID:898 Type:6003, Data:{"ExchangeSegment":1,"ExchangeInstrumentId":11536,"StartTime":1675724150,"EndTime":1675725350,"CompressionValue":60}
07:Feb:2023 14:15:07.849  Info            REST REQUEST RECEIVED : ID:899 Type:6003, Data:{"ExchangeSegment":1,"ExchangeInstrumentId":11536,"StartTime":1675722950,"EndTime":1675724150,"CompressionValue":60}
07:Feb:2023 14:15:08.179  Info            REST REQUEST RECEIVED : ID:900 Type:6003, Data:{"ExchangeSegment":1,"ExchangeInstrumentId":11536,"StartTime":1675721750,"EndTime":1675722950,"CompressionValue":60}
07:Feb:2023 14:15:08.506  Info            REST REQUEST RECEIVED : ID:901 Type:6003, Data:{"ExchangeSegment":1,"ExchangeInstrumentId":11536,"StartTime":1675720550,"EndTime":1675721750,"CompressionValue":60}
07:Feb:2023 14:15:08.843  Info            REST REQUEST RECEIVED : ID:902 Type:6003, Data:{"ExchangeSegment":1,"ExchangeInstrumentId":11536,"StartTime":1675719350,"EndTime":1675720550,"CompressionValue":60}
07:Feb:2023 14:15:09.181  Info            REST REQUEST RECEIVED : ID:903 Type:6003, Data:{"ExchangeSegment":1,"ExchangeInstrumentId":11536,"StartTime":1675718150,"EndTime":1675719350,"CompressionValue":60}
07:Feb:2023 14:15:09.532  Info            REST REQUEST RECEIVED : ID:904 Type:6003, Data:{"ExchangeSegment":1,"ExchangeInstrumentId":11536,"StartTime":1675716950,"EndTime":1675718150,"CompressionValue":60}
07:Feb:2023 14:15:09.878  Info            REST REQUEST RECEIVED : ID:905 Type:6003, Data:{"ExchangeSegment":1,"ExchangeInstrumentId":11536,"StartTime":1675715750,"EndTime":1675716950,"CompressionValue":60}
07:Feb:2023 14:15:10.247  Info            REST REQUEST RECEIVED : ID:906 Type:6003, Data:{"ExchangeSegment":1,"ExchangeInstrumentId":11536,"StartTime":1675714550,"EndTime":1675715750,"CompressionValue":60}
07:Feb:2023 14:15:10.565  Info            REST REQUEST RECEIVED : ID:907 Type:6003, Data:{"ExchangeSegment":1,"ExchangeInstrumentId":11536,"StartTime":1675713350,"EndTime":1675714550,"CompressionValue":60}
07:Feb:2023 14:15:10.905  Info            REST REQUEST RECEIVED : ID:908 Type:6003, Data:{"ExchangeSegment":1,"ExchangeInstrumentId":11536,"StartTime":1675712150,"EndTime":1675713350,"CompressionValue":60}
07:Feb:2023 14:15:11.252  Info            REST REQUEST RECEIVED : ID:909 Type:6003, Data:{"ExchangeSegment":1,"ExchangeInstrumentId":11536,"StartTime":1675710950,"EndTime":1675712150,"CompressionValue":60}
07:Feb:2023 14:15:11.615  Info            REST REQUEST RECEIVED : ID:910 Type:6003, Data:{"ExchangeSegment":1,"ExchangeInstrumentId":11536,"StartTime":1675709750,"EndTime":1675710950,"CompressionValue":60}
07:Feb:2023 14:15:11.963  Info            REST REQUEST RECEIVED : ID:911 Type:6003, Data:{"ExchangeSegment":1,"ExchangeInstrumentId":11536,"StartTime":1675708550,"EndTime":1675709750,"CompressionValue":60}
07:Feb:2023 14:15:12.324  Info            REST REQUEST RECEIVED : ID:912 Type:6003, Data:{"ExchangeSegment":1,"ExchangeInstrumentId":11536,"StartTime":1675707350,"EndTime":1675708550,"CompressionValue":60}
07:Feb:2023 14:15:12.678  Info            REST REQUEST RECEIVED : ID:913 Type:6003, Data:{"ExchangeSegment":1,"ExchangeInstrumentId":11536,"StartTime":1675706150,"EndTime":1675707350,"CompressionValue":60}
07:Feb:2023 14:15:13.052  Info            REST REQUEST RECEIVED : ID:914 Type:6003, Data:{"ExchangeSegment":1,"ExchangeInstrumentId":11536,"StartTime":1675704950,"EndTime":1675706150,"CompressionValue":60}
07:Feb:2023 14:15:13.412  Info            REST REQUEST RECEIVED : ID:915 Type:6003, Data:{"ExchangeSegment":1,"ExchangeInstrumentId":11536,"StartTime":1675703750,"EndTime":1675704950,"CompressionValue":60}
07:Feb:2023 14:15:13.763  Info            REST REQUEST RECEIVED : ID:916 Type:6003, Data:{"ExchangeSegment":1,"ExchangeInstrumentId":11536,"StartTime":1675702550,"EndTime":1675703750,"CompressionValue":60}
07:Feb:2023 14:15:17.050  Info            REST REQUEST RECEIVED : ID:917 Type:6003, Data:{"ExchangeSegment":1,"ExchangeInstrumentId":11536,"StartTime":1675701350,"EndTime":1675702550,"CompressionValue":60}
07:Feb:2023 14:15:20.424  Info            REST REQUEST RECEIVED : ID:918 Type:6003, Data:{"ExchangeSegment":1,"ExchangeInstrumentId":11536,"StartTime":1675700150,"EndTime":1675701350,"CompressionValue":60}
07:Feb:2023 14:15:25.700  Info            REST REQUEST RECEIVED : ID:1 Type:9855, Data:{"Instruments":[{"exchangeSegment":1,"exchangeInstrumentID":22}]}
07:Feb:2023 14:16:00.155  Info            One Minute Candle update called
07:Feb:2023 14:16:00.155  Info            One Minute Candle scrips count: 3
07:Feb:2023 14:16:00.157  Info            1675779359|1992.2|1994.75|1992|1994.75|2162097|0
07:Feb:2023 14:16:00.158  Info            1675779359|2308.6|2309.5|2307.75|2307.8|4821381|0
07:Feb:2023 14:16:00.160  Info            1675779359|3489.85|3489.9|3489|3489.75|957051|0
07:Feb:2023 14:16:00.160  Info            One Minute event published
07:Feb:2023 14:16:00.160  Info            One Minute Candle scrips count: 0
07:Feb:2023 14:16:00.160  Info            One Minute Candle scrips count: 0
07:Feb:2023 14:16:00.160  Info            One Minute Candle scrips count: 0
07:Feb:2023 14:16:00.160  Info            One Minute Candle scrips count: 0
07:Feb:2023 14:16:00.160  Info            One Minute Candle scrips count: 0
07:Feb:2023 14:16:00.160  Info            One Minute Candle scrips count: 0
07:Feb:2023 14:16:00.160  Info            One Minute Candle scrips count: 0
07:Feb:2023 14:16:00.160  Info            One Minute Candle scrips count: 0
07:Feb:2023 14:16:00.160  Info            One Minute Candle scrips count: 0
07:Feb:2023 14:17:00.387  Info            One Minute Candle update called
07:Feb:2023 14:17:00.387  Info            One Minute Candle scrips count: 3
07:Feb:2023 14:17:00.387  Info            1675779419|1994.25|1996|1994.2|1994.8|2163899|0
07:Feb:2023 14:17:00.387  Info            1675779419|2307.8|2308.45|2307.35|2307.35|4836142|0
07:Feb:2023 14:17:00.388  Info            1675779419|3489.55|3489.9|3489|3489.6|959035|0
07:Feb:2023 14:17:00.388  Info            One Minute event published
07:Feb:2023 14:17:00.388  Info            One Minute Candle scrips count: 0
07:Feb:2023 14:17:00.388  Info            One Minute Candle scrips count: 0
07:Feb:2023 14:17:00.388  Info            One Minute Candle scrips count: 0
07:Feb:2023 14:17:00.388  Info            One Minute Candle scrips count: 0
07:Feb:2023 14:17:00.388  Info            One Minute Candle scrips count: 0
07:Feb:2023 14:17:00.388  Info            One Minute Candle scrips count: 0
07:Feb:2023 14:17:00.388  Info            One Minute Candle scrips count: 0
07:Feb:2023 14:17:00.388  Info            One Minute Candle scrips count: 0
07:Feb:2023 14:17:00.388  Info            One Minute Candle scrips count: 0
07:Feb:2023 14:18:00.184  Info            One Minute Candle update called
07:Feb:2023 14:18:00.184  Info            One Minute Candle scrips count: 3
07:Feb:2023 14:18:00.184  Info            1675779479|1994.25|1994.25|1993|1994|2167101|0
07:Feb:2023 14:18:00.185  Info            1675779479|2307.35|2309|2307.35|2308.15|4847532|0
07:Feb:2023 14:18:00.185  Info            1675779479|3489.6|3492|3489.6|3491.75|969655|0
07:Feb:2023 14:18:00.185  Info            One Minute event published
07:Feb:2023 14:18:00.185  Info            One Minute Candle scrips count: 0
07:Feb:2023 14:18:00.188  Info            One Minute Candle scrips count: 0
07:Feb:2023 14:18:00.188  Info            One Minute Candle scrips count: 0
07:Feb:2023 14:18:00.188  Info            One Minute Candle scrips count: 0
07:Feb:2023 14:18:00.188  Info            One Minute Candle scrips count: 0
07:Feb:2023 14:18:00.188  Info            One Minute Candle scrips count: 0
07:Feb:2023 14:18:00.188  Info            One Minute Candle scrips count: 0
07:Feb:2023 14:18:00.188  Info            One Minute Candle scrips count: 0
07:Feb:2023 14:18:00.188  Info            One Minute Candle scrips count: 0
07:Feb:2023 14:19:00.201  Info            One Minute Candle update called
07:Feb:2023 14:19:00.201  Info            One Minute Candle scrips count: 3
07:Feb:2023 14:19:00.202  Info            1675779539|1993|1996.7|1993|1995|2172667|0
07:Feb:2023 14:19:00.202  Info            1675779539|2308.25|2308.55|2307.85|2308.45|4857601|0
07:Feb:2023 14:19:00.202  Info            1675779539|3491.8|3492.8|3491.7|3492.75|973110|0
07:Feb:2023 14:19:00.202  Info            One Minute event published
07:Feb:2023 14:19:00.202  Info            One Minute Candle scrips count: 0
07:Feb:2023 14:19:00.202  Info            One Minute Candle scrips count: 0
07:Feb:2023 14:19:00.202  Info            One Minute Candle scrips count: 0
07:Feb:2023 14:19:00.202  Info            One Minute Candle scrips count: 0
07:Feb:2023 14:19:00.202  Info            One Minute Candle scrips count: 0
07:Feb:2023 14:19:00.202  Info            One Minute Candle scrips count: 0
07:Feb:2023 14:19:00.202  Info            One Minute Candle scrips count: 0
07:Feb:2023 14:19:00.202  Info            One Minute Candle scrips count: 0
07:Feb:2023 14:19:00.202  Info            One Minute Candle scrips count: 0
07:Feb:2023 14:20:00.716  Info            One Minute Candle update called
07:Feb:2023 14:20:00.716  Info            One Minute Candle scrips count: 3
07:Feb:2023 14:20:00.716  Info            1675779599|1994.55|1994.55|1991.25|1991.25|2173195|0
07:Feb:2023 14:20:00.717  Info            1675779599|2308.45|2308.45|2307.95|2308.45|4869466|0
07:Feb:2023 14:20:00.717  Info            1675779599|3492.8|3493|3490.05|3492|979331|0
07:Feb:2023 14:20:00.717  Info            One Minute event published
07:Feb:2023 14:20:00.717  Info            One Minute Candle scrips count: 0
07:Feb:2023 14:20:00.717  Info            One Minute Candle scrips count: 0
07:Feb:2023 14:20:00.717  Info            One Minute Candle scrips count: 0
07:Feb:2023 14:20:00.717  Info            One Minute Candle scrips count: 0
07:Feb:2023 14:20:00.717  Info            One Minute Candle scrips count: 0
07:Feb:2023 14:20:00.717  Info            One Minute Candle scrips count: 0
07:Feb:2023 14:20:00.717  Info            One Minute Candle scrips count: 0
07:Feb:2023 14:20:00.717  Info            One Minute Candle scrips count: 0
07:Feb:2023 14:20:00.717  Info            One Minute Candle scrips count: 0
07:Feb:2023 14:21:00.044  Info            One Minute Candle update called
07:Feb:2023 14:21:00.045  Info            One Minute Candle scrips count: 3
07:Feb:2023 14:21:00.045  Info            1675779659|1991.25|1995.45|1991.25|1994.4|2174396|0
07:Feb:2023 14:21:00.046  Info            1675779659|2308.45|2309.95|2308.45|2309.85|4888911|0
07:Feb:2023 14:21:00.046  Info            1675779659|3491.15|3492.95|3490.25|3492.95|983381|0
07:Feb:2023 14:21:00.046  Info            One Minute event published
07:Feb:2023 14:21:00.046  Info            One Minute Candle scrips count: 0
07:Feb:2023 14:21:00.046  Info            One Minute Candle scrips count: 0
07:Feb:2023 14:21:00.046  Info            One Minute Candle scrips count: 0
07:Feb:2023 14:21:00.046  Info            One Minute Candle scrips count: 0
07:Feb:2023 14:21:00.046  Info            One Minute Candle scrips count: 0
07:Feb:2023 14:21:00.046  Info            One Minute Candle scrips count: 0
07:Feb:2023 14:21:00.046  Info            One Minute Candle scrips count: 0
07:Feb:2023 14:21:00.046  Info            One Minute Candle scrips count: 0
07:Feb:2023 14:21:00.046  Info            One Minute Candle scrips count: 0
